DL3JAN;S07
DL6RAI;U08
DL3DTH;S07
DD5M;C01
DM3PKK;B14
DJ5MO;I43
DK9OY;H32
DL2RTJ;X36
DM2I;V14
DL6AG;S44
DL4ME;X30
DL5YL;Y21
DM4MN;R03
DJ0SP;N53
DL9ZP;V14
DL4HRM;W35
DK1EY;R09
DL2F;F07
DF1LX;M15
DF4ZL;F16
DL7UGN;Y22
DK3YD;C12
DL3AZ;F71
DL9GCG;P03
DK3DUA;S05
DF9MV;C07
DL8MAS;T19
DL5ARM;X33
DK5SF;Z46
DL1HAA;N22
DL5IAH;K09
DL1SAN;P14
DL2RUG;Y09
DL8HK;Q11
DL8UIL;Y24
DL4DZ;O04
DK2FG;N05
DL1MAJ;C25
DQ0A;O02
DL1QW;N06
DL1AMH;W29
DL4AC;H21
DL1AKP;X19
DL1ARJ;X28
DF3IR;K14
DM750FOR;Y27
DL6DSA;S06
DF7DJ;O47
DJ3CS;X04
DF5LW;M03
DF3OL;H24
DL3FBB;F54
DJ1SL;H48
DL1ALN;X06
DL2SBA;P02
DL8UBR;Y33
DL0YLV;YLV
DD5A;V10
DK2GZ;A36
DL6NBB;B26
DM6WAN;S54
DL0ARN;X10
DL3YEI;O05
DL2ROM;Y34
DL7VOG;D26
DL9LM;V14
DK6TV;T07
DL5AOJ;X34
DJ2FR;C06
DL3TU;P12
DK0LH;55LG
DL9MWG;W10
DL2NBY;B26
DF4PD;G23
DK2TC;G08
DF7OA;H01
DL50MER;25W2
DJ3AX;X17
DL3HXS;W22
DL4XU;E02
DJ1MM;C15
DL1AKL;X28
DL5OAB;G20
DL5BAW;I53
DL9MFY;C12
DL1RTS;Y07
DL6DH;O39
DL6NBS;B05
DL9SCO;P14
DF6RI;U15
DL2JAA;S48
DJ2SX;V23
DM3RCK;Y42
DL2ROA;Z94
DK5DC;DVO
DL7VMM;D25
DL5CD;S60
DL2FCA;F32
DD5KG;C18
DF8UO;A17
DF1PY;K01
DK4LX;F06
DL4HBF;G40
DM3DL;S02
DK0WK;50X3
DL8FCK;F49
DL6UM;X20
DL3HTF;W26
DL2GBB;A01
DL5JAB;S53
DL0GEO;L03
DK5CM;N41
DK5KF;G03
DL3XM;S41
DM0R;Y24
DL4AAE;P51
DL2AXM;X40
DJ3XA;V01
DL5CX;V07
DK1TX;A05
DL3BCU;I16
DL1HSI;W33
DF1RL;M35
DL2AOM;X40
DL5CC;V07
DL8OAY;H55
DL8L;K06
DK4SC;P05
DM2ORI;X10
DL6MTA;W03
DL2AWW;X09
DL9NO;B18
DL3ZID;V14
DK9MH;C18
DK3PM;V02
DL1DTF;S27
DJ1OJ;C25
DL2DTJ;S13
DL6PO;K09
DL9KWW;V08
DM3YBN;S35
DL8UNO;Y27
DM3RB;V20
DL1FMG;F52
DL7UEB;Y14
DF4XG;E33
DF7GG;V11
DL4FDI;Z54
DJ6PC;O03
DJ5TT;C25
DL5JRA;S56
DL7YAD;N12
DL9GMC;V06
DK5ZX;V22
DJ7IK;F39
DK7AC;H46
DL2NY;N16
DL9SUD;V14
DL5HF;Z27
DK0NO;B11
DL2RNF;Y35
DL3RDM;U08
DL5GAC;P09
DL7VHP;Y34
DL3AKM;X40
DL6NWA;X17
DL1JHW;S53
DJ6OL;H55
DF0WSB;R33
DJ3NJ;B19
DJ5QE;N20
DL6UOF;Y30
DJ1KW;U13
DO2AMS;Y43
DL5LWM;Z88
DL1SYL;V18
DL7VAI;D27
DM2BM;V20
DG8KAD;G14
DH8MS;R01
DJ6FO;K01
DL9GWA;V04
DJ6UP;G06
DF1SD;P42
DL6FBK;F29
DF7DR;P37
DL1YEN;N43
DL6UAM;Y24
DG3BCZ;I25
DL1NEK;B39
DK2VM;Q18
DK9PY;K04
DL5AWI;X11
DF3VM;Q05
DL6KVA;V01
DL5WW;V22
DL1BUG;Y18
DJ9DZ;N06
DJ9AO;X22
DL1ASA;F02
DL4WA;X28
DL0SLG;S50
DL1DTL;S01
DJ2BC;V22
DL2OM;K32
DL8CA;L23
DL3ASM;G18
DL3VZL;S07
DL4CF;F71
DL1VDL;S06
DJ8EW;C25
DL3AMI;X04
DL6JF;S01
DK7VW;Q10
DL5YAS;N34
DL9JON;S65
DK1AX;P61
DL5ASK;X29
DD2CW;T02
DL6UHA;Y27
DL8SCG;P01
DK1FT;P06
DM5EE;H46
DJ1YF;E03
DL1EKO;R11
DL1AXI;X04
DD7NT;S06
DF8AA;X37
DK4PL;S05
DL6UNF;Y27
DJ2IA;F43
DL1SVA;V04
DL5RDO;U01
DL7JOM;Y07
DK7ZT;F15
DF7OGO;H55
DL3TC;X22
DK5AD;H14
DK0SU;P11
DK4QT;N01
DK3AX;B18
DL2RUM;Y07
DF9DH;O05
DG0KS;V02
DL7LX;D07
DL7CX;S62
DJ8QA;P61
DJ8RS;V06
DL1LQL;S41
DJ4OQ;K21
DL6CT;Y18
DL0PE;JUPE
DF1MM;I18
DL8DYL;S01
DL6MHW;W37
DK5DQ;O32
DL9ABM;H07
DL5FU;Z91
DL1DAW;O47
DL2LRT;S36
DF2F;L06
DL1DSW;S04
DL1NEO;B36
DK5AX;H20
DL9NBJ;B19
DL8DWW;S04
DL1DQW;S04
DA3T;S22
DL7UXG;D21
DL6KWN;V07
DL5JAN;S53
DL1DXA;S07
DK3WM;F73
DL7YS;D06
DL6UD;Y28
DR3R;Y14
DL7DZ;I11
DL1MHJ;C12
DL3MVC;G04
DJ9SN;C01
DL4FDM;F02
DK0ED;CM14
DL1OD;H24
DL9SUB;V14
DJ4MH;I38
DL5MAR;R14
DK2YL;Q05
DD2EG;S04
DL3EBX;R09
DL6ON;Z84
DJ9MH;B10
DG5MLA;T08
DM5JL;S04
DL3RAR;U14
DL4MHA;C06
DK1IP;E34
DK1KC;B10
DG6IMR;Y26
DL8AAV;H20
DL5DTG;S07
DL2DQL;S02
DL4VAI;Q07
DL9FBF;F16
DF1HPK;C28
DD2VO;Q04
DL3AVI;X11
DJ3JD;H03
DL9RAR;U14
DL2ANM;X40
DL3UX;O16
DO1AYJ;X22
DM2BR;W24
DL1YCF;K16
DL3ZAI;F58
DM5SB;S50
DL3AMB;X40
DL5RDP;C26
DH7OM;I18
DM3F;S07
DL5ALW;X06
DL8AKA;X16
DL2GMI;A44
DL1ATZ;X23
DK5EQ;O27
DH5KLI;D23
DK3WN;Z21
DK2ZO;Z17
DL6UMR;Y28
DF1AN;V11
DL9IM;F30
DL2AWA;X10
DK2BK;A22
DD5AJ;G25
DK6AR;H09
DD5RS;S04
DL7FUA;D17
DB1RLE;P50
DF2AJ;P51
DK7TY;D06
DL8SUB;V14
DL7ACN;A22
DD9HK;E33
DK2WU;U14
DK0WM;X40
DL1DVN;S24
DL7ORP;M21
DL9FB;W33
DC2VE;DVQ
DL1MFZ;C06
DC5PAD;T01
DH4PSG;N20
DL1EHR;R01
DB1RUL;A22
DL0ABW;B02
DF2KD;G22
DL4JWU;S54
DL5CK;W10
DF2AP;X10
DL4AND;D11
DQ2T;M30
DO7EE;L16
DO4OD;I49
DO4MM;I13
DK6QW;L03
DL9WO;F11
DJ5AQ;O16
DF8AB;H62
DJ2SN;E32
DL8BJS;P54
DL4MFR;C05
DL2NAU;B07
DL7ATR;G26
DL1JKK;S56
DK2HG;H50
DL3SKY;A27
DL5AWE;X11
DL1VO;K30
DL1DVE;S21
DL7MPA;Q07
DK9NCX;B18
DO8YX;N47
DL1AYU;X23
DO9ST;P62
DK7CH;C04
DL3PW;A20
DK2TX;B08
DL6NAL;U08
DK2AJ;W33
DF1ASG;Z90
DL1GBQ;Z49
DL6MR;W19
DG1OJ;H05
DL4EBA;R29
DF7JU;L06
DD0VE;S19
DK6AC;H24
DG0OM;X23
DK3A;E38
DL4EBW;R29
DP4X;C26
DK9VA;Q11
DF5AN;H09
DK2TS;R09
DL5LB;G11
DL4HWM;W26
DO1CS;S49
DM2CEH;X07
DC1FO;F42
DL9HD;E12
DL2SWR;V13
DG4UF;S21
DO6YY;C25
DL9HB;E30
DL4MFM;I38
DO1THG;I29
DL1RPR;Y10
DL8UVG;Y30
DO5OT;Y21
DL2MST;T19
DB9MM;B18
DH2PAF;F11
DL8ZAJ;F09
DO8CW;F72
DL2NC;DVH
DL4GBA;P09
DO8ER;H05
DG3MKB;C26
DF8HS;E09
DL9LF;M10
DJ6HR;Q21
DL2AMT;X36
DL2TOS;C03
DL0NG;Z15
DH2AW;P02
DO9SR;R03
DL3YEE;X10
DJ1ZU;U14
DM5RS;K32
DO7DSV;S21
DL6AH;X38
DL9DAJ;O38
DC8QT;F27
DG2FDE;P51
DH1VY;Q05
DL2QT;DVC
DG1ATN;X34
DK4EF;F68
DL8ULO;Z91
DK6PW;Y06
DL3HWM;W21
DL2BUM;Y22
DL2DUA;S02
DM1PL;X37
DL1IF;M17
DL7UN;M15
DG5KR;G14
DL8UER;Y27
DO3SL;Q05
DL2ADI;N48
DJ4WM;H61
DG7NFX;B01
DL1CC;Y13
DM3XB;V11
DK8HE;H13
DM5ML;K32
DG7SCB;P05
DL5MHR;T17
DL5XAT;E38
DF5EM;L05
DC2CB;N29
DL9GND;V11
DL8DUL;S02
DO1UKR;E15
DL65DARC;65DA
DO4KAI;U23
DL1KHM;G20
DC1LEX;C12
DO5AL;F33
DJ4DN;O05
DL6GCK;A01
DD5MA;G73
DD7BW;I43
DL5NAM;B26
DL8DZV;S27
DL8OAZ;H42
DH2VB;K12
DO1RTO;C30
DO3EF;F07
DG8NGE;B04
DL1MF;M30
DK1AW;X36
DM2DLG;R13
DH7AHK;D06
DL4ABR;H63
DG1RPU;Y06
DO7WM;X11
DO3PKE;Y25
DO2JRA;F51
DL1DKB;O16
DO1OHL;Y28
DK7UH;K16
DL5SD;Y10
DM2CWM;X40
DM1LC;U14
DM4KM;W01
DO9WR;V22
DL1ASF;X26
DK2MB;Q11
DM5SR;K32
DO2HEY;X01
DL5BBX;I40
DL2KUH;C01
DJ1KS;H48
DO6NI;Z90
DO2MS;Z54
DL9N;N08
DC9AM;E09
DM2TIM;R10
DH5WB;X30
DL5GSM;X01
DO2AL;F33
DM5WH;F17
DO1RWM;N29
DG3AWN;X38
DB3OA;Z35
DL6TR;Q05
DH5NBK;B38
DO6KP;B13
DG9ZA;F16
DL2RD;Y14
DC1DB;L16
DK3SJ;D09
DB1VQ;Q13
DH2UHE;Y26
DH8MST;C28
DL1AWC;X31
DL8OK;H46
DL9HCO;E09
DG1DTL;S02
DK7FM;O43
DC9KE;L16
DG5OBB;H01
DM4VPF;A17
DL5TW;X31
DO7NE;S37
DJ7TW;P20
DL6RG;S42
DL2KWA;V06
DF3IS;A36
DK8AP;H22
DL8EC;B13
DG7YCS;N49
DN8EE;T01
DB1HGV;H05
DM4JK;Y11
DO7NN;E05
DL2LBO;M14
DB8AH;L06
DL1SEC;P15
DO1HGS;A25
DL9NAI;B26
DL6ER;G20
DO7FOX;H60
DK8PX;K07
DL4LT;F15
DK6RS;U13
DG3FFM;F47
DO7ICH;L20
DO4DXA;C30
DP7BVBG;H09
DO7RU;L16
DO1PVD;D22
DL5OO;H32
DO5MSN;S04
DC9GE;T04
DL1DF;F68
DH6PF;G09
DJ1HR;F06
DJ3BO;I04
DK2KM;H47
DL3TVI;X09
DL1AZK;X23
DL6USA;Y25
DJ90IARU;90IA
DL1PF;F16
DG2MEL;C16
DL5AXX;X34
DL2ARN;X42
DN5MX;C26
DG2JA;O10
DO7AGN;H18
DL5FAC;F66
DF6JF;L16
DM2AWM;S34
DK7MCX;C10
DO3MXK;Y06
DK6TM;R09
DL8AWJ;X24
DL1JPF;S58
DG3FDR;F38
DG2GG;A34
DO1TV;Y34
DL2BRN;Y15
DG6TOM;C01
DL2ASG;X46
DJ9ER;L26
DF4WU;K50
DJ3XM;E35
DL3APK;Z90
DL8MEF;C12
DG1EKL;R15
DM5NSA;K32
DO3BST;W02
DK3GH;B26
DM9JM;S25
DG7DBR;O01
DL0AT;E13
DD6UBC;D21
DL3AWH;X29
DF1BV;I11
DD9NT;F06
DK2PZ;DVC
DL8FA;C11
DG3YJB;N18
DJ2AL;H01
DJ5MW;T13
DC5IMM;S19
DG3MDE;T02
DD1EE;G73
DL3DWD;S02
DO6SI;R09
DL8GM;C25
DL4AO;I39
DK3RW;F07
DL4SZB;V18
DG2EBW;R09
DL0YLB;50YL
DG9AY;X23
DL3KJS;F38
DH9KFC;S54
DL4FNM;X06
DL6RBH;U20
DQ25JAHRE;25TD
DO1FFE;L11
DO2CAT;F47
DD1UW;B09
DL1SBF;P51
DF2KX;C04
DK9TF;P07
DF0SL;B30
DO6FC;R12
DO1FRK;H13
DO7ASL;A13
DO5AX;M02
DO2FM;I07
DD1OP;H04
DH0FAB;Z05
DO4MTB;A22
DM9MS;W03
DL4IAZ;A07
DD3AL;H46
DL5KVV;DVV
DJ3OWY;D25
DL5FCY;F11
DO2MRC;D22
DD2CK;F76
DF8LJM/M;E12
DO1KAH;R09
DO3RWR;R13
DJ9FC;M02
DL3SVN;W03
DH1WNO;T21
DL1STV;U13
DG1VR;S24
DL7KIE;D06
DM4RE;X40
DD0UL;C12
DL1XA;M14
DL5BL;H24
DJ1ND;B06
DL0ZZ;50I2
DH7RG;Y02
DK5IAH;Q08
DL8DXL;S22
DD1MAT;T09
DM6CZ;H48
DK2CB;Y26
DM6HB;R32
DL7SVT;D03
DO1EMC;L11
DO1RGI;X31
DL9WJM;S69
DM2GM;A20
DC1SK;X06
DL1IAO;A24
DK8ZB;F54
DJ8OG;F62
DQ6Q;M30
DL1QQ;Z78
DL1WA;X28
DK0WRTC;WRTC
DR2C;E28
DM9EE;H16
DL5JS;R01
DF4XX;E38
DL4JU;R09
DL6NDW;C12
DK3T;N61
DH0GHU;C07
DK6WL;C26
DL1NKS;B24
DJ5AN;I08
DL3ALI;X17
DH9GCD;A16
DL3RHN;V22
DR2W;A07
DJ3WE;C01
DJ1AA;H27
DK8ZZ;K07
DL5XL;E20
DL1LOD;S41
DL7UPN;C16
DL9SAD;P24
DL8OH;I49
DM2TO;W22
DF2LH;E12
DJ3HW;H04
DL0YLP;YLP
DL1SWB;V28
DK7DU;X38
DL2VM;S36
DG5LAC;E38
DL8NBJ;B39
DL9BCL;I28
DL1VJL;S01
DK1TF;S10
DJ9HX;P50
DD8SM;F39
DL6BQE;Z86
DF2RG;U18
DK4VW;M15
DK0HAT;WATT
DL1BFR;I33
DK2CX;C26
DL1FMK;F62
DH6DAO;O17
DK3BK;Z87
DL7LIN;C12
DL4JLM;B41
DL7TJ;E33
DL1JGO;S64
DL1BSN;Y21
DM6M;B18
DK5A;X33
DM5TI;C15
DL4NL;C18
DK2AY;H20
DF9VJ;N30
DK9HN;E33
DL2AAZ;H33
DL2AGB;S50
DL4LAB;E13
DL0SUE;E22
DM4KJ;U08
DJ6TB;C16
DK2TG;Y11
DL7AT;E38
DG3NCZ;B37
DG3MR;T09
DL6MIG;W10
DF3TE;G46
DG6OG;H37
DL1HBD;E33
DL1WM;P11
DJ5IW;C27
DK0WT;40A3
DK5LQ;M01
DK6CQ;C25
DF5KA;H46
DL5RF;O38
DD8IL;DVA
DM5CT;X10
DL4VCV;Q11
DK6AH;A24
DL6BS;E02
DG7HL;T15
DL2FK;P15
DM5R;D20
DC3RJ;B25
DK4MDA;W10
DL3AWK;X31
DH1PAL;G46
DF5AU;X22
DG1RZD;Y02
DK3WE;S34
DF5MA;C26
DL2HRT;W24
DG7JB;L05
DH3FEN;Y28
DB2B;H20
DG6SA;R24
DF2CD;P39
DF5BX;I37
DL7ULF;D25
DK4VF;M27
DL3VU;S45
DL4YAO;C25
DM3PYA;V05
DL5RU;U09
DH3KBI;X23
DL2OE;Y15
DH8WM;X03
DJ9YL;S45
DL3APO;S46
DO1MPN;Y10
DL2ASK;X30
DK1FW;P14
DC7DX;A22
DL8RJ;R03
DM5TS;E06
DL2SKY;U14
DL2AMD;X22
DK7KD;G43
DG9SEH;P47
DL9TX;K11
DK1LN;A07
DM2BPG;W33
DL9GS;O04
DK3HV;R06
DC1JAG;G45
DL6KAC;G54
DL0HMK;M01
DL5JF;K35
DF9RD;U08
DK4YB;U08
DL7USM;D25
DF0TWN;15TW
DD6UBS;O02
DG6MBS;O02
DD0UKW;O02
DL6IAK;A36
DL6AWJ;X23
DF3AX;H43
DJ2RG;W12
DM4EE;R17
DL8LR;Q05
DL8TG;H24
DF5RF;F43
DF1OE;H48
DL1EFW;R10
DK2YI;N34
DK1IZ;M05
DF1HF;E21
DF5WW;K50
DF1SZ;P40
DK4CU;O12
DL1THB;V11
DL6ABB;H03
DL4KUG;V11
DL6MWG;W37
DL6OZ;H24
DL5EC;L31
DK7OG;D11
DL2BIS;B18
DJ3GE;G25
DG5OAC;H65
DK5CF;I11
DM9KT;X06
DO1UZ;S27
DL1KAI;H13
DF5WI;K41
DF7LS;M09
DO1FCB;F17
DO1JC;Q01
DL3BVA;Y16
DL2LFH;W21
DL1BJA;I53
DF1GC;A14
DL1YOV;N61
DO7PRM;F74
DL1JBE;S44
DO1DJJ;K45
DL8WJM;S42
DG3SBM;P01
DL5KLX;D05
DL8MF;Y28
DL1A;C30
DP9A;Y37
DL0XM;S41
DR4A;F27
DM3W;Y24
DL0CS;M15
DL5L;X23
DD1A;A25
DL0UM;F15
DF0SX;P51
DP6T;F49
DP4E;N62
DF0CI;X12
DL0SN;O16
DL0LSW;Y28
DA0CCC;D23
DK0OD;C06
DL0GL;L03
DM5D;Y43
DH0F;B09
DF5A;V11
DF0RSA;S02
DL0LK;E03
DQ7Y;B19
DL0P;Y08
DL0WH;A20
DK0FR;A05
DF0DA;K34
DR150MM;150M
DR1E;E03
DL1T;L05
DL0C;Y13
DL0FTL;S27
DM3B;Y14
DA0C;F69
DK0FRI;I49
DK0DL;B11
DK0MM;F39
DK0TU;D01
DK0FF;H07
DL0NM;U10
DK0GSM;A47
DL0PPP;JUPE
DQ0B;H03
DL4A;P55
DL0LS;A08
DF0IC;I41
DL0BL;A02
DP4D;N47
DL0BUX;E19
DL0WR;Q21
DM6A;A22
DE6ARI;Z83
DE7WAB;I36
DE3RPC;I36
DL8JS;N43
DL1RA;R13
DJ1TS;L20
DJ8CR;N15
PA0HEC;R31
DJ6IN;Z41
DK1NF;H17
DL3LS;R13
DL9XW;I33
DJ9ID;O20
DJ8CV;R29
DL2OR;M15
DJ7TC;O20
DL2OV;O26
DL3JR;L14
DJ7UO;R10
DK5AR;I28
DL1LD;I21
DL3NO;G45
DL8TC;H11
DK2UN;G21
DE0GLF;H34
DK2JX;N05
DJ3LF;R22
DL9HC;A41
DJ4HR;L02
DL2JB;A20
DJ8OT;R15
DL6ME;H10
DK2XH;L09
DF5IV;A29
DF7ZH;A20
DJ2VZ;L16
DJ4AH;B18
DL7NT;D06
DJ6OP;P51
DL9XN;P26
DJ2YE;R09
DJ3JR;H15
DL3IX;B23
DL1JH;F30
DL6JC;R15
DK6OD;H17
DJ1TC;A12
DL6TZ;Z07
DF3JJ;R22
PA0CCR;R31
DL6DZ;N42
DL9YC;L08
DJ2MB;N12
DL8IH;K25
DJ4UF;G01
PA0LVK;R31
DE1GWF;F05
DJ1KE;E07
DJ4WP;N04
DJ8VC;N33
DF9SI;P26
DB4ES;R32
DL3WF;G11
DJ1HB;O13
DJ6HR;Q21
DJ3VI;E17
DL3DOE;R13
DJ9VW;F10
DL9MC;Z59
DL1AM;H09
DL2TB;H28
DL8VV;E34
DJ3GK;F51
DK1IZ;Z24
DK2BI;K10
DJ5OE;O08
DL3RK;T03
DJ4BE;B21
DJ4AV;F40
DJ4OP;C11
DL8KO;O16
DJ9RT;I05
DL1EC;B05
DJ8SG;R22
DJ5GG;B13
DK3ME;Z51
DL1ES;B38
DJ4SK;P15
DJ4VX;K25
DJ1IK;L20
DK4ER;G11
DJ4JT;O24
DL9NM;B11
DL9YP;Z04
DL3ZI;F34
DJ3HJ;A33
DF8TJ;A34
DL1VU;C07
DJ1VS;B11
DL7CS;B25
DJ5VQ;K04
DL1FG;Z10
DJ2QZ;F17
DL3AR;B08
DJ8EG;F10
DJ9ZB;A33
DK7BY;N12
DB4PE;K43
LA0CX;D01
DE0STG;P37
DL2DQ;F64
DF5UN;P03
DL7DO;Z20
DJ2YA;O39
DJ3AG;E01
DK9HN;E33
PA2TMS;R23
DL1KB;G17
DL8SAJ;U30
DJ5DA;Z17
DK1OZ;C06
DJ1OJ;C25
DJ6LD;T12
DJ4LN;P05
DJ3OJ;Z26
DL8YX;K18
DL6CT;M31
DL1BBO;I45
DF8IN;K17
DL2GBF;P03
DE1CFF;P03
DJ3RS;U01
DK3BR;G24
DL1SBF;P51
DL6GU;I05
DF5MI;C09
DJ8PB;L03
DJ9NW;H36
DK6EI;Z39
DJ6OZ;E18
DJ8ZU;C12
DL9VN;Z11
DJ6PR;P09
DL9PU;C08
DJ6EO;T12
DL1QT;A33
DK5GX;A11
DK5AI;X13
DL1KN;Z04
DJ6SX;L23
DK6EA;R14
DJ5IM;N04
DJ3FC;F05
DL8BB;Z01
DJ1SZ;I05
DK1TC;N04
DL3CM;E06
DL1PM;E21
DJ2IB;A27
DJ8TX;K07
DK6KI;G32
DL6VP;B23
DC7FW;Z20
DL7XR;Z94
DJ9NK;H11
DJ5IH;R10
DK3PZ;E24
DL3DK;O45
DJ3BB;L26
DJ4TZ;B22
DL2PW;L14
DJ9QY;A01
DJ4JI;H09
DJ9ER;L26
DJ3SA;B33
DL1MD;C20
DJ3CL;O23
DL1AB;F43
DL2SL;D04
DJ9ON;G44
DJ3OE;G38
DE0THM;L20
DL1PE;R15
DJ1QX;A10
DJ9AL;B13
DL6XW;C19
DE1AAB;A11
SWL DL;I04
DJ8HS;I07
PA0MIR;R46
DJ1UL;I29
DL9PH;P11
DK3BJ;N44
DJ2GG;G19
DH5KAW;G19
DL1MQ;O08
DJ3LR;G08
DL6OL;H05
DJ2YI;B14
DL8BDU;Z53
DJ5YI;H12
DL1JE;R13
DF4XE;E13
DJ1QZ;K05
DJ2KS;H18
DL7FO;A31
DH1PAL;G46
DJ1KR;H12
DL7LV;D08
DL9AR;H32
DL9CC;A03
DJ2VQ;O50
DJ1VB;G03
DJ4SA;P04
DK5BO;Z43
DK6FT;F12
DJ3VC;H01
DF3PN;K15
DJ3JV;A01
DC8OK;H05
PA0UC;R31
DL3VV;L14
DL2YS;Z36
DK7NX;B11
DL3BE;N32
DL4DCE;O02
DK5JA;R05
DJ4XA;K06
DL3HF;C13
DL2JO;H63
DL4OAS;H35
DJ9XJ;H14
DJ1EO;A24
DK5BW;I13
DJ2EE;H21
DL9MP;H04
DL8VJ;A01
DC6PM;H08
DL6LZ;N12
DL7OK;L18
DE1HZF;E31
DJ5IO;B23
DL7OL;D07
DF7PS;K15
DL6ZB;U04
DK1EE;F27
DJ4HD;K15
DK7GF;T16
DJ8SW;F70
DJ4PI;A24
DK3JZ;Z53
DF3XZ;E13
DK2VA;Q01
DL9DU;B09
DF2SL;T15
DJ7QX;R12
DL7NB;D08
DL7LJ;D11
DJ6BW;K33
DL4JV;R09
DL7HJ;D03
DJ6ZB;E07
DK3CZ;B06
DJ6TU;K15
DL1KX;O29
DK1SL;B09
DL9JI;P05
DK2DZ;B01
DL3AH;F34
DJ6ZU;O26
DL7PH;H11
DJ8VJ;H08
DL8DL;N54
DJ1IO;F26
DJ9PP;K18
DJ1XP;O15
DJ5AV;A48
DL6TL;H03
DL2EF;R06
DC1II;K06
DK1CQ;A32
DJ4NR;Z08
DJ7JC;L05
DL2SCQ;P12
DM2FB;F51
DL1YCA;N43
DL2DBN;O10
DL6WF;B21
DK2BM;U04
DG5AU;H03
DK1YP;N26
DJ3HG;A24
DF4LF;M11
DL9LF;M10
SWL DL;H12
DC9KR;G39
DL2RR;P31
DL2JX;F51
DE7BVG;D04
DF9LK;M11
DB3EI;R05
DJ2RV;E26
DJ2RB;Z10
DJ8TJ;O05
DF5OC;H55
DJ6GF;L05
DL9PE;O15
DK5RK;U13
DK2WU;U14
DL3AAF;W12
DJ2SB;A33
DL8VN;M26
DL5EI;R20
DJ8JY;K17
DL8YH;A18
DF1SD;P42
DL2CT;C21
DK3IU;E01
DJ2MG;B08
DK1YK;E16
DL2HX;E34
DL7TX;Z21
DF1KG;I26
DJ5QK;A06
DJ7OM;K19
DK2QB;E22
DK4MI;T04
DK2NI;I47
DJ9SO;E11
DK8KL;G22
DL7OU;D14
DL2RH;B05
DJ7WH;B19
DK4PA;K18
DL8RM;E05
DK1BS;O03
DJ2YL;Z01
DK5EZ;R29
DK4II;A06
DJ2RU;A11
DK7LK;M19
DL1ZC;H59
DL3SB;P20
DJ4GO;H23
DJ1UI;O18
DK5CX;T13
DL1ZAX;F73
DL8KAZ;G26
DC9ZP;G10
DK2SX;F11
DK3GL;B01
DL4YAH;N57
DJ9IH;R14
DF5CO;C05
DL1DBF;O29
DC8FK;E02
DJ6VY;L16
DL1YD;P47
DJ3CQ;A24
DJ5XB;I14
DL9FU;C36
DK4HD;E07
DC9PB;Z11
DL5JF;R09
DJ7EE;R22
DJ1FK;E02
DK3SN;P02
DK2QL;H55
DK6EH;R20
DL8HD;Q09
DK3MM;O03
DC6CF;I07
DL2HQ;A24
DK1IU;L06
DJ7ZZ;A01
DC7BF;O45
DK5KJ;G11
DL7EJ;D10
DE1HND;L02
DC0FB;A08
SWL DL;P11
DL3FC;O30
DJ4QC;O30
DJ9CW;M26
DK5KL;G11
DF3BJ;I33
DK9TN;P03
DK6CV;B11
DJ8PH;A32
DJ3OZ;R20
DE2LBB;P06
DK8BE;I08
DK1RS;O15
DK1DQ;O10
DL9HAS;E23
PA0DCD;R31
DK3RV;R27
DJ4ZH;O23
DK2BL;U14
DL3OH;Z17
DJ6QS;O15
DJ1YH;K28
DK4CQ;O10
DL6ZG;L15
DL9BAK;H28
DK2WK;A16
DL8KH;U23
DK5JI;N11
DC0LT;M26
DK5DS;O15
DL3NX;R03
DJ8HX;E26
DL7IG;D04
DL2SV;E13
DK2TB;E26
DL6QT;K29
DJ0VZ;G22
DL2PR;P02
DK3ML;H43
DK4HR;M23
SWL DL;I17
DK4IO;A36
DJ8HR;I02
DJ2OW;H45
DE3CBB;E37
DK3GT;A30
DC9XU;I21
DL9PO;U12
DK3ZF;H13
DJ8IU;R13
DK3PH;G13
DK2CH;H36
DL2ZBB;F16
DL1PB;L20
DC9QZ;N01
DL2WI;B05
DK4HK;E13
DK1YG;T17
DF9TD;Z48
DK4KW;G45
DF2KD;G22
DK3PU;P18
DL1SX;H08
DK1KV;T04
DJ1ND;B06
DL1EAN;I42
DL8ZAX;F21
DL6DP;K03
DJ6XG;T03
DK9OV;Z08
DG8JY;L12
DC6BO;P24
DK5MG;K38
DJ4EJ;A14
DK5AN;H19
DL1EY;B31
DF9AG;H05
DE1ULF;I06
DJ9ZV;I04
DL7LG;D06
DJ7KT;L20
DC8GV;A14
DK5BQ;O11
DK5DD;O29
DK2PB;P33
DL6JP;A08
DJ8DE;E09
DK6AD;H03
DL7JW;A08
DJ4XR;P18
DJ3TF;U01
DJ3XT;H31
DL3IV;P35
DK2VW;O16
DC8DK;Q11
DK3CF;F46
DK1YU;G03
DH6EAL;R09
DJ8TE;N06
DK5QZ;Z41
DF2IS;A02
DL8XN;F12
DC6XT;R24
DK1ZH;G27
DJ7RU;C34
PA0JR;R19
DJ2RE;F03
DL9ZS;B11
DL6NP;T08
DJ7NL;B08
DK8XW;E29
PA0HRD;R48
DE6HLM;L14
DL1LZ;P01
DK7GL;A13
DJ8EW;C25
DL9NU;O39
DK6AP;H33
DK2JM;E06
DK6CU;C07
DJ1HC;E30
DK5WG;K25
DK2QT;I21
DL1FL;M31
DK1SW;M04
DK4PT;K01
DK7NP;B05
DC6IL;I49
DC9HV;E25
DK5MQ;Z30
DJ2XW;Z35
DK7ZT;F15
DL7AIO;D07
DK3XJ;B26
DL6FAL;F43
DK3EU;I04
DJ1UF;R11
DK1QC;H19
DL1GBP;V11
DJ7DW;T17
DC2OD;H39
DJ8WQ;E02
DK5SX;I05
DL3GL;G22
DC6JL;E37
PA0BN;R06
DJ6XV;N38
DJ6NI;R03
DK6RF;U20
DE1BBB;P01
DJ9ZM;A18
DK8ML;T01
DL4JS;C31
DC6BA;C26
DJ6BV;P24
DJ7MN;O23
DL3WV;B08
DL7AW;D04
DK4CR;L05
DE2MAN;L05
DB3PH;K43
DK4AC;H33
DC1WS;K26
DC1WT;K26
DL1QN;N04
DK4QO;L03
DL9GS;O04
DF9BV;E19
DC4OF;H39
DK5AD;H14
PD0ATZ;R04
DK8GC;I32
DK9BB;N41
PA0JSA;R13
DF3XU;E27
DB4KO;G42
DF5EO;L04
DK4SY;P05
DK4NC;B07
DK5NH;B08
DL1ECH;L02
DF2BW;K46
DJ6CA;Z36
DK4ED;R06
DK3VD;H29
DJ6HU;R15
DK4TI;R08
DJ1XC;I04
DC4NA;B01
DL9WS;E04
DJ5PE;R09
DK6QD;N47
DK1BP;Z14
PA0ABM;R44
DE8TVV;E10
DJ8HE;I25
DJ9OP;B11
DE6HWG;L02
DL9KM;E21
DL2BB;I23
DL1MP;O08
DK2ZN;P18
DK3NU;F15
DC8YY;I46
DK1IT;L19
DL2OW;M13
DJ0MDN;D04
DK5TP;P14
DK4HP;E27
PA0TLE;R06
DJ8IO;L14
DK6ZF;F27
DJ9NT;G01
DL9QM;B25
DL3SR;K28
DK9KY;G50
DK8GT;A33
DE2RFM;U04
DK7IL;A20
DF1GW;A20
SWL DL;M05
DJ5VH;U15
DL7AY;D04
DK4NU;B13
DJ1XU;A11
DF5UX;A11
PA0IDZ;R34
DC9HK;E16
DJ6HC;H27
DK2IO;G42
DK6OX;H29
DC0BL;I14
DF9NN;B08
DJ6UP;G06
DJ8BQ;F31
DE1FRK;R15
DK2VP;I11
DK6WA;F66
DK7GN;P11
DL1ST;C30
DK6TR;P36
DL4OL;H39
DC1CO;C05
DJ3TC;A41
DJ1XW;Z28
DL8ZZ;B11
DJ4NY;A16
DH3KAT;G02
DL1KBQ;G02
DF3EH;L24
DL1OY;L14
DJ6HT;E29
DL9YCK;N34
DK6QA;N08
DL9NBN;B09
DJ5KC;G46
DL2HBM;E04
DJ2MH;H57
PA0JAZ;R48
DF3QJ;N28
DL4FAX;F59
DC0WU;E16
DF1QX;H42
DJ9UN;A46
DL3FA;Z05
SWL DL;I11
DF7TU;P42
DK3GJ;B37
DJ5FX;H08
DK1MJ;Q04
DL1YB;B22
DL6IM;G49
DL2UR;A14
DK9NZ;B25
DC6HQ;C26
DE2JGT;A01
DK1IZ;M05
DK2LA;E16
DL6WT;K04
DK3XJ;B17
DE0PKE;K05
DK3VV;H04
DL5QL;N03
DC4JG;L23
DJ9ZH;F42
DJ9CJ;E09
DC0PO;A30
DL4GBM;A30
DK5PE;G46
DK5PD;K04
DK4BE;I04
DF5OJ;H31
DK9DI;O15
DL3TJ;R01
DK7OR;H39
DF6QP;N43
DK3QE;H30
DK3LN;U14
DK7VB;K35
DL4VP;Q10
DK8HX;E15
DC4JN;R20
DK8SC;P42
DH3DAC;O29
DK5WQ;K28
DH8KAL;G22
SWL DL;T08
DK4DB;O40
DF1SZ;P40
DL1LT;P11
DK6WM;K03
DC8JN;R01
DL1EAG;R09
DF6TK;P09
DK1GF;H45
DK4XO;Q09
DK5RA;U19
DL3LBP;E30
DK6JX;R13
PA3GGS;R04
DL5QK;N53
DK5CP;T05
DF6GT;Z29
SWL DL;B09
DK1MA;Q09
DL1FE;Z07
DC8SA;I08
DK8GH;A01
DK3YI;T01
DL5HBM;E17
DJ3XC;H01
DH7LX;P06
DF3QN;N18
DK1KX;B18
DK5CI;T01
PA0SNG;R40
DK2XU;G15
DL7RI;D11
DF1EG;Z45
SV0LK;P14
DK4IS;A07
DC4OV;Z08
DL3BL;Z37
DG6PY;K34
DK7NS;B02
DL3TN;R04
DL2HK;T03
DC2ZY;A03
DK8JG;L20
DC4JE;R15
DJ9TT;N32
DC8CF;M25
DL2NP;I18
DK7NL;B32
DK4SB;Y26
DL6GY;F17
DJ6IU;I04
DE1JFM;R09
DF1LB;M03
DK6CS;C11
DF7WU;Z11
DL3JE;C12
DK6DY;O30
DK5VA;Q03
DF1KA;M27
DF2EU;L20
DC1MH;C08
DL7AAD;D02
DK9SA;P11
DK6QK;L03
DF7UJ;P03
DH9NBU;B10
PA0TVH;R18
DK5LY;N01
DC6JG;M03
DL1RM;F05
DJ2BH;H33
DK6XI;E06
DC3JP;L15
DF2KO;G24
DF8IC;A43
DL9MA;E04
DF4QP;N32
DK3QY;N03
DJ6LU;O26
DK7DE;O20
DK3BC;I43
DK9LP;M03
DL5OR;H39
DJ0YZ;P06
DJ9MH;B10
PA0JPL;R19
DK4DC;O04
DK6GK;G17
DK3MX;L26
DL5SCM;P05
DK5KO;G10
DF1KF;G22
DL4LA;M27
DL8DF;Q01
DH9VY;Q01
DJ2HN;R27
DL8MV;R01
DE0OSA;B17
DL3XJ;I04
DF7AN;H36
PA0WJW;R31
DJ8SO;K19
DL2ON;O11
DF8AF;H36
DL8KX;I26
DJ6NT;F02
DK4AZ;H18
DK3GI;B40
DH2FHD;Z45
DF4ZV;F19
DK2OD;H10
DG1HAG;E14
DK6AS;H24
DL6DD;O30
DL3BAQ;I18
DL8UI;F10
DL1TQ;E19
DE1MPG;I33
DC9QU;D10
DC1FT;T11
DL9XJ;I04
DK1WL;R04
PA0MUN;R13
DK9VV;Q12
DK7KS;G03
DB1QZ;L26
DF3YK;D04
DJ2UU;F09
DJ9HG;F15
DK9EJ;B04
PA0WWM;R28
DL2EAR;R15
DJ6TK;M03
DB9FQ;Z11
DL5KV;G02
DK5OH;H25
DF4WW;G33
DL1TB;H03
DL5BG;I36
DL3SBI;P02
DL5OCA;H16
DL3FAP;F03
DH5JR;R15
DL6ZAQ;F08
DC9JY;R09
DJ4TJ;R09
DK5ST;P38
DK5UD;K22
DK5WZ;Z29
DK8LA;M29
DL1BFM;I18
DD9DU;N29
DK5RB;U17
DF9JD;A34
DJ4JZ;K18
DK7OS;H61
DE0DXM;R15
DL8AK;C09
DL1BBT;I43
DK7EA;R15
DK7QG;I08
DL2XS;C09
DK4UZ;K38
DK5VF;Q12
DC9KS;G13
DL3BD;N44
DL8MY;A46
DC3ZF;F46
PA0TO;R28
DK1RV;O16
DF3IN;K42
DF1EW;L02
DL2CH;U13
DL9MDF;C13
DJ2BM;N13
DL3XU;E27
DL6JB;L13
DL3EO;P11
DL1YK;G46
DB9PS;O40
DL9EY;C28
DE1GPR;R10
DL3HX;E13
DL6VW;G19
DK7ZJ;F10
DK3FF;G27
DJ3OG;N32
DC8IN;B24
DK2ZD;B02
PA0HVF;R43
DF4WD;K04
DK9GU;A20
DL3NU;B27
DJ9UY;L29
DL6TR;A12
DC0ER;R15
DJ4VS;H39
DK8OC;H61
DC9OM;H01
DK7EO;R04
DF3QQ;N03
DJ2SP;A21
DC4GH;A21
DJ7QI;U13
DK8EA;L15
DL9GA;A14
DK3JU;I19
DJ8MV;F16
DD0ZL;F17
DC1OJ;H39
DK5TT;P34
DF6KM;G12
DK9KE;G14
DK7NF;B06
DL7EW;D08
DK3JP;P34
DL2SAP;P06
DF5MR;T01
DC8JT;L05
DL1FW;G27
DC9LK;T03
DK7JL;G38
DJ2JJ;G18
DH1BBB;I55
DK8JM;I54
SWL DL;H13
DF9NW;B06
DB3QK;N20
DL4OAD;H39
DF7FW;F27
DL2VB;L03
DL8BAU;I36
DK8NE;B26
DJ3BE;E31
PA3AEB;R26
DC7DB;D06
DL4NAN;B30
DF3GL;G22
DL6MI;T18
DF1AG;H54
DL8AJ;G45
DF9WK;N41
DL9DAR;O50
DL7ZG;D13
DL3EM;T16
DL2WF;F31
DJ2BV;M06
DK6WU;G23
DJ5PC;R09
DF2EJ;L05
DL5KX;G35
DL8EDB;R21
DF4ST;Q09
DF2PN;Z11
DK1RT;F36
DK7SL;P05
DJ7GJ;C14
DF6EJ;U14
DL5JH;L05
DJ9FK;H34
DK9JX;L06
DL6MAW;C26
DK9VA;Q11
DB3OR;Z08
DL8UQ;B01
DL8EBY;L15
DL8JL;N43
DF2KT;Z32
DF8VV;Q11
DK9WX;K04
DL8TE;A07
DK5AZ;H54
DJ5ED;C06
DF9HD;Z50
DJ6XO;R04
DL9JD;L26
DB2CH;C34
DK8OB;H31
DL7VR;I07
DG9NBC;B09
DF7BB;I04
DL5NAI;B11
DH7AAC;D11
DL4NN;B31
DK1HH;K06
DK1HG;K06
DL7AEK;I54
SWL DL;I07
DF2RG;U18
DL1AAG;H39
DL4BCA;I23
DJ4GM;H28
DL8WH;E31
DK8MP;C30
DC1VI;Q10
DL3NAC;B27
DF8FT;F25
DF3BL;I08
DK6TP;P12
DL8TW;P12
DF2WF;G01
DF2FM;F36
DC8HV;G03
DB4NU;B18
DK2UB;B06
DL8BAE;I41
DB2BZ;I41
DL7FAB;F25
DC2VO;Q03
DL8HCY;Z72
DF7RD;C08
DF1JU;R14
DF9TA;A33
DL1BHR;I18
DJ2II;I04
DE1EWH;G50
DL8BAC;I33
DK4DF;O04
DK3YY;T01
DL4NK;Z42
DB3EW;L01
DF9BB;I06
DK9FN;F38
DL2KL;K16
DB9NR;B07
DL8DBI;Z45
DH6BAB;I07
DB6BX;I33
DL9TD;K06
DC2VP;Q06
DF3QM;I21
DL8HBL;E26
DL7CT;F10
DK1BH;K27
DC1NN;B02
DH0YAH;I21
SWL DL;P07
DK7QR;L05
DL6BAA;I51
DG5OR;H01
9M2MRS;R39
DK7XJ;Z73
DF3BK;I33
DK8KC;G53
SWL DL;L05
DC4WP;B22
DJ7XB;H30
DF8QR;C27
DF8QM;N16
DB1JN;L02
DC6SU;P11
DF1HX;E21
DJ7GD;H30
DK7BZ;I10
IZ2ELO;I28
DF2ED;R16
PA2NJC;R31
DK8CM;T01
DK4OQ;H13
DJ6BN;N16
DF9BO;I12
DL4BS;I12
DF4KQ;G07
DL9GH;F05
DL4FBS;F73
DK5AJ;X13
DL8OW;I37
DB4EL;L05
DF3BM;I43
DF2NE;B36
DF7IE;K35
DK4HQ;E04
DF4NU;B17
DJ4OH;P11
DL4EZ;L30
DK4RQ;U09
DK8QH;Z41
DK7JK;L01
DL7EG;C16
DJ8HL;I19
DF5UT;A09
DK9KD;G39
DF8GR;A08
DL3HD;Z13
DB4JM;R22
DK2PO;I23
DL6CA;B38
DJ3LM;A05
DF4NG;B17
DL8PQ;E09
DC8YF;Z60
DL7YJ;D03
DJ9EI;R22
DJ1VY;Z09
DB5QH;L03
DK9NM;B22
DD1OJ;H38
DC5WT;B26
DK7XV;E03
DL6RK;U13
DF2FZ;F43
DC3FL;F12
DB3PL;K18
DK6KE;K36
DL4JW;L06
DL6EU;R21
DB8QE;N16
DL5YBP;N41
DB8QD;N16
DF3BN;I33
DK9KS;G19
DK5TI;M03
DJ2VT;F42
DL1BCS;I28
DB7FS;F65
DF1EF;R04
DK6US;A10
DL8EDD;L01
DK7XX;E03
DJ0IX;G27
DL6HAE;E24
DK5TV;P12
DJ5ZX;R04
DK3VZ;H31
DJ2IJ;C29
DL1NAH;B39
DL6EB;D12
DL7SW;D01
DK9WF;K10
DF3GX;A33
DK7LR;M27
DF1SS;P41
DK9RM;B41
DK5BX;I24
DF1BN;R11
DF3FI;F03
PA0ENS;R40
DK9NA;B19
DJ5PH;L08
DK9KA;K36
DB9NA;B38
DK6AR;H09
PA0FAW;R06
DF9DD;O26
DF4FG;F02
DL1YDV;N22
DF4QQ;N59
DF9OO;H01
DL7AR;L05
DB5JL;C21
DF5AY;K53
DL3CU;L05
DK8ZH;F32
DK8ZI;F32
DJ9JX;G01
DC8NG;B06
DJ1HN;I36
DF9AE;H01
DE0OLL;E06
DJ0FY;P26
DK8DA;O15
DF2KP;R13
DK3VX;H28
DL5NE;Z51
DF3JA;L29
DK4ZZ;B04
DJ6JI;K10
DK1EG;F31
DK7DN;O16
DB1XG;I26
DL1JJ;R18
DC7GP;D06
DL6YBD;I02
DJ6LR;R06
SWL DL;H11
DL8YBZ;N43
SWL DL;H11
DJ1VM;R26
PA0DHN;R31
DF7FB;F09
DK6AI;H11
DF6QG;N04
DF1FY;F09
DC7OH;D14
DK1MW;Z29
DK1EK;Z39
DF7WQ;K18
DB2AL;H10
DH4NAA;Z42
DK8RB;U14
DG5EO;R15
XE1CFA;G22
DF4NR;Z42
DF5DY;O30
DL1RI;F25
DJ6SA;L08
DL7ZH;D06
DB3NW;B06
DB5PJ;K46
DL7NV;Z20
DK2UA;B38
DK1IS;U01
DE3YLU;O15
DJ1NG;C26
DF6FM;B04
DK3OF;C11
DL7YW;D14
DF1DK;O35
DH1PAS;K15
DK8DI;O08
DJ3VD;K48
DL1KAZ;G27
DB4KT;G54
DJ0UI;G29
PB0ALQ;R04
DJ6YL;G01
DF3CB;C26
DF3CP;N30
DL8UO;B10
DG4BR;I07
DL2UP;N29
DF2ZL;F28
DK6EZ;Z63
DC7KM;D04
DF7JJ;R15
DF3EB;L14
DF6LS;M17
DF7BX;Z02
DL3DAF;O49
DJ2VG;Q01
DC5ES;R05
DK6BF;I26
DB4PX;Z11
DC8FS;A37
DJ5QW;N16
DF5YI;G52
DF3IS;A36
DL8AAV;H20
DJ6VN;N54
DB4OT;C13
DL9ON;L05
DK4RM;U23
DJ0GD;L14
DF5OL;H24
DL2XK;R08
DJ2SS;P47
DK6VV;Q04
DK7XD;Z50
DK8AX;F10
DF3TL;T16
DK8AP;H22
DF4JE;N17
DL6NCO;B13
DL3OK;H13
DJ1VU;B18
DL2OE;F30
DF6OD;H39
DK9QD;N01
DK9OS;Z07
DC4RQ;U13
DJ3NP;B06
DB5QQ;N23
DJ7AR;T14
DF2AG;H33
DB3AE;H33
DL2YAK;N36
DB7KB;K30
DF8QJ;L03
DE0WKR;K30
DL6YAF;L13
DG9DAE;O30
DB9YI;N35
DF8QW;N41
DL4YAW;B18
DB9FZ;Z25
DL4FW;F27
DL1OY;L14
DL2VY;I46
DJ9VY;F10
DF6UO;A33
DJ5AR;K53
DC6KL;Z19
DC9MZ;C29
DF3OA;E19
DC4QL;C11
DH4PZ;K12
DK9JD;R20
DK9EA;N04
DB6CV;T13
DF1ZT;F20
DF6YR;N57
DF7YN;E06
PA0APE;R12
SWL DL;R12
DJ3OX;L05
DL5AAP;P24
DF2UQ;A36
DK9DT;O30
DL2QE;N13
SWL DL;E13
DJ9NB;P11
PD0KLV;R06
DJ4NW;H38
DK8IZ;A20
DC9TK;P10
DK7OD;H15
DJ0YI;P42
DF8XU;N41
DK1DB;H24
DK3OK;H31
DL6SAH;P37
DL3FI;G12
DL2OAD;Z35
DF1AI;A47
DL7MZ;D13
DL6EY;P10
DC0SO;P05
DK8SD;P05
DK4QG;D03
DF2GP;A14
DF1LE;M17
DH3RS;O30
DL3GAA;T07
DL4LAM;M31
DB5XZ;I26
DC5YE;B11
DK3HR;E23
DK7JT;K01
DF3MH;C10
DH6NAX;B01
DF2RY;U18
DL6VL;Z04
DL5BAS;I40
DC7JW;D02
DK4SF;P48
DF8FD;F09
DF5BG;I45
DK3FB;O43
DG8BBK;I23
DC9UE;K44
DL1SAK;P42
DK9XD;E13
DL8UV;K44
DL1ZQ;E16
DL8RE;K43
DK5WC;K10
DG6EAX;L05
DK8IG;A10
DJ7HL;F50
PD0ABQ;R39
DB5KR;G04
DK7HR;E22
DC6OX;I19
F1YJY;A30
DB4BW;Z36
DF3OC;H39
V51WH;F35
DK3UI;K48
PA0LUS;R07
DJ6FK;F12
DK8JS;L15
DJ3SR;P12
DL3NY;B36
DJ4ES;O21
DF8FE;F09
DL8DZ;O30
DF4JJ;H35
DJ1FQ;N26
DF3TE;G46
DF3ES;L14
DL1JU;F76
DF8QY;N01
DH4SAP;A27
DL2LH;C10
DF4JX;I54
DH9EAB;R01
SWL DL;A10
DL5OA;H23
DF3OD;H39
DB7AO;H44
DK9TY;P34
DJ5ZF;Z21
DF6AE;Z47
DF9SW;P42
DF9SM;P42
DJ6YL;K19
DE0AOS;P24
DF1GP;A01
DB1TT;P45
DK5TW;P45
DL4IAZ;A07
DF4RR;U18
DL5KA;G02
DL1QH;W24
DL6YH;Z14
DF6QF;N22
DB8OC;H39
DB4PP;M05
SWL DL;G08
DC8YL;B13
DB9OJ;H39
DJ5FF;F02
DL3EAJ;R12
DK7AE;H49
DL2ZBH;F43
DJ4OK;K09
DL9FW;N07
DL7ZR;D08
DJ9WJ;H05
DB1BB;I24
PE1NRP;R07
DF3EU;R06
PA0TMB;R07
DK6JD;R12
DF2NS;B06
DL7XU;D08
DK3TJ;P34
DL3SZ;B02
DL5JY;R14
DK9QY;N38
DA4BW;F47
DK3MR;C14
DF1NT;B31
DL7VW;D04
DL6HF;R03
DF4GB;A32
DK9AL;D04
DJ0JB;H13
DK8LZ;Z10
DF9QU;N33
DF1IX;A07
DL2ECR;G21
DJ3JU;H45
DF9XY;N17
DK8NB;B08
DL4FV;F27
DK7BJ;I25
DL9ID;I25
DD1TE;P03
DF7QW;N36
DB1VP;Q13
DF7FZ;F09
PA3DKI;R12
DF5NG;B08
DL9IP;F21
DL3NY;B36
DB6MO;T17
PA3FSE;H54
DL1EK;R25
DF2JV;R20
DB7ZN;F49
DB9EH;L02
DL7QG;D02
DL5RU;U09
DF3TI;A14
DB8JL;R22
DD1TA;A44
DF3AO;F10
DJ2NH;R02
DF1JL;R01
DF7GK;A09
DL7WL;D08
DL5SAN;P35
DB9AE;H33
DL4BO;I17
DB2DS;O12
DF2ME;T09
DJ4JY;N57
DF6XH;N20
DL8BAO;I33
DC3AE;H51
DB1VK;F20
DL5NO;C13
DK9AR;H46
DL7ADA;Z20
DD2OR;Z08
DF6GQ;A09
DF2AO;H06
DB1ZY;F57
DF2SU;P14
DF6NL;B13
DK9JG;R16
DF5NH;B06
DK8JX;L26
DL8AM;H33
DC5YD;B19
DF1OM;H37
DL9DB;G10
DK7TZ;P01
DF1ZW;F51
DB3DK;O20
DL1MAZ;C07
DJ8RK;I22
DL2UK;N07
DF2JD;R20
DF8BP;I15
DK6UN;K27
DD5QO;O15
DK5AT;P39
SWL DL;I14
DJ0IR;P48
DL3JU;R10
DL7BE;D06
DB1IE;A07
DJ0MQ;O05
DL2GE;E12
DF1JY;R16
DF9BD;I32
DK5WR;K10
DF2AL;N58
DK3VY;H50
DL4AO;I39
DF8NG;B08
DF8JM;Z39
DK3OD;T09
PA2CAT;R13
DL2NAI;B18
DK1PF;N17
DD3FU;F17
DF1HE;E15
PA3ADS;R31
DF7YT;N43
DF1ML;C16
DF4QR;N21
DF2AD;H53
DE1RTA;O29
DB8AS;H51
DC6JJ;L15
DL1ES;B07
DB2LU;M16
DK9ZQ;F36
DF6GO;A44
DL4KGM;R27
DF3PP;K20
DK3NE;I07
DF4CO;C01
DL7AMB;D10
DL7VB;D10
DL7CW;F15
DF5CI;T12
DF6GN;A18
DF8NU;B06
DF5OF;H10
DJ3EK;R15
DK6OZ;H04
DF3JS;L05
DF6MM;R19
DB6OX;K39
DF3MT;C01
DF5NW;Z64
DF6NT;B05
DF7ME;C10
DF7NP;B18
DG2JO;L16
DL6BF;I21
DL2BBQ;I24
DL7RL;Z20
DF4IB;A40
SWL DL;I14
DD1JR;R20
DL7WR;D03
DL5KAD;G38
DF9SU;P32
DC8LG;C08
PA0MTJ;R14
DF8BR;I21
DF6DC;O08
DC7CD;D06
DC2RP;C31
DL1EJL;L04
DJ6GW;H26
DB8WN;I07
DL3BBL;N22
DC2HT;E12
DL1SCE;P12
DF1BQ;I04
DJ5SS;P05
DF8SS;P07
DK6HU;E02
DF6XK;N09
DF4PG;K18
DF8HS;E09
DC2YJ;B36
DF1AF;H51
DB2TD;P12
DF1QG;N07
DK4MF;C28
DL5KH;G33
DD7KD;G22
DL2HAJ;R15
DC3KW;G02
DF6BV;I31
DH3EWA;Z04
DF8DU;O26
DF3YG;D03
DF4QW;N09
DC6NB;F09
DB8MP;C02
DL3LT;Z22
DJ5ZP;I04
DF1KJ;G39
DB3FU;M12
SWL DL;L05
DF1KK;G03
DK7TH;P46
DK9WZ;K10
DL2UU;F02
DL3WB;G10
DL1KAV;Z37
DE1OGF;A44
DF6ND;B28
DD2NB;B33
DL1ECR;L15
DJ1GF;T10
DF2YL;D02
DD4FC;F20
DB2VQ;Q11
PA3APW;R13
DL5GH;P09
DL2KBU;G22
DD1JQ;R09
DL1BCF;I07
DD4FA;F20
DL5BU;I05
DB2XA;I32
DL7UW;D01
DL7VG;D07
DD1CH;C30
DF2NU;C18
DL5OAO;H39
DF8YH;N35
DL7VD;D06
DK7SR;P11
DF6GK;A31
DC0PU;A31
DL5KCD;G20
DF8AG;H11
DJ2MN;R19
DF1OY;N05
DJ1NH;B08
DK1RO;U14
DC9QW;N30
DJ2ZB;K33
DL8MT;O05
DF3AG;H28
DB7XQ;Z36
DL1BBG;I08
DL1IV;C08
DF6CZ;T01
DF2EC;L15
DJ7UC;K03
DL5MAW;C14
DL7VH;D11
DF6EX;U23
DJ8UG;A10
DD1EE;R06
DJ8MO;H39
DL4AS;H39
DF3OR;H39
DF1CJ;T10
DK5FH;F09
DB6IT;A10
DF5CS;C04
DC3JR;R22
DF1DT;O40
DK8TA;P43
DK6WD;K31
DK8OU;H28
DD1JG;L15
SWL DL;H11
DL3YAW;N47
DF8XE;N05
DL4EX;R11
DF4IH;K04
DL4BE;I15
DL1BCY;I40
DL9NAH;B05
DD2DD;O32
DL9MAW;B05
DL6NAB;B18
DJ6XZ;E26
DL6YCJ;D11
DJ5TJ;Z49
DK8QZ;L03
DK6LI;M09
DF5MM;C06
DD0BX;I17
DF6MY;C15
DB9XV;I41
DF7YS;N25
DK8SV;P38
DB2XL;I07
DK5GC;A08
DH2MAX;T14
DF2MP;C22
DK1VS;P09
DF3DK;O06
DJ9AS;B06
DL9CQ;C21
DF1JM;L06
DK5ZO;F15
DF5NU;B06
DK5HP;E20
DL5EQ;R07
DD1JN;B10
DL6KBJ;G02
DC1QB;N47
DO9WRL;F34
DF4DV;F01
SO1TH;P19
DF6RF;U13
DK9DA;O15
DK6ER;L20
DD0WQ;H42
DL2FAG;F36
DL2FAH;Z25
DK3BK;N28
DL8FAC;F62
DJ4EY;O03
DF3SF;P33
DB6PF;K05
DF9KX;G18
DD4LW;M01
DL1WT;H10
DL5EA;R22
DL5JE;R23
DF3JH;R10
DL5GC;P09
DF4NE;B06
DL3FAF;F37
DL4IV;Z22
DL9NCF;B05
DL7EJ;D10
DL1KBL;G08
DF6DN;O08
DG7YH;N47
DF3ER;L14
DK7AU;H09
DL4BRN;I43
DL8NBF;B06
DF6VO;N43
DF1QK;N31
DK9JI;N17
DL8MAM;C25
DL9KBK;G22
DF5BO;I07
DL5ZV;O53
DB8KR;O26
DL1LB;M09
DF3RE;U13
DK5QK;O06
DL7GN;E10
DH2BAA;I41
DF4BS;I32
DF4EK;G11
DL1BGB;Z02
DL3EA;F39
DF5DN;O26
DL5GF;Z49
DF1DB;O16
DF3NZ;B10
DD2OG;F10
DL5NA;B01
DC3OX;H31
DH2DAJ;O49
DF9RI;U03
DL2MHF;T20
DL8LR;R14
DK5NG;B38
DF5MG;P16
DB3EN;R11
DL4EBE;R29
DK3KD;R25
DF4HC;E27
DL4JH;L09
DF8NX;B06
DF3ZE;F37
DF3AY;H12
DL1EWD;N26
DK9IM;A07
DK9ZV;K19
DL3EW;R20
DF3DE;F15
DD3NJ;B14
DK6BU;Z02
DJ1BC;I08
DB8UY;B06
PA0ATG;R07
DL3YCJ;L19
DL8SCO;P28
DJ7UU;O20
DL2GK;R01
DF4UM;P07
DF6KD;G33
DL3DX;H45
DL7QH;D10
DC2NT;B27
DL2NAD;B06
DL9JZ;Z01
DK9XK;Z50
DL5BX;I12
DL5GBD;A31
DL9HBX;E04
DF3LS;M13
DF3EC;L31
DL8SBN;P42
DJ0GZ;R14
DL1DZ;O19
DJ3FS;H01
DL2HAV;E07
DF9AA;H13
DB3XE;N43
SWL DL;D03
DJ2AG;T04
DK9EO;G28
DF1US;K14
DF5TV;P07
DJ9EU;P12
DK8NM;B11
DJ3SW;A40
DB1VQ;Q13
DL1BED;I43
DB4NJ;B22
DF5DZ;O08
DF6DE;O08
DL6TG;Z11
DC2QA;N20
DL2EBV;R18
DF6YW;L03
DF3EK;L31
SWL DL;H13
DK5LM;M05
DK1LK;M32
DJ1RD;U29
DK8GR;P24
DF6TG;P19
DJ8VZ;I11
DJ4RL;R10
DF8QG;N13
DB9GN;A31
DF9BU;I47
DJ6QB;N20
DB1VN;Z19
DF5AG;H10
DL5OAB;G20
DL6BBB;I10
DL6IS;Z33
SWL DL;A36
DD7GM;P19
DE1CJB;L05
DL7PZ;D24
DL6BB;L08
DB9JP;R25
DL2NT;N32
DF3CW;C26
DH2BAC;Z53
DJ2AX;R08
DF5OI;H53
PA3AUQ;R13
DF2CQ;C25
DJ1ME;M14
DF5DD;O37
DJ1GH;N06
DB9DA;O08
DK5ZT;F07
DL5KJ;G37
DL9FAM;F40
DL5DBA;O33
DL3CW;F05
DF8ZD;F69
DL7AN;D05
DF9HN;E16
DE1EWA;H03
DL6MCC;Z30
DJ2SI;P02
DK7VW;P62
DB8PZ;F74
DL6MG;C26
DK9JR;L14
DF5GY;A14
DL7YE;D06
DK6EJ;L09
DF3EN;Z39
DJ3JW;H18
JA7SOQ;R12
DF7UY;A16
SWL DL;C22
DC3FX;F30
DF7QR;N40
DL2FT;Z37
DK5WY;K36
DK5BJ;I02
DJ9HX;P50
DK5TS;P14
DJ6GE;N17
DK7HQ;Z29
DL7AHS;E32
DC5OX;H04
DK9VD;Q18
DJ9WB;N16
DL3ME;C37
DB7VN;Q05
DB6ET;R16
DJ4UI;K07
DK7OV;H35
DF6AD;H01
DJ5EH;R07
DL7WE;D11
DK9LG;M06
DK6HW;E05
DJ2OJ;H27
DF5DX;O08
DK2MB;P13
DK2MC;P13
DL2PY;L14
DL1GAR;Z49
DL1GAS;Z49
DF8AN;H33
DK9WG;K31
DC4DQ;O26
DL2YAB;N07
DL2FAR;F09
DL3BK;Z17
DF8YC;N16
DL6PY;H04
DF8CS;C11
DD4NL;B06
DF1JC;R09
DK8BL;I36
DB8AZ;H22
DK5XU;E13
DK7VN;U13
DF6YH;N04
DJ7BK;F09
DD2RH;C31
DF3JO;R15
DJ8UV;R16
DK1VY;F10
DF9NO;B11
DK9BA;I21
DB7SU;P35
DD1BL;I13
DB8OD;H39
DD0PW;Z11
DL5NH;B21
DL5LAH;M03
DB2HL;E04
DK7JQ;R25
DD3RB;U08
PA0ASL;R07
DB9ML;C08
DF7OG;H05
DH1MBI;C12
DK6TZ;P07
DC1YQ;C34
DJ2IU;C34
DB2LO;M21
DD7OO;H39
DL2LAQ;M22
DL1BFS;I33
F5LUB;K10
DD9RY;U07
DL6MBU;C24
DL4GT;P59
DD4OV;H22
DF7BW;I15
DL4GY;P44
DG2EK;R04
DF5HH;E12
DL4GS;P59
DB4KC;I23
DK6MT;T20
PA0EE;R25
DL4JZ;R55
DK8ZJ;F63
DC0CI;C07
DB4VU;Q07
DL2NAO;B08
DL1SDN;P08
DC3VM;Q10
UN7MMM;M03
DL4JG;R09
DG7SF;P08
PE1AEL;R26
DL9SAZ;P18
DD8JH;R13
DJ2VK;U05
DF7YQ;N16
PA0OI;R04
DF8TK;P30
DL7GK;F23
PD0LYT;R14
DL9NAP;I54
DL6HCJ;E05
DB2UO;A27
DE0HBF;A30
DF3JD;H20
DL5BAA;I09
DF8ZW;F68
PA2BJM;R45
DL6FAC;F39
DF2TG;A16
SWL PA;R41
DL9UX;Z02
DL5KC;G06
DL2NBG;B33
DL1FAV;F45
DC6JR;R02
DE1YLI;P03
DF7KD;G24
DL4MBE;T03
DJ7WJ;B26
DK3QV;N42
DL3MT;R15
DL6MK;Z25
DL4BZ;I15
DK3TC;A51
DF8BD;I06
DK8DY;O41
DJ7UB;K03
DL9DAF;P06
DL3KBB;B11
DB8OV;H47
DF4MG;C10
DL1FAM;F29
DF9ZY;F58
DL4FDM;F02
PA3AJX;R07
DL3BAG;N10
DL1SAT;P11
DF5KX;G44
DJ3VM;Q12
DF1QU;N32
DJ9XM;A10
DL8NAB;B07
DF2QZ;N52
DG5MI;T20
DF5MP;C18
DC9RC;U06
DL1HH;F43
DK6BT;Z02
DL3YAS;N57
DF5VE;Q05
DL2KAS;G37
DL1BBJ;I43
PA3AOY;R39
DF9DH;O05
PA3DMS;R41
DJ3VK;Q01
DL1NBY;B39
DC3VF;K03
SWL DL;P42
DG3YE;L03
DJ8CN;N09
DF4VQ;Q04
DB7NW;B39
DL9LF;E01
DL9LE;E01
DL1EI;C34
DF9IH;A12
DF2RT;U14
DL1XT;C34
DL1BL;Q15
DJ7ES;R31
DD0BS;I08
DF1TR;P05
DD4KH;G30
DF6CA;C02
DL9UY;G15
DL7RAF;U09
DL4NBE;Z61
DF4PL;K19
DF6IZ;Q15
DL1BBP;I37
DL8DW;N32
DL2MBJ;T19
DL5DM;O11
DF5VO;Q10
DL5HBL;E03
DF8EK;N13
DF7VF;N43
DF6LY;M14
DK8WP;F25
DJ7EV;B11
DL4EBA;R29
DE5YBB;G04
DG3BL;I05
DL5BBL;I28
DL5RAP;U08
DL2HBP;E18
DF9EI;N13
DF9EJ;N13
DL1KJS;G31
PE1DTU;R23
DL6YBY;N42
DF4ZL;F19
DJ4ET;O38
DK7FP;L05
DL7AJX;P03
DF4ZG;K02
SWL DL;N33
DL1BFR;I33
DE1OMH;K19
DJ3EB;R25
DF9ZP;F54
DF9PE;K19
DJ0IB;R10
DC6LK;C18
DE0DAQ;N32
DK3EG;N15
DL8EAW;R06
DB8WZ;I37
DG1WI;N16
DD4NC;B08
DL8BAW;I35
DF4CN;C31
DF2XJ;E07
DF8KW;G26
DF8BQ;I17
DK6FV;F12
DD2TG;P19
DC2KJ;G37
DL4UE;K39
DL3EBG;L26
DL3MCK;Z57
DL4DBF;O21
DL5BAG;I06
DE7RRB;P03
DK2BH;I08
DF6JK;L10
DB8CK;C25
DJ7AT;B20
DL1HBC;E14
DF8TX;P07
PA3CIM;R12
DL3NBM;B26
SWL PA;R13
DG4CAL;C27
DL2NBF;B33
DD4DY;O41
DL1BDN;I40
DK1JX;I40
DF4AB;H62
DF8DI;O12
DL3EAI;R27
DF4BO;I11
DL2KAU;G11
DK7JI;G11
PA3DPC;R07
DL3MBE;T19
DE0HGS;Q06
DE1PAS;Q06
DF1CH;C12
DJ4AO;O10
DF2EH;R24
DF2SE;P26
DH8DAC;O22
DL4AU;H53
PA3BGA;R07
DL2RAM;C01
PA3DFX;R07
DF9JS;R23
DF2OY;H17
DL2NAR;B35
DJ6VM;N53
DL8OE;N33
DL4HBT;E17
DF9OY;H61
DC2TI;A08
DF3WU;Z11
DF1FW;F26
HB9DXA;G46
HA1FCD;T19
DF3NT;B08
DF7YF;N43
DF6UT;P30
DF8JA;L18
DJ3TQ;C17
DF6IC;K17
DL3GU;I49
DL6YAQ;N07
DH3BAQ;I41
DH6DAA;O10
DL8NM;B42
DL8BAB;I39
DF5VF;Z19
DF4FO;F05
DL8BBM;I38
PA1DL;R19
DL3RAE;U19
DL2RAE;U19
DD8QB;Z14
DL1NBM;B04
DF8KR;G40
PA3AJT;R07
DC6MF;R23
PA3BAI;R39
DJ6OY;P11
DK9WFA;F16
DJ4VH;F07
DF4AZ;H62
PA3FID;R46
DF5AN;H09
DL7MAL;U11
DF9UV;Z66
DF1NY;B37
DF9IS;A45
DD1GB;A09
DF7AA;H09
DL1FAW;F12
DL5HL;E02
DL5LV;M12
DL8QJ;L15
DL1GAZ;P19
DF5QC;N26
DL4GC;P03
DJ5TU;M06
DD9ZB;F38
DL2FAK;F09
DF4VR;Q12
DF4ZQ;F03
DL4BAG;I08
DF7HY;E13
DL3WA;G39
PA2SAM;R19
PA2JSL;R04
DL4NAM;B07
DL5DBJ;O51
DL9EAT;R28
PA3AWZ;R46
DF2JA;L17
DF8ZH;F16
DL1YCN;N06
DL3RAD;U13
DL5LZ;M16
DG5JC;R22
PD0HFD;R22
DL3EAY;L08
PA0MAW;R37
DL2EBP;R13
PD2PN;R28
DJ7CN;G24
DE0TMD;E14
DL6BAM;H32
DL4EBS;R28
SWL PA;R13
DE1GIS;Q05
DG2KQ;G22
DF9KR;G22
DL9BAO;I33
DL2BBX;I01
DD3AW;A24
DD3GD;P57
PE1FOS;R39
DG3SD;P02
DC4LI;M06
DK5WP;K31
DL5MAS;T04
DF3AZ;H62
DF3FL;F27
DL9BAR;I08
DG9NR;B13
DJ9JY;L30
DL2HAI;E18
DL1EFM;R19
DE0HJP;L03
DF5WS;K50
DL4OT;Z78
DD7OQ;H39
DL9KBF;G11
DF2JO;R26
DL4EAE;L18
PA5DX;R41
DL8SAY;P24
DL9MBZ;C25
DL4HAR;E18
DF9KV;G19
DG9NAS;B04
DL6ZAR;F09
DG8FAU;F43
PG7V;R34
DL4FAP;F42
DL8HAZ;E28
DL8BBB;I08
DL6DK;O47
DL5YCU;N36
DL4NAC;B06
DL9ZE;F45
DD7DL;O38
DK9WK;K36
DG7YBF;N03
PA3EBF;R39
DJ6ZC;E07
DL9DAM;O15
DL3KHW;G20
DL2ECV;G21
PA3DZQ;R46
DD5IG;C19
DL5GAE;A33
DL3FAK;F67
DF5HO;E09
DF6YD;N13
DL4YCU;N02
DL3GAF;A31
DC5QR;N30
DL4DBK;O45
DL9WT;H45
DF9JZ;R09
DL4DP;O52
DJ3GJ;F13
DB7VY;Q08
DK9VX;Q08
PD0HJC;R46
DL9FAW;F26
DF9QL;N15
DD0LO;M18
DD7LD;M18
PA0ALD;R18
DK7ZH;F26
DF1VX;Q05
DF5LV;M17
DF7ON;H31
DE1PML;I33
DJ3WM;H45
DF1ZQ;F26
DL5LJ;M01
DL3HAF;E14
DL9NBF;B06
DL3FV;I19
DK3EP;K28
DL8FBD;F54
DE1NOR;L20
DL9DAJ;O38
DF9RT;U01
DF8KG;G16
DL1NAT;Z51
DL6EAE;R09
DG1LP;M03
DF4IE;A40
DL9RBI;U23
PA3CCL;R33
DL3HAB;E04
DG3EG;R16
DL5LB;M08
DJ4LD;M17
DL5SAD;P11
DL8LAE;M27
DL3NAU;B36
DF4IA;K16
DL3YBP;N01
DL6BBF;I08
DJ6QO;M10
DL1KDY;G22
DJ2GJ;I54
DL8HAV;Z72
PA3BMU;R07
PE1AAA;R18
DL1ZAN;F09
DK8DB;O41
DK3IG;Q04
DL4JK;L30
DL9OE;H08
PD0EBF;R07
DL4MBL;T20
DL7ABK;D06
DL1MDX;C26
DL3LAZ;M18
DL4BBP;I06
DF6UD;P13
DC8VA;Q17
DB2UJ;K42
DL3KAI;G15
DF4WV;N01
DL1MAB;C12
DL8DAH;O22
PA3EJR;R23
DL5DW;O06
DL5EAW;L14
DB9DF;O47
DG1YBR;N01
DG2DAC;O21
DL1MDH;T19
DE0ESS;B23
DL8NAP;B06
DJ2RF;F22
DD7YT;B38
DL2KCH;G06
DL4FBF;F59
DF3ZR;F54
DL8OZ;I07
DG1MBX;C23
DH4NAC;B05
DL9DL;P24
DL6YBE;N11
DD0DJ;O29
DF2UD;K17
DK7QB;N54
DF3ZK;F23
DL2EBW;O32
SWL DL;G27
DL2LAG;M04
DG7FBO;F67
DL5ZBA;F15
DL3ZAX;F09
PD0GGZ;R19
DG3LR;M12
DD2LL;M05
DH4NAX;B05
DD7ET;R01
DG6BBF;I14
DB2LM;M25
DL4IZ;K39
DF8WS;K31
DG1RAF;U06
DD1JW;R16
DH2LAK;M06
DL1HAE;E18
DJ2ZI;G10
DL6ZAJ;F17
DJ2LH;M02
DL1BFW;I53
DL9RBO;U20
DL1LBS;M25
DL1ECG;R11
DG5EZ;L07
DH4OAD;H23
DL5QT;Z14
DH2EAR;R28
DF5OQ;H23
DJ4RW;U05
DL1BAH;I09
DE1ONL;F01
DB7YP;N27
DL4JR;R06
DL6GE;A09
DJ3JF;Z39
DL1MAX;T21
DL9FBI;F59
DL4EP;L01
DD7IW;K09
DG3EO;R14
DJ1AU;H15
DG2BAT;I02
DF8ZI;X36
DH8JN;R13
DL6KBV;G22
DL5KAQ;G22
DF1LU;M25
DK5KN;G09
DH2EAS;L26
DD8AK;H24
DF4WA;K34
DE2WST;F01
DL9DH;O05
DF1LV;M30
DL6BO;O05
DL8KBH;G24
DL6EAA;L11
DD9SW;P51
PA3BMJ;R12
DG6ZN;F43
DL8BBL;I37
DF5PU;K40
DL5GBJ;P34
DL8GBX;A25
DL8EAR;R28
DL4KAH;G39
DG1NV;T09
DL3HAY;E28
PA0F;R17
DL1QO;N29
DG9DAB;O52
DJ5KB;N01
DL3NBE;B28
SWL DL;O05
DH1EAK;L05
DL6EAQ;R09
DL5GAU;A31
DG9MAQ;T20
DL8PY;M06
DL5RBV;Z64
DF1OD;I38
DH4JY;R13
DL5BAW;I53
DF9LB;M06
DF3WW;G55
DL3TX;H16
DG7OX;H12
DL4OD;H12
DL4BBH;I25
DJ8BX;I33
DL1HAJ;E36
DC1QD;N28
DF6AT;H21
DG2FBS;F07
PD7DIG;R18
DG8KAL;G05
DL9ZAI;F17
PA3DSM;R18
DG1BAW;I05
DD6JU;R15
DJ7HM;E03
DL7ACV;D24
DB3YP;O35
DG8YCA;N34
DL2GBD;A14
DJ5LS;M17
DF9QC;L03
DJ3OP;K06
DL6EBV;R22
DH6SAE;P47
DG1DAE;O50
DK5MO;B10
DL1LAF;E33
DL1SN;P24
DF5CW;C14
DL4YBR;N49
DL3FBW;F07
DF5KU;G24
DL8LAW;M32
DL8LK;E14
DJ0EE;I53
DL2FBC;F43
PE1IJX;R23
DF1XC;E16
DB2BK;I37
PA3BKP;R43
PA3CFO;R43
DL9EAD;R05
DH5YAG;N41
DL3GBX;Z06
DF5DG;O35
SWL DL;B11
DE1WBW;F52
DL6WH;K04
DD7PQ;Z14
DL5KO;R25
DL1BJG;I29
DH0EAU;R04
SWL DL;B22
DL6EBT;L18
DL1MCK;T03
DJ4JE;H16
DL9BAC;E17
DF5BL;I08
PA3FGV;R17
DL4TH;A09
DE0KAY;N61
SWL DL;G40
DG4RAK;U12
DL4DAU;O05
DH5KAE;G46
DF2TB;A47
DF3UX;K39
DJ3QW;N16
DE3OKO;O28
PA3CUZ;R03
DL8FS;Q09
PA5PQ;R47
DL5RN;U17
DF7HD;E13
DK8FA;F17
DF7AU;H52
DG9OE;H50
PA3CAE;R07
DM5WH;F17
PA3AWX;R04
DL2BAN;I04
DG5SAA;P15
DL4YAZ;N16
PA3DKK;R12
DG7BX;I03
DU7/DK9SC;M24
DG2YAZ;N43
DF6LE;M22
DG5DAM;O41
DB8DB;O41
DG4DAM;O41
DG6DAN;O41
DL5DAZ;O41
K1IWY;T05
DG3YCB;N04
DJ8NI;T18
DL4MAK;T18
DL4UM;K17
DL5MCE;C07
DL5DAD;O10
DK9CR;U25
DL1RBK;C01
PA3DVJ;R22
DL4RU;U23
SWL PA;R04
DH0KAL;G25
DB6VN;Q03
DL8NCG;B39
DC1DP;O05
DG1NAS;B08
DK9FE;F70
DJ4DA;P11
DG1GAM;A26
DL4EAT;R08
DL5LAG;M09
DJ8WO;H06
DE1WGG;G49
PA3CPG;R37
DG5FBI;F59
SWL DL;A20
DG4YBI;N30
DB8SV;P24
DL1YBN;N23
DB4JK;R01
DG6PR;G09
DL8NCA;B11
DL1GCB;P34
DK6UZ;A10
DL7AMI;D11
PA3BVU;R18
DL1ZBO;F42
DL9NCC;B11
DJ7MD;O17
DH1JE;R23
DD3HS;E18
DE0LBH;A41
DE1PHP;N32
SWL PA;R04
DL5KBB;G30
DL5JP;L20
DL7MAS;T04
DJ7CG;I05
DD0HH;E01
PA3EDV;R04
DL2DBK;O10
DL5GAM;P30
DK4JL;L17
DG9EY;L12
DL9AAE;H39
DL8QT;I35
PD0LCM;R20
DG2JT;R01
PA0KJH;R04
DD4DB;O50
PD0NUY;R12
DL6ZAG;F52
DL5GBG;Z26
DL6ZBX;F26
DB8KJ;G22
DL5OV;B39
DC1UD;K04
DL5HAN;Z07
DL9KCX;G27
DL5FBL;O29
DB2UM;K22
DG3BBB;I04
DL8EAQ;R29
DL6BAI;I36
DG6JR;R04
DL3FBR;F47
OZ7BN;Z60
DF1RA;R14
DL8FAX;F36
DL8YCM;N49
DL7NB;B40
DG4AW;H33
DL5MCH;C01
DL6LAG;M33
DL3ECI;L24
DG3PX;K24
DJ0ACO;P42
DG1LAR;M21
DL2JTE;S55
DL9DAW;Q21
DL6YCV;N20
DF4DU;O19
DG3BBF;I04
PA3BWQ;R20
PE1JSD;R34
SWL PA;R49
PA3BMC;R12
DL4IB;F50
DL2HBL;E04
DC0EL;R18
DL4IW;K22
PE1HNR;R26
DL4SAX;P41
DK5LQ;M01
DF8AC;H59
DG3SAA;P02
DL1JZ;R23
DG1YDB;N42
DL8OM;H39
DL1LAW;B02
DH0YAF;N01
DL3HBS;E21
DL8LAC;M15
DL3EBI;L08
DL1BEX;I09
DL3DAA;F15
DF5IS;K06
DB3TL;B30
DL1MCD;C04
DL6NT;B35
DL2HCG;E13
DL2NL;B10
DL8ZAW;F34
DJ9IW;C31
DE1HCA;F01
DB1YAK;N22
PA0CVE;R18
PA3DGF;R25
DL4MCF;C26
SWL PA;R46
DL3JV;F30
DF2UF;Z22
DK8XB;M31
DF3AX;H43
DK1DN;O32
DC4LV;E33
DJ2VR;P02
DL1NP;M13
DK2UR;K22
DL4HBF;G40
DE0KUB;O12
DL1NM;Z15
PE1MPQ;R37
DL1SCQ;P12
DJ6DO;O22
DB5LD;E31
DG5DAL;O52
DL7ABZ;D11
DG3FBL;F49
PE1ODY;R23
DJ6SI;G29
DF6KY;G19
PA3BJD;R14
DL4BBY;I42
PA3AWW;R12
DK8NW;B02
DK7FX;F16
DL1ECU;O32
DL3WK;H61
PE1IJY;R23
DF7OJ;H54
PA3EQU;R14
DL9FBX;N05
DL6NBO;B30
DL6ON;Z84
DG5PK;K24
DD8BF;I11
DL7IC;D03
PA0ASD;R04
DC7NI;D02
DL5KAY;G04
DG4MCA;C07
PD0OFP;R17
DL7VE;H09
PD5FDV;R17
DL1GDR;A40
DL1FU;O39
PA3DII;R14
PA1AT;R32
DL3FAU;F37
DL1MDB;T20
DD5JP;G18
AK2LBB;F24
PA3DMX;R28
DF6WP;K29
DL3AAH;H59
DL2HAZ;E04
DG8NAR;B11
DL4IAV;A39
PA3FCJ;R04
DL1YCM;L03
PA0RMR;R18
PB2A;R07
DL2EAT;R08
DJ1PV;M25
DJ5QE;N20
DF6HD;M22
DB5FW;F07
PD0MDA;R36
DL8CA;Q02
PA3DEY;R39
DL9KCF;G05
DL8NBY;B19
DG6NAC;B08
DJ9YI;R16
OM3CFF;LMI
DB7ON;H32
DB7BT;I10
DJ0TJ;F53
DF2HA;H54
DJ0BS;H54
DF6MF;C31
DF6MF;C10
DL3SCR;P02
DL1MDV;C05
DJ2BA;I17
PA3EOZ;R26
DL8DBF;O52
PA0CWS;R41
DL4LAX;M12
PA3CPI;R15
PA3CYN;R04
DE0MEG;R16
DF8AB;H59
DL2FBJ;F48
PD0BIN;R20
DF5UA;T13
DL7WJ;D08
PD0EAY;R15
DJ0SP;N53
DK8ZM;F12
DF3BP;I30
DL4GAG;P21
DK7RM;U02
DL7AB;D03
DL6YBO;L03
PD0CFW;R33
PA3EMF;R36
PE1FEI;R41
DE7TXL;D05
DL4IAU;A41
PA3ESZ;R37
PA3DGK;R12
PA3CQF;R12
DL4KF;G24
DF6LL;M03
DF8QD;N21
DC5LI;M17
PD0GIP;R13
PD0NOL;R18
DJ2OA;H45
DK1OU;O37
DG4EJ;L04
PA1JON;R14
DL6SBO;P08
DE0HSS;G30
DK9ZL;F05
DD4FS;F61
DL2NCL;B26
DF4WN;K25
DG4LK;M33
DK7VC;Q09
PA3AGN;R08
DH9KAF;Z37
PD0JNG;R18
DL4GBA;P09
DF1NK;B13
DL8HBD;E03
DD3EI;R18
DL8PT;K28
DD3EK;N54
DL4YDB;N12
DG9FBW;F12
DJ8EE;Z07
DL2KCI;G50
DL4HCN;E14
DL9YBD;N05
DF5DR;O32
PD0NME;R07
DK9KG;G10
DL9YH;G19
DK4ES;P48
DL1NAB;B07
PA0ABA;R47
DL1SAG;P32
DF2WZ;M06
DB6SQ;T15
DF6LK;M25
PE1LLJ;R14
DL1KCY;G48
DK2AU;H25
DL2DBP;O45
DE0EST;E12
DF6AI;Z35
DL3NCG;B13
PA3GBW;R14
DL6KAR;G20
DF7CP;C14
DL3PU;K45
DG4IG;K22
DL1ZBS;F74
DL7JK;C24
DL9AAS;H66
DG4YCY;N08
DE0WSM;R01
DK1RQ;U03
DL2MCV;T08
DL4MAW;C32
DG4GAA;P59
PG5V;R37
DF5WV;Z21
DG6NBE;Z51
DG4BZ;I47
DL4HCF;E33
DL7AKR;D11
DC9FW;F14
DB7HB;E29
DF8WJ;K25
PA3FRD;R14
DL6BAP;Z43
PA3DUG;R04
DL6OAT;H11
DL4GCH;A48
SWL PA;R07
SWL PA;R25
DD4OW;H13
DE0DDX;G21
DL1PG;H13
DF3WH;K45
DJ3BZ;E29
DF2WV;F70
DL5SCX;P26
PA3FSG;R14
DL9ZE;G03
DL6HBR;Z27
DL6OAN;H55
DD4PP;K47
DL5SN;P25
DD4FA;F21
DF6UL;Z06
DL3LAT;M33
DL2SBL;P37
DL1EFI;U09
DL8FBP;F36
DG6PP;K51
DL5HBG;E16
PA3CLQ;R07
DB1FZ;F35
DK8PL;K18
DL6MDW;T21
PA3CAU;R39
DL1OAS;H45
DF6WQ;K34
PA3ATJ;R43
DF8AJ;H53
PB0AHP;R14
DK3LM;B13
DL3PF;K45
PD0MTB;R18
PD0HHQ;R14
PD0OZN;R09
DL6ZBY;F43
SWL PA;R14
PA3EBE;R49
DL1MFM;T19
DH2FAL;F02
PA3BEJ;R37
PD0DHN;R14
DG7YDL;N16
PA1KO;R07
DL3ECE;R18
DL8OK;H46
DL1NR;B06
PD0ONT;R17
DF2LH;E12
DF8IW;A10
PA3DVT;R14
PA3EHR;R14
DF5UG;C30
DK2BU;E22
DK9FA;F68
DK4VF;M27
DC6DY;E30
DF9DM;Z38
DL8NCS;B33
DG2BQ;I33
PA3ETN;R14
DD0DU;O41
DD0DG;O41
DL3DE;O17
DH8OAK;H54
DF5TS;T12
DJ4LY;M16
DH3MAW;T20
PA3ENL;R16
PD0LCR;R12
DF5BX;I37
DJ7LH;T01
DH0YAJ;N25
DG8NV;Z51
DL3DAE;O11
DJ7LO;M01
SWL PA;R39
DG5YBH;N37
SWL PA;R41
PA3FFV;R14
DF4CM;T01
DL8DBJ;O17
DL9YEJ;N29
DL6RBS;U02
DL6RBI;U02
DL1KNW;G07
DF2XR;E29
DJ2KR;H20
DL8DBL;O18
PA3FXC;R14
PA0DIN;R35
DG2BE;I51
DL6BBY;I51
DL1GBO;A32
PA3CEB;R41
DF9AS;H21
DG6FT;F29
SWL DL;P07
DD2DF;O48
DL4YDN;A47
DL3YBY;N20
DC6KI;G22
DF5WN;W18
PD0MLO;R18
DB9KM;G37
PA3ELJ;R14
DG7AM;P35
DL9BAV;I26
DL4NAV;B04
DK9UA;A43
DL1KAU;G08
DL7AKT;D03
DL8YBJ;I54
DG3RBL;U04
DL4NBV;B05
PE1MOY;R14
PA3FTS;R14
DL6NV;B38
DH6JC;L15
DF9PU;K19
PE1OFJ;R26
PA0AWJ;R04
DL5FCS;F68
DH5AAC;H54
DC5VT;Q07
PA3ELP;R07
DL7SS;P07
DB7YAG;N20
DG8HC;E13
DL8HBV;E30
DL9NDA;B39
PA0CJN;R28
DD2SM;P47
DH9FAA;F09
DF7ZZ;F05
DK1WF;C15
PA3DKH;R14
DL9YBI;N52
DG4KAU;G18
DK3EM;R11
DH5LAR;M32
DH6LAE;M04
DL8YDV;N47
DL8MEB;C12
DL6YDR;N41
DL5ZAB;F43
PA3DZG;R49
PD0MGM;R49
DL8YDP;N52
PE1IKO;R03
DJ3RL;G15
PA0NDS;R13
DJ5GD;P09
PA3CWG;R40
DL4ZA;A19
DH8RAH;U17
DF7CH;T03
DG4NAB;B29
PA3BYF;R41
PA3CIS;R41
DF6UQ;A31
DL1ECO;G21
DF6PL;K41
PD0PNC;R08
DL5OAH;H17
DD3KF;Z32
DL8SAD;P08
PB0AFT;R14
PE1DAO;R49
DC0ZJ;F14
DD2RB;U16
DG7DN;F21
DB1HX;E32
DL3OF;F05
PE1LQS;R17
DL8HAO;E03
PA3DYR;R01
DL5AQ;H36
DL8HCJ;E13
PF9A;R46
DL9IE;P07
SWL PA;R46
DJ5KX;G09
DL6OJ;H62
DK4BH;I54
DL2AAE;H11
PE1B;R22
DL8EAL;M10
PA3DPB;R06
DL2SCJ;T13
DL7VU;D07
PC2F;R08
DJ6DI;O16
PD0OPT;R27
DC4JP;Z81
DH2YAR;N14
DL8YAR;N05
DF4XU;R14
PA3CXX;R07
DL8HF;Z16
DB1FV;Z05
DE1BEN;K39
DL6MAE;T03
PA3BWR;R39
DG4FI;F05
DD1NB;I33
PA3BVD;R19
DF5NX;B34
DF1QM;L03
DG2LAB;M01
DL8SBO;P42
DL7APE;D08
PE1JPE;R14
DL6AAV;H27
DE0MST;C07
DH1YAJ;N20
DG8EQ;L16
DD0ID;A20
PA3FFW;R39
DH8NAP;B38
PA3CLD;R15
DF8WT;K46
DL4DBM;O08
PD0NCF;R43
DL1RDQ;U02
DL3ML;G15
DL7AMM;Y21
PA3COI;R46
DL5RI;U18
DL6AAC;H53
DL7AMC;D02
PA3EBA;R23
PA1CW;R20
DL8EAH;R20
DL1BIJ;H17
DL6DBF;O23
DL4OK;I19
PA3AOC;R35
SWL PA;R26
PA5W;R41
SWL PA;R37
DK9NJ;B32
DH4IAB;Q01
PD0CGA;R43
DF3UR;F50
DD9GE;A21
PA3GAL;R07
DK5DW;U16
DH3MAY;C16
DL2YDS;N16
DK1BV;Z02
DF5WQ;K28
DK6BN;I04
PA3FGM;R17
DL4OAW;H24
DE2KHH;F14
DF3BO;I07
DJ3DR;I54
SWL PA;R18
DH1HF;K24
DK4MO;C25
DL1KDI;G11
DK3LC;C08
PA0VDZ;R05
DE3YLM;E30
DH0LAI;M03
SWL PA;R14
DK4JF;R15
DL4EBK;L15
DF3YW;W04
PA3EDS;R27
PA3DUB;R25
DL8SCC;P25
SWL PA;R37
DL1MET;C32
PA0RHA;R41
DL8WN;K04
PA3FSJ;R23
DJ2LD;M03
DE1JSM;P50
DL2OBV;H12
PA3FVH;R14
PA0JAL;R07
DH9KO;G22
DB4KX;G11
DL1EFC;R22
DC2SF;T15
PD0NTB;R28
DL4XAJ;E30
DL9SDD;P32
PA3DIW;R14
DB1LW;M25
DF9PD;Z74
DG3OAM;H62
PA3FAZ;R25
DL3SK;M24
DJ4AZ;C11
DL1EIH;R11
DH3AX;H21
DF8SV;Z58
DG4AK;I16
DD2AP;I16
DL6NCZ;B18
PE1MDS;R28
DF2UN;A46
PA3FYQ;R31
DH7WB;D13
PA3EAP;R26
DH1YBA;N53
DK4FR;F25
DD2PQ;G25
DL2RDI;U26
DE8YYE;O05
DL5NCW;B26
DL1GPG;P21
DC1PDA;K01
DF4DT;O44
PA3ELF;R14
DL8NCW;B18
DG3IE;A12
SWL PA;R12
DJ2KQ;G14
PE1LTY;R34
DL7ATL;D12
SWL PA;R19
DL6YEI;N53
DK7LA;M28
PA3CSW;R26
PH8GB;R04
DL6DC;O19
PA3ELU;R19
PA3BAY;R18
DH4SAS;P02
DL2EDE;L30
DL8SCP;P01
SWL PA;R41
DF5VW;Q18
PA3BYU;R14
PA3FDT;R14
PE1LZL;R12
PE0CVL;R28
DL9RZ;Z16
R1CC;LO25
PA3CPX;R03
DF7YV;G22
DE1KSN;O30
PE1KWS;R18
DL7IS;K17
DG2NBZ;B02
DL3EBW;R13
DF1TB;P46
DL5XL;E20
DL1NAI;B31
DE4HWG;H13
DF8VM;Q04
DL9KJ;O11
SWL PA;R24
DF1IK;Z09
PA3FNC;R35
DK3HK;G22
DL9DBQ;O01
DL5KDS;O01
DO8TOH;F60
DL2NBR;B08
DL1GQE;A16
PA3EPV;R37
DL4SDR;P56
DL3DCY;I54
PA3FCG;R08
DL2DBL;O05
SWL PA;R28
DG4YFK;O38
PE1LUK;R39
DJ1HT;L05
DL9KCJ;G24
PD0JPJ;R06
DA1ZE;C24
DJ6QQ;G07
DL4YEF;L22
DB5QO;L22
DD8QJ;O38
PD0MVV;R43
PD0MKC;R03
PA3YL;R08
DH4BAZ;F76
DL1DBO;O19
DF6IM;A24
PE1LZD;R37
DL1SCO;P11
PA3GJU;R31
DF1IAM;A10
DD7FZ;F61
PA3FHN;R14
DL4DCK;O38
DK5ON;N37
DL2DBT;N09
DE5HPE;Q03
DC9PK;K45
DL4PP;K04
DL7ANN;D06
DL8DXL;S22
DM7DX;W22
DL4SVA;V10
DH6KB;G37
DG2DL;O43
DL3EAD;N17
DL9GFB;V06
DJ2RG;Z85
DL5YCH;Z34
PA3FVX;R04
DL3KWR;V11
DL3KWF;V11
DG9DD;O08
DL3DBY;N53
DF8BM;I15
DL3KUR;V11
DL5YAM;L03
DL7VOO;D21
DL2ARN;X42
DL3KZA;V10
DL1BRM;Y21
DL2AYJ;X22
DJ1LG;M31
DL3GBD;N17
DL3JJ;S54
DG8EAX;R13
DD1EG;L10
DL3BQA;Y16
DL8TG;H24
DM5AA;V11
DK6PZ;K05
DL1JTN;S46
DL6UM;X20
DL5XAS;I04
DK4OM;H39
DL8MLD;W09
DM3YEA;V05
DL7ANQ;D05
DL1NTZ;V26
DL7URA;D26
PA3FGD;R08
DL9UDS;Y27
DF1AN;V11
DO7ND;B20
DL5UF;A24
DL5AWI;X11
DL2FCE;F43
PA3FHZ;R14
DK2QF;M29
DL2HWI;W29
DE2RTM;R22
DL2ANI;X09
DL5NST;V22
DL3VAA;S14
DL6AMI;X19
DL5HCO;E18
DL3DXF;S04
DL2NDE;B18
DL7UGO;D26
DJ5JO;R25
DL1ARJ;X28
PA3DOG;R08
DL6KVA;V05
DL5ME;W05
DL1DXF;S28
DL2KUS;V11
DL2OBN;Z35
DL6CNG;W08
DL8ZWG;R01
DL8AWK;X31
DL5HCN;Z07
DJ6PV;P19
DL4KUA;V11
DJ2IA;F43
DL3HSC;W23
DL9SCY;P48
DL8ZBE;Z21
DL6ZXG;W02
DL6UKL;Z86
DJ3HW;H04
DL5MX;X34
DL9GTI;V03
DL8UXF;Y43
DC0EJ;L30
DL8UAA;Y43
DL1APW;X21
DF5AU;X22
DL6SWA;V14
DL6ATI;X14
DL1BRA;Y22
DL1AKZ;Z90
DE0MEM;N12
DL8CF;N34
DL1TC;Y25
DG1UA;Y24
DL2HRA;W19
DL1ELB;L20
DG3DAC;O26
DJ2AX;X20
DL6UCF;Y24
DL2ZN;Z83
DL2IAL;P15
DL6ZVG;H35
DL2SUB;Z87
DF1ZN;A48
DL5LZM;S33
DL4DQA;S10
DL5ARS;X20
DG9MEH;T03
DL5JWL;S65
DM3FF;S28
DG7EE;S54
DG5DWL;S04
DL2JON;S54
DL7UFR;D26
DL1JMN;S65
DJ4WK;H35
DK7YY;D26
DM5DX;V30
DJ0WH;P31
DL1FCM;F15
PE1JZK;R13
DL1RPR;Y10
DL9JJ;P42
DL2SWR;V13
DK9WW;O49
DL2RSL;Y40
DL1SUB;V14
DL5JAN;S53
DJ1AD;D21
DL2BWM;Y22
DL5AKF;X15
DL5AAZ;H53
DL1SVM;V19
DL3KUM;V12
DL7UYO;D21
DL8UVG;Y30
DL2VPF;S28
DL7UFN;D26
DG3LSM;S30
DC4FD;F27
DL7UEO;Y02
DB7HL;X29
DK5RK;W35
DH7UDR;S25
DL5CW;S28
DL5MM;S13
DL1JOE;S54
PA3DHN;R25
DL2VFR;Y07
DF4VO;Q01
DM3QNM;K40
DL6UAM;Y24
DL4SZB;V18
DF3ON;H12
DL5CM;W26
DF2VD;Y07
DL2RMF;F27
DL4HRM;W35
DM5JBN;S60
DH7AGY;D08
DL3AWE;X23
DK8RE;Y43
DL1GWK;A01
PA2CNR;R42
DM2AXO;D25
DL1AKL;X28
DL1EDE;R06
DL6MRS;W13
DM2HK;E18
DL7UCW;Y42
DL3BRA;Y16
DL6CKP;W01
DJ1OL;H35
DH1FBQ;A20
DG9ZY;G50
DL6MVC;W08
DK7OM;V20
DL7PI;D13
DG2OH;H62
DB3YT;N52
DL3LAH;M15
DL3PK;K28
DL5ARN;X37
DL8MDN;C02
DL7UKA;B21
PC7T;R15
DL1DCT;O49
DL3HWW;W29
DL1FC;V22
DL8UBR;Y33
DL3JTN;S50
DL6KUA;V05
DL8LF;E22
PA3DJW;R39
PA3CFE;R39
DL1DCS;O49
DL5XB;E19
DL1SUS;V28
DL2VM;S36
DM2TO;W22
DK9KW;Z85
DL6ZFG;W10
DL1AVK;X37
DE1DSB;H03
DL2RMC;B02
DL5AUA;X26
DL3MGK;B41
DL3BVA;Y16
DL1HWB;W17
DL2GCD;A05
DL2JKN;S50
DL2DTJ;S13
DG8FCT;K37
DL2JV;G24
DL2FCL;F51
DL2VFK;S27
DG0DRF;S28
DL6COR;W37
DL1EFY;L15
DL2AKF;X17
DK3WJ;X22
DL6UKG;Y33
DL7UWO;D16
DL2MEV;T18
DL8MER;T18
DL5YYM;S37
DG1VL;S06
UA1CGS;LO
DL1DTF;S27
DG4AAV;H24
DL9UAA;Y24
DL4SCZ;P35
DL2VEL;A09
DL1EID;R06
DL1ZBH;F48
DL1DTL;S01
DL8YEH;N41
DL1NRC;V02
DD5BM;O33
DL7VMM;D25
DL5JBM;S53
DG3DBJ;O12
DL4LRM;Y28
DL5JRA;S56
SWL PA;R27
DL2HRT;W24
ZL3IO;D26
DF8KY;G22
DL6DH;O39
DL1GEF;P21
DL8DSL;S22
DL2RNB;Y40
DL2ARD;X28
DG9MFQ;C14
DL6CWL;W08
DH1AKG;X28
DL3AWB;X40
DL9MFH;C35
PE1NCH;R23
DL3ANK;X35
DL4SAV;P22
DL2MEG;C02
DL1JAF;S45
DL2JST;S58
DL5SL;S24
DL2LA;M06
DL5JMN;S48
DG4EKI;L04
DL3NDK;B14
DJ4VP;O47
PA3COK;R49
DL2BUB;Y22
SWL PA;R25
DL6LBA;B02
DL1JGP;S45
DL2JSN;S64
DL8DWW;S04
DH4AAL;H39
DJ4IC;V01
DL1ROM;Y40
DL1SWN;V14
DG5FAU;I17
DK4UN;S54
DL2JT;P07
DK4MX;X35
DE3HJM;W09
DH9YAT;N08
DL4ZM;S36
DL9MWG;W10
DL1PT;F37
DL1PK;K15
PA3FQE;R03
DK3WL;X22
DL6UNF;Y27
DL9MAT;T10
DL3YM;A24
DL9JW;R04
DC9JP;R04
DL6OBN;H65
SWL PA;R22
DL1MR;H13
PA3FWT;R12
DL2RMS;Y07
DL3MG;W10
DL6KY;G32
DL7ASC;D03
DL1KEW;G54
DL1DRA;S04
DL2HWO;R25
DE1ABM;C09
DD4JC;I09
DE1JSH;E07
DK3HP;H10
DE1DWU;H23
DD4OT;H07
DL1BRD;Y22
DL4XH;Z70
DL8SDC;P06
DL2NOD;V22
DL5BCM;I04
DH6JV;R15
DG2LO;M35
DG6LAR;M35
DJ8RS;V06
DL6UCI;Y33
DL6AAZ;H53
DH5OAK;H29
DL4MA;X21
DL1KDM;G54
DL2VLA;S07
DM3HZN;S53
DF8JT;R19
DL8NCU;B36
DL6ARI;Z83
DL1EHY;R26
DH1SAJ;P37
DG2GAJ;P30
DJ4DF;O15
DG7YEO;N13
DL7VOX;D27
DE3HLA;Y16
DL1ABA;H24
DH3MD;P28
DD1QZ;L03
DL6JZ;Y36
DG7DBN;O26
DH9OAE;H55
DJ0MAQ;D11
PA0UE;R28
DL1GGK;P09
DL1AUK;X37
DL1SWB;V28
DH7WW;S45
DL8USA;Y13
DJ1PE;K32
DL6DCC;O26
DL8OBD;C12
DL2MDX;T03
DJ5HT;E02
DL2JRM;S50
DL9GWD;V11
DL1RMW;Y04
DJ3AX;X47
DL5AYI;X02
DL2SDL;P11
DL3MR;S05
DL4NH;V07
DJ6WJ;H02
DL1JDQ;S50
DE1GKE;R15
DL5NS;B21
DL5ZL;X08
DL5KUR;V02
DL1YCG;N02
PA3BAZ;R08
DL1ASF;X26
DL4AMA;K15
DL1PLF;Y22
PA3EIV;R19
DL3SCE;P48
PA0PLN;R29
DL3HWO;W28
DL2LBF;M18
DM2CKK;X32
DK1PA;A07
DL3ARX;X41
DL2SDE;T15
DL6UEF;Y27
G4SXU;Q05
DM2EHE;Y19
DL6NDI;N30
DL7VPR;Y14
DL7ATS;D10
PA3EJL;R19
DF9AL;S42
DL2BWG;Z86
DJ2UB;G26
DL1RM;Z44
DL6MTA;W03
DL1RH;G26
DL3FCG;F31
DE1VTM;G11
DL2SES;P54
DL2KDW;G02
DH8BM;P57
DH0JAE;Y28
DK8VD;K48
DL5ZBO;F11
DM3ZF;Y28
DH0IAV;V26
DL6HBH;E07
DL1HWH;W19
DE2HAK;X06
DL2SWI;V13
DL5MHO;T17
DJ3LA;M28
DL3MGT;T20
PA3CFB;R19
DE1ABL;N43
DE1GSW;V26
DL5OBL;H11
DG1EHR;R08
DF2NY;B26
DL7APK;D14
DK2RL;U04
DB9IZ;K06
DH3AAL;H39
DL4DBX;O29
DH9OAG;H35
DL1RNW;Y06
DL3HLN;W19
DL6KCX;G23
DG4KBF;G50
DL3JVN;S45
DO1VK;K18
DB6QJ;H44
DE1RWZ;U26
DL5ZM;S42
DL8BCB;I16
DL4SXB;Z87
DJ2KF;G37
DL1SYL;V18
PE1LZS;R14
DK8FG;M14
DL2MX;Y02
DL1JBN;S46
PA0GIN;R19
DL9HQ;F20
DG0CAL;L14
DL5DCC;O13
DJ7WG;V13
DF7FL;F11
DJ8KE;G17
DL3NAT;B35
DL1RDY;U13
DL5FCO;F39
DJ1NR;B06
DH3NAW;B01
DG2VW;S10
DL5RC;U13
DJ7AL;S05
PA3FVD;R14
DG9YFB;N13
DJ6NH;Y35
DG0EWQ;S48
DK7DR;A52
DL4YY;S45
DL3ALK;X37
DL3KDC;G01
DL6RDE;Z64
DL1EV;R04
DK3RIC;H24
DL1JAS;S45
DL3EER;R15
DK2CM;O28
DF7NZ;B26
DD9ZZ;F14
PA3BNT;R19
PA3HDL;R14
DL7UKT;G27
DG5DBT;O39
DL7AUB;D05
DB7JG;R11
DJ5JE;R17
DJ7JB;R10
DG3GAQ;P27
DD8PQ;K24
DL3VZL;S07
DL9GAQ;P21
DJ4DN;O05
DK3EP;R15
DL2SWU;V28
DH9MBY;C06
DL5WK;O29
DL3ARS;X07
DL1KT;M25
DF8MW;G01
DL1KDA;G18
DL1BKL;I05
DJ5CQ;Z51
DL1ASR;X19
PA3FII;R32
DB2DI;C23
DL2DWP;K19
DL1DWT;S27
DG4EKA;N54
DL4XY;E10
DG6ITP;Y27
DL5ALJ;X26
DL7URO;D17
DL5CE;Y14
DL2KHG;R19
DL2ARO;X38
DM7KS;V28
PA4GF;R17
DH8BQA;Y19
DK1CY;C15
DK8VP;O55
DL1LRZ;S33
PE1MRW;R12
PA3FYA;R14
DL1KDW;G22
DL1EGU;L23
DF6FQ;F40
DL4FCK;X22
DL5WC;X03
PA3GDW;R17
DF7NB;B35
DL4ALI;X17
DG7DBR;O01
PA3GXX;R14
DG6MFX;C06
DE1WJB;E17
DK4TA;R07
SWL PA;R07
DL1BWU;Y14
DL4ANT;P05
DL2DRM;S14
DG6LAU;M35
DG8FAY;F27
DL6QK;N04
DL9NDS;B06
DK5LF;M30
DL1NOF;V26
DJ4SG;P31
DL6CHG;W37
SWL PA;R14
DL5AMF;X22
DL1ASA;F02
DL5MHQ;C11
DL1GJN;A33
DM3KF;W22
DL7ALP;C18
DG0UHF;Y30
DL3PP;K28
DL1JGS;S46
DD8EF;R15
PA3FLQ;R49
DD7KG;G37
DL2VWR;P29
DH2DAS;O52
DL4OCB;H21
DE9DVM;N43
DG3NEA;B30
DH1SAV;P02
DL1DBA;A24
DL3BBR;I04
DL9SEP;P53
DL9DST;S10
DL1DCJ;O10
DC6GG;A21
DL4MFP;B41
DL4SDM;P05
DH8FAM;F74
DL1YWA;N08
DG3XA;E21
DE1KKG;V11
DH0KAH;G37
DJ4QO;N01
DL9BDE;I18
DJ3ADK;M28
DG7KI;G31
DL1KZA;V08
DE1LCD;M28
DL2FDI;O39
DC8WV;K33
DL6AG;S44
PD0NGR;R14
DL1NDY;B36
DL2HWB;W21
DH8YL;O15
DL1SDH;P02
DL9BCP;I18
DF1UU;Y40
DL3BZZ;F21
DG8DAT;O04
PD5W;R49
DC4HB;Z70
IK7JPJ;LE
DM5IG;W11
DD6UDD;D27
DK2EE;B08
DL2HZM;W34
DL9BCC;I05
DL2YAK;L03
DL4PM;V08
DL5GCH;A08
DL6OCF;H53
DG1PQ;K13
DG8DBJ;O10
DL2HZA;W19
DG3OF;H17
DJ8SE;P18
DL9HAX;E32
DL6NDS;B16
DD8HX;E32
DL5FCQ;F09
DG6CA;W10
DL5ST;S57
DG3HWO;W28
DJ2KUA;A07
DL3YEI;O05
DG2ABH;Z47
DL5DCM;O52
DL2HUM;W25
DL6YBM;N19
DL2YY;Y02
DL4LBZ;M30
DL8CIG;W04
DL8UFO;Y25
DD1BP;I05
DK6AN;H19
DG3LAR;M28
DL2GWH;Z06
DL3FR;F69
DF4WQ;K46
DL4BCJ;I11
DF1XM;S30
DL9FCD;F29
DH7LF;M11
DE1PPN;A18
DB8BI;I05
DG1RMT;Y12
PA3GHB;R22
DF1DO;O04
DK8CX;Y25
DL7DG;D21
DE2EWB;U21
DL3AWK;X31
DL8RB;Q05
DK8LC;M28
DL2MFN;C20
DL2YED;N18
DG1RWM;Y07
DE1KCJ;G24
DH2BWU;Y42
DK6HD;E35
DL2KUZ;V11
DL8BED;I56
DH1KAW;G33
DM7MS;V28
DL2WAT;V28
DL8NEB;B37
DK4WH;K13
DF4WG;K13
DJ9IR;O24
PA7RA;R29
DH6BAR;I05
DK1BIL;E04
DE1BBS;W19
DJ4WM;H40
DL9SUB;V14
DL1EHX;L05
DJ2XP;Q13
DL1HN;E02
PE1OTB;R43
DH1NBB;B11
DG1RPU;Y06
DL6JFR;S53
DG9EAF;R23
DG2BDM;I53
DG2BWU;Y42
DJ9HHA;K51
DL7UXG;D21
DE1HLM;I11
DG2BCX;I11
DH7ATQ;D05
DG9BHS;I54
PE1OIX;R07
DL7RK;I56
DL6HTA;W33
DJ3RM;S34
DH4JU;R10
DL6ECA;L11
DL5JSP;S53
DO5HCS;Z87
DL3JMK;S44
DH3WX;I07
DL4PAG;I07
DL8ZZ;V13
DG0JH;S63
DO6HD;E35
DL3BKL;I05
DL8NBT;B16
DL2ARJ;X20
DH7AAG;D05
DL9SC;P22
DL2RVD;Y02
DL8UER;Y27
DL5XAT;E38
DK4RL;Z91
DE6DIG;S25
DE9SVA;H53
DH1PM;G01
DL1PW;Z77
DL5IAH;K09
DM6PAA;V05
PA3HEN;R46
DG6YGP;N34
DK5TE;T15
DK5LP;R25
DH1MFF;F27
DK2DQ;O02
DB6KL;I32
DL2BJW;I05
DL3BJX;I05
DF4BV;E32
DL4HBB;E09
DL6EG;R23
DL3HQN;W26
DF7IS;K23
DL1CL;Y15
DL2NUF;Z61
DL5EWA;C14
DK4LAZ;M14
DG7RO;C06
DL2FDD;F15
DK3BT;F06
DL8JEW;S63
DL7BEN;D06
DL8UD;E38
DK2NG;W06
DF7YZ;O13
DL6DQI;S01
DE1EKO;I54
DL6UHU;Y33
DL5SDF;P09
DL1BSC;Y14
DL7UKF;D21
DF1DV;N16
DL1BKI;I39
DE1SSU;S25
DK5UR;F71
DH8BAT;I56
DL5MGX;C16
DL4FDT;F15
DL5EZ;R17
DL7VAF;Y02
DJ9TA;Z07
SWL PA;R13
DL2FJ;F34
DF1BJ;I16
DF4WU;K50
DL6ZNG;W06
DE1UFS;Y25
PD0RRI;R03
EA3IM;E19
DL2ABM;H08
DM4DB;V18
DL1YFS;N04
DG2BDW;I05
DL4AKH;X31
DL9BDG;Z02
DF7BE;Z02
DL3DCQ;O27
DL2OCL;H54
DL5EDF;L11
DE7SHB;D06
DH6LI;F51
DF2QO;N33
DM2TN;Y22
DK4TC;D13
DO1YLF;N42
DL1NEO;B05
DE2WHG;Y26
DC8WPA;K46
DH1JF;R09
DG8BCS;E04
DG9LBD;M10
DG1DRS;S24
DG1ASB;M10
PA3GAK;R09
DL6JWN;S49
DH8LAL;M30
DL1PQ;I40
DK5NC;H37
DL1GZZ;A14
DG8NDX;B01
DL8JAB;S54
DJ7DM;O06
DH4PK;K01
DH2ML;R14
DK6PW;Y06
DH4JQ;R25
DK1TS;F76
DH5AO;X14
DC9IZ;H17
DF5ZV;F15
DL2CHN;S54
DL1AMA;X19
DG1RYC;Y01
DL3DCC;A22
DL3BZ;I18
DL2AND;X41
DH3IAM;A53
DL6CHF;W04
PD0SES;R16
DL1HJS;M14
DL9CTG;W09
DL3LWM;S30
DF3IR;K14
DH7UAK;A39
DK4SI;P12
DG5LAH;M25
DL2DTL;S08
DF7PM;Z24
DO3RR;K38
DM4TNF;Y43
DL1VDL;S06
DL3YA;W28
DH1LAZ;M14
DK1PVA;K16
DL2FK;P15
DG4BL;I18
DG5MKU;C12
DL4KBK;G27
PA3GAE;R37
DL6LAO;M06
DB5DM;O44
DL7FEA;F15
DE0WAL;C04
DJ7PI;K19
DG4OT;H65
DE1KKO;I54
DL2AUK;X38
DK8QY;N43
DD2BY;I05
DO5ST;P02
DL1RMY;Y41
DK1VG;O55
DG2SRS;P20
DL8DZV;S27
SWL PA;R07
DD3BI;I18
DL1HRY;W17
DJ7TW;P20
DL8KAC;G19
DG1RTD;Y04
DL2VA;R11
DL9ZEA;W07
DL2GGE;A48
DL3DUE;S02
DE1MCH;O22
PA9CW;R07
DK8LP;M17
DK7PX;Z11
DL2KXA;W11
DH5BO;I46
DH7TS;D17
DM4NF;Y43
DG0LCR;W22
DL9US;O16
DK2NZ;L14
DL6UAL;Y28
DL8WJG;S37
DL7UWR;D21
DL3JB;S48
DL6EK;K21
DL8ANI;X02
DL9OAB;H65
DF5WI;K41
DL5LBZ;M15
DL4RCD;U07
DG0OHP;X14
DE0MLB;S04
DL1ET;L10
DL5WS;X42
DJ2EP;F23
DL1HA;O52
DL2VC;V25
DL1JSO;S60
DG0YFL;S32
DF3XPG;E38
DL5SE;S54
DH2RTW;R13
DJ9BO;O46
DL9FA;V13
DF7QK;N10
DL7ACZ;D03
DJ5BWD;O02
SWL PA;R41
DG6RL;O05
DL4FBZ;F41
DO2JHE;Y15
DG3LB;I38
DL1HXA;W19
DG6IJD;Y37
DL3ZAI;F58
DF7LP;M10
DF8GW;P06
DE1ANP;N12
DL2VYL;S18
DH6WD;H62
DL7MAX;P60
DG3FCT;F36
DK5ZX;V11
DL3HP;E35
DL7FA;D08
DL2ANM;X40
DO1DG;O05
DL7DJ;O49
DL7QQ;N35
DF1TJ;A09
PA3HDX;R28
DG1UAE;P06
DL5JBW;Y14
DL3WC;K13
DL5ASE;X36
DL8YDH;N33
DE0WAF;G26
DL9CIA;W01
DM3PKK;B14
DL8NFU;B10
DL1LQR;Z91
DH9KR;R25
DL7BER;C12
DL6UAA;Y43
DO7DC;O52
DL1SVI;S54
DH6AB;X01
DL5YXM;S42
DG3VSM;Z91
DL3IAC;A02
DG1AAE;H54
DO1JAN;D08
PH0GS;R14
RU1AB;LO
DK5OE;E39
DL6ABN;H59
DB1BDW;I28
DO1BJW;I28
DE7BNL;D10
DG7BCS;E04
DL2ASB;X09
DG4SCE;P06
DE1AKZ;S45
DL1HSR;W22
DJ4BG;B26
DL8BBW;I56
DH4JF;G19
DL7EL;D13
DJ3SL;P07
DO2DYL;I18
DH1BMV;I45
DH2DBW;H24
DO2UK;Z91
DK1HWC;G10
DL1HDU;E02
DG9MDD;C26
MM0XAU;O06
DL6BTD;I56
DO1KHS;G25
DH2AK;R13
DE3MKM;X37
DO1BEM;I14
DO1BWM;I14
DJ3KF;R11
AD5XO;B20
DO1OMA;H08
DG6IMB;Y24
DO5WR;S31
DL6UWK;Y43
DK8ILO;I54
RD1A;LO28
DL3KB;N52
DL2AKZ;X20
ZL2KT;Z03
DM4EZ;S32
DF1OLS;H41
DJ3MJ;M08
DL1VX;N49
DG6SYL;V20
DL1LFB;M25
DO1MGH;T11
DL2YET;N14
DO3YRN;N42
DM4RM;Y22
DD6JM;D17
DB5HM;B29
DO8JH;Z91
DH8ACF;H24
PG2D;R14
DO1LSS;M01
DO5BU;I05
DO1BAL;E32
DJ1MR;N07
DO5WB;S31
DK3TL;P07
DL1NFC;F63
DL1RTW;Y07
DH2FW;P29
PA7DN;R17
DL5WH;K15
DL6GB;A28
DH5FA;N33
DG9NGO;B33
DG9NGF;B33
PA2GWA;R23
DK6CQ;C25
PA3FBW;R04
DH1OK;P01
DL3AKI;X04
DM1CML;S54
DC1JH;S37
DO1ORS;H54
DO3BW;I14
DH4SG;P38
DG7MJG;Y25
DL1MBI;C18
DE0GFM;S60
DL6OS;H31
DL1JGO;S64
DG9NAV;B18
DO2XP;W10
DO9BTM;I05
DL8UGF;Y24
DO1WYL;S32
DL4PY;K45
DL3LBM;G54
DH1LAO;M03
DM4ET;W06
DO1KH;R15
DH5NBK;B38
DE1DPH;F11
DH1PL;W31
DL7LAB;E39
DL1RMJ;Y34
DK1GW;F32
DL1AZZ;X36
DL8ARJ;X22
DM4SR;P61
DL5SO;P61
DL8CO;F33
DF7JP;L29
DL5KUA;E09
DC5CQ;Z67
DL6ATM;X22
DO6TD;N07
DC1MRR;T04
DO3BE;I28
DB1BMS;I49
DL7GW;D20
DL2KUA;V01
DG2DCI;N19
DM5CM;S65
DL2AMT;X36
DM9LNB;O08
DL6BT;H48
DH2KBS;N05
DK9IK;P18
DG5NEW;B26
DL1ERD;L29
DL2GLO;V18
DE0DKR;C32
DM1KB;A07
DD8PP;O34
DL7VPO;Y21
DL9UBF;Y25
DL4JNB;S48
DE3EAR;U23
DG6NFY;B03
DO9LAS;E35
DO1GLO;P43
DL8ZOG;W04
DJ2OS;I12
DK2MU;C09
DJ1WK;G02
DL3HWD;W35
DO8BW;I28
DJ3PP;K13
DG0JST;S48
DK1NAH;B20
DK1NGH;B20
PD2J;R34
DJ7GI;P10
DO1RAA;K19
HA2PU;Y09
DL6USA;Y39
DG1VR;S24
DH7RD;F05
DL4FCH;F05
DM2EE;O34
DD2TC;A18
DO3XM;H54
DO2FWW;F20
DL8YR;G01
DL9NO;B18
PA5BM;R46
DL7UPN;C11
DH3PL;Y02
DF8ST;P02
DF7GG;V11
DL1JPF;S58
DL8XDA;P29
DM2BM;V20
DE1EHL;K48
DL8UAT;Y43
DC1OBB;H24
DL3RSB;T20
DL7GDF;K47
DD8VF;Q05
DO1DJJ;K45
DL5DBH;O14
DJ7FE;F55
DL9UGF;Y38
DJ0GN;F41
DL3VNY;S08
DJ7BFO;T20
DG2FFI;F05
DK3WI;Z91
PA3EBP;R07
DM1JG;W01
DG6ZHS;V14
DG1HVL;W28
DL1DSW;S04
DL5QS;N03
DH6GRM;F17
DL2DRG;S24
DK3RP;N12
DM4TJ;X25
DJ1DAN;O01
DF7QN;Z24
DG5KCB;G50
DF8BB;N12
DE0DAD;S05
DH5WB;X30
DM3FZN;S53
DH1NJS;B14
DG5AAP;I15
DM2BPG;W33
DL2RWL;D04
PD5CW;R29
DL1HTX;W23
DB1HBA;F09
DL1ARD;X23
DG0WOT;S45
DL5BKL;I05
DO7DX;I34
DL1APX;X31
DL3KUB;V02
SWL PA;R36
DG1NOE;V26
DO4BG;I34
DM1DK;K33
DH2PL;S28
DK4KW;S56
DH6AD;X31
DL1AY;Y27
DM3KTO;D27
PA0JNH;R46
DL5RAQ;U06
DJ9RM;A23
DJ5KL;P26
DL7BA;V12
DK5DQ;O32
DF2PH;F72
DJ5BMC;K45
DL3FD;F27
DG1YFF;F76
DB8AH;L06
DO1CDE;S19
DC9SU;P28
DL7QW;L03
DD6NT;D01
PB7YL;R37
DL3NZC;V25
DL5GBP;P45
DH2MS;A16
DL2RTL;Y09
DL1THM;R13
DJ4TS;F20
DL2TTD;Y09
DE1LME;M22
DG4FY;F55
DL3YL;F34
DK8XG;M22
DH2RF;G10
DM3KZN;S53
DM3DL;S02
DD3SF;Q11
DM4WM;S05
DB2BKH;S54
PA0DVD;R30
DL8DXF;S29
PA4T;R04
DL1MMF;G22
DL6FRG;G22
DM5BB;D14
UN7QCC;Q12
DK2AJ;W33
DM6LW;F51
DL1EST;L05
DF3MA;S03
DL1USB;S45
DL1DWL;S08
DD5RS;S03
DO5DF;D27
DL2QT;C18
DJ2DA;S02
DG2PHE;W12
DM2PJ;Y22
PA2ALF;R21
DC2PH;K32
DB3AO;X13
PA2CVD;R29
DF6NS;B05
DL4JWU;S54
DL8RBS;B03
DB7AA;Z47
DJ9UJ;B14
DL1PBC;K32
DF4ZN;X30
DG1BQC;Y17
DL8WW;S45
DK3DUA;S05
DJ3XA;V01
DL5JH;R09
DL6BE;Y13
PA3EXB;R27
DM2GON;S65
DO1MGN;X37
DC2FB;K54
DL1PR;G06
DL1ANT;S42
DL7UMG;S65
DL2BMH;A19
DO5AR;X13
DL2NTC;V26
DL1DUO;S07
DL2HRK;W15
DB5MA;S25
DE3HTV;I33
DL7LZ;Y17
DB2HG;E12
DM3RB;V20
PA7JWC;R07
PC25DIG;R09
DM3KXL;S13
DD6OP;U19
DL1GMW;F76
DO2WAL;S49
DO1CJ;S44
PA9LUC;R26
DH7FA;Y07
DO1DAN;E05
DO7TE;A12
DG2BTE;Y14
DF2QC;Z14
DG0OM;X23
DL3RNZ;Y12
DL1AYU;X23
DL2AJB;X17
DJ0AH;T11
DG5MLA;T08
DH6MM;F39
DG3FFM;F47
DD8HB;E11
DL4NTC;W33
DL1LAE;M03
DJ1MH;R05
DL7CU;D21
DL1YP;A48
DG0GK;V11
DL4CF;F76
DL1DTC;N26
DL3HWM;W21
DG1LS;M13
DM1KA;A02
DH8WM;X03
DO1RGI;X31
DL9WO;F11
DL8ALF;V15
DD3WW;X36
DE0MKH;W18
DK4EF;F68
DO8LEO;G46
DL1AW;X09
DK8HE;I01
DG8MH;D13
PA0QRB;R23A
DL2RVL;Y07
DL1LRI;S36
DE9ULA;G46
DL1STV;U13
DL7AHF;D13
DL2HUC;W33
DG6YDY;Z84
DG3MR;T09
DF9HG;H08
DL4CR;F23
DL8SC;F43
DJ7YA;O05
DL1XAS;E37
DL6FD;F26
DL4CH;E12
DF1OA;H09
DO3GEO;X30
DK1CO;V11
DL1JKK;S56
DO1APM;S33
DG8HJ;E15
DH8RAJ;U19
DL7USM;D25
DL7MAR;D25
DL1KHM;G20
DM3ZM;Y38
DL3BQV;W06
DL2KKH;T11
DL1DQF;S28
DK7KD;G43
DL1TRK;Y03
DL1DAI;O51
PA3GVZ;R16
DD9WG;K04
DG2BAR;I37
DO3FN;Q09
DO3WBH;Q09
DG8KAD;G14
PA1NL;A26
DD7GK;A03
DD0VE;S19
DH0KAA;G37
DL4TL;B30
DG1MRW;C25
DL9HK;H44
DM3PYA;V05
DG1SGW;P37
DK2XV;F03
DK2YL;Q05
DL4VCV;Q11
DK9MOS;Z07
DK2MB;Q11
DO5WE;F73
DL2YBG;I25
DF1KAG;S51
DL1HZM;W18
DL9KWY;F22
DE1TVN;K33
DH1UZ;P37
DG7JB;L05
DL7NT;D06
DL2DQ;F64
DL8SAJ;U30
DL1BBO;I45
DK3BR;G24
DL6VP;B23
DL1MD;C20
DK6FT;F12
DJ3JV;A01
DK3JZ;Z53
DL2SCQ;P12
DK3IU;E01
DL8KAZ;G26
DF5CO;C05
DK3MM;O03
DL2WI;B05
DK4SY;P05
DK9KY;G50
DJ3CQ;C28
DK3LN;U14
DK6WM;K03
DK5RA;U19
DF1EG;Z45
SV0LK;P14
DF1LB;M03
DL8AK;C09
DK7EA;R15
DM2RM;E28
DL5NAI;B11
DK8MP;C30
DK4DF;O04
DF9BB;I06
DL6BAA;I51
DK7BZ;I10
DL4FBS;F73
DF4QQ;N59
DL5NE;Z51
DK4ZZ;B04
DK1MW;Z29
DH4NAA;Z42
DF3CP;N30
DL6YAF;L13
DF6UO;A33
DF5BG;I45
DF8AB;H62
DF4JX;I54
DF3OD;H39
DJ5ZF;Z21
DL6YH;Z14
DJ9WJ;H05
DK9QY;N38
DK9AL;D04
DL7ADA;Z20
DL7BE;D06
DF1JY;R16
DF3MT;C01
DL7RL;Z20
DJ5TJ;Z49
DL2FAH;Z25
DL1BGB;Z02
DF5MG;P16
DL1EWD;N26
DK9XK;Z50
DH2BAC;Z53
DF5DD;O37
DK7VN;U13
DB8OD;H39
DD3RB;U08
DC0CI;C07
DJ3VK;Q01
DL9UY;G15
DL5BBL;I28
DL8OE;N33
DF7YF;N43
DL4EBS;R28
DL5YCU;N36
DD7DL;O38
DL3FAK;F67
DE1PML;I33
DL5LJ;M01
DL3HAF;E14
DL1NAT;Z51
DL9OE;H08
DL3KAI;G15
DL6YBE;N11
DD0DJ;O29
DG6BBF;I14
DL5QT;Z14
DJ3JF;Z39
DL8PY;M06
DF3WW;G55
DJ8BX;I33
DL1HAJ;E36
DG2FBS;F07
DL7ACV;D24
DF9QC;L03
DL3BBY;F76
DL8NCA;B11
DG1EA;R33
DL5OV;B39
DL7NB;B26
DG1LAR;M21
DL9DAW;Q21
DF8QD;N21
DL9YH;G19
DG4IG;K22
DF2WV;F70
DK9FA;F68
DL3DE;O17
DL8DBJ;O17
DL9YEJ;N29
DG2BE;I51
DF9AS;H21
DL4NAV;B04
DL7AKT;D03
DL7VU;D07
DF4XU;R14
DF5NX;B34
DE0MST;C07
DF3BO;I07
DH3AX;H21
DD2PQ;G25
DL5XL;E20
DC9PK;K45
DH6KB;G37
DL5HCO;E18
DL1SUB;V14
DJ1AD;D21
DL8MDN;C02
DL1DCS;O49
DL1SUS;V28
DG3DBJ;O12
DL9MFH;C35
DL6KY;G32
DL1ABA;H24
DL1RMW;Y04
DK1PA;A07
DL3MGT;T20
DH9OAG;H35
DL9HQ;F20
DJ7WG;V13
DL1DWT;S27
DD7KG;G37
DG3XA;E21
DL2FDI;O39
DF1UU;Y40
DL3BZZ;F21
DJ8SE;P18
DH2BWU;Y42
DG1RPU;Y06
DG2BWU;Y42
DG2BCX;I11
DL4HBB;E04
DF7YZ;O13
DL5EZ;R17
DJ9TA;Z07
DL9BDG;Z02
DF7BE;Z02
DH6LI;F51
DG8BCS;E04
DG1ASB;M10
DO3RR;K38
DL6JE;D20
DE3YLV;I33
DE3TMJ;I33
DL8DE;Q05
DL1LQC;S34
DJ8NT;T08
DL1BKX;I15
DC5IMM;S19
DL5JF;K35
DC7UL;E10
DL9SAD;P24
DL1KSW;G13
DK2MT;N42
DL1DQR;S25
DD9NT;F06
DH1PS;N20
DL1CC;Y13
DL3LBP;E20
DF1BN;U11
DF8FE;F09
DL5BL;H24
