RA1;;;
;ZDJ8;ADYGEA, Vladimirsky;LN04BS
;ULAH;Arkhangelsk region, Arkhangelsk (Vaskovo);LP04EK,LP04FK
;ULAA;Arkhangelsk region, Arkhangelsk (Talagi);LP04IO
;ZC8A;Arkhangelsk region, Belogorsk;LP14DE
;ULAB;Arkhangelsk region, Berezniki;LP12JT
;ZE4L;Arkhangelsk region, BOROK;LP03VO
;ULKW;Arkhangelsk region, Velsk;LP11BA,LP11BB
;ULBW;Arkhangelsk region, UPPER Zolotica;LP05EQ
;ULKT;Arkhangelsk region, UPPER Toima;LP22MF
;ZAW7;Arkhangelsk region, Horse;LP05EW,LP04FW
;ULJW;Arkhangelsk region, VOZHGORA;LP44FM,LP44FN
;ULKG;Arkhangelsk region, HILL;LP32BP,LP32BQ
;XLDG;Arkhangelsk region, Graham-Bell Island;MR21DD
;ULBD;Arkhangelsk region, DOLGOSCHELE;LP16RB
;ZE4K;Arkhangelsk region, EMETSK;LP03VL
;ULBK;Arkhangelsk region, HEATER;LP25BU,LP25BV
;ULAR;Arkhangelsk region, KARGOPOL;KP91KM
;ULAP;Arkhangelsk region, Karpogory;LP24FA
;ULBP;Arkhangelsk region, KAREPOLE;LP15TN,LP15UN
;ZC38;Arkhangelsk region, Kegostrov;LP04FM
;ULJK;Arkhangelsk region, KOYNAS;LP34TR,LP34UR
;ULBV;Arkhangelsk region, Koryazhma;LP31LG,LP31MG
;ULKK;Arkhangelsk region, KOTLAS;LP3IF
;ULKS;Arkhangelsk region, Kotlas (Savvaty);LP31KA,LP30KX
;ULKB;Arkhangelsk region, Krasnoborsk;LP21XM,LP21XN
;HD3P;Arkhangelsk region, LAYSKY MLC;LP04DM
;XLAL;Arkhangelsk region, Lahti;LP04IJ,LP04JJ
;ULBZ;Arkhangelsk region, SUMMER Zolotica;KP84JW,KP84JX,KP84KX
;ULAL;Arkhangelsk region, Leshukonskoye;LP24UV
;ULBL;Arkhangelsk region, LOPSHENGA;KP84UX
;ULAE;Arkhangelsk region, Mezenov;LP25CU,LP25CV
;ULAJ;Arkhangelsk region, Moseeva;LP35CS
;XLDH;Arkhangelsk region, Nagurskaya;LR30TT,LR30UT
;HD33;Arkhangelsk region, Nenoksa;KP94OP
;XLAB;Arkhangelsk region, Obozerskaya (LETNEOZERSKY);LP03EJ
;ULKO;Arkhangelsk region, OCTOBER, Arhang Toivo;LP11OB
;ULJO;Arkhangelsk region, Ol ';LP34BL,LP34BM
;ULAO;Arkhangelsk region, ONEGA;KP93BV
;ULAT;Arkhangelsk region, PERTOMINSK;KP94FS,KP94FT,KP94ET
;ULAI;Arkhangelsk region, Pinega;LP14RR
;XLAP;Arkhangelsk region, PLESETSK;LP02FR,LP02GR
;ULBM;Arkhangelsk region, Purnema;KP84RJ
;ULDA;Arkhangelsk region, ROGACHEVO (Amderma-2);LQ61FO,LQ61FP
;ULBR;Arkhangelsk region, brooks;LP06OA
;ULAK;Arkhangelsk region, Safonov;LP35UQ
;ULAD;Arkhangelsk region, SEVERODVINSK;KP94VM
;HG37;Arkhangelsk region, SEVERODVINSK (VEGA);KP94UL
;ULBS;Arkhangelsk region, SOVPOLE;LP15XH
;ULAS;Arkhangelsk region, SOLOVKI;KP75UA,KP75VA
;ULBQ;Arkhangelsk region, Soyana River;LP15QS
;ZB1U;Arkhangelsk region, a lot of;LP04JL,LP04KL
;ULKM;Arkhangelsk region, Urdoma;LP41GS,LP41HS
;ZC89;Arkhangelsk region, Ust-Pinega;LP04XD
;ULJC;Arkhangelsk region, TSENOGORA;LP34IV
;ULKR;Arkhangelsk region, CHEREVKOVO;LP21PS
;ULAN;Arkhangelsk region, Shenkursky;LP12KC
;ZDN1;Arkhangelsk region, berry-field;LP04KJ
;ULKQ;Arkhangelsk region, Yarensk;LP42NE
;ULLB;KARELIA, Belomorski;KP74JM
;XLPG;KARELIA, Girvas;KP62UL,KP62VL
;XLPD;KARELIA, WOODEN;KP71HO
;XLPS;KARELIA, Ilyinsky (Salmi);KP51XI,KP51XJ
;ULPK;KARELIA, Kalevala;KP55NE,KP55NF
;ULPE;KARELIA, KEM;KP74IX
;XLPU;KARELIA, KEM (PODUZHEME);KP74CW,KP74DW,KP74DV
;ULPI;KARELIA, KIZHI;KP72OB
;ULPM;KARELIA, KOSTOMUKSHA;KP54IO
;XLPZ;KARELIA, Louhi (Engozero);KP65WU,KP65XU
;XLPL;KARELIA, Luohu-3;KP66JB
;XLPN;KARELIA, Olonets (NURMALITSY);KP61LA,KP61LB
;ULPB;KARELIA, Petrozavodsk (Besovets);KP71BV,KP71BU,KP71CV
;ULPP;KARELIA, Petrozavodsk (SANDS);KP71DT,KP71DU
;HD3W;KARELIA, Petrozavodsk (Republic of Belarus);KP71DS,KP71ES
;ULPA;KARELIA, Pudozh;KP81GT,KP81HT
;XLPP;KARELIA, Pjaozersky (PONTSALENYOKI);KP55LS,KP55MS
;XLPR;KARELIA, RAMENTSY (KYARGOZERO);KP73FH
;ULPS;KARELIA, Segezha;KP73DS
;ULPW;KARELIA, Sortavala;KP51IR
;XLPM;KARELIA, Suojarvi (MAYSIONVARA);KP62EG,KP62FG
;ULSN;LENINGRAD REGION, BEGUNITSY;KO49PO
;XLXB;LENINGRAD REGION, BOBOCHINO;KP40NK
;ULSB;LENINGRAD REGION, Barshchou;KO58EU
;ULSD;LENINGRAD REGION, Vartemyagi;KP50DE
;ULLW;LENINGRAD REGION, Mantu;KP40NQ,KP40OQ,KP40OP
;XLLE;LENINGRAD REGION, Gorelov;KO59AS,KO59BS
;ULSG;LENINGRAD REGION, Gostilitsa;KO49TR
;XLLJ;LENINGRAD REGION, thunderous;KP50BQ,KP50BR
;XLLZ;LENINGRAD REGION, Ermilova (Malyshev);KP40KI,KP40KJ
;XLLN;LENINGRAD REGION, Kasimov;KP50EE,KP50DE,KP50DF,KP50EF
;XLXG;LENINGRAD REGION, KINGISEPP;KO49HG
;ULSK;LENINGRAD REGION, KORPIKYULYA;KO59DO
;XLLT;LENINGRAD REGION, Boilers;KO49JO
;ULSO;LENINGRAD REGION, Kuznetsova;KO49XF
;ULSU;LENINGRAD REGION, KUMMOLOVO;KO49LP
;ULSI;LENINGRAD REGION, Cousin;KO59VJ
;ULSL;LENINGRAD REGION, Lodeynoye Pole-2;KP60SR
;ULLX;LENINGRAD REGION, Luban;KO59PF,KO59PG
;ULSM;LENINGRAD REGION, Manushkin;KO59JU
;ULSZ;LENINGRAD REGION, LAKE Krasnogvardeisk;KP40OG
;ULSE;LENINGRAD REGION, Orekhov;KP50DL
;XLLY;LENINGRAD REGION, Pribilof;KP40IL,KP40IK,KP40JK,KP40JL
;ULSP;LENINGRAD REGION, Putilova;KO59RT,KO59RU
;ULSS;LENINGRAD REGION, St Petersburg (Rzhevka);KO59GX,KO59HX
;ULLZ;LENINGRAD REGION, PETERSBURG (YACHT CLUB);KO59CX
;ULSC;LENINGRAD REGION, Selco;KO49SO
;ULLS;LENINGRAD REGION, Siverskoye;KO59AI
;XLLF;LENINGRAD REGION, SIVORITSY (NIKOLSKOE);KO49XL,KO59AL
;ULSY;LENINGRAD REGION, SIVORITSY-2;KO49XL
;XLLM;LENINGRAD REGION, SUMSKOJj;KO49MH,KO49NH
;ULST;LENINGRAD REGION, Tikhvin;KO69TP
;ULSX;LENINGRAD REGION, TOSNOSPAS;KO59KM
;ULSV;LENINGRAD REGION, Shcheglova;KP50JA
;XLMA;Murmansk region, Alakurtti;KP56DX,KP56EX
;ULMK;Murmansk region, Apatity (Hibino);KP67SL,KP67TL,KP67TK
;XLMF;Murmansk region, Afrikanda;KP67JL,KP67JK
;ULMB;Murmansk region, Varzuga;KP86HJ
;HD48;Murmansk region, KANDALAKShA;KP67FE
;ULMZ;Murmansk region, Kanevka;KP97UC,KP97UD
;XLMK;Murmansk region, Kirovsk;KP67SN,KP67TN
;XLMT;Murmansk region, Kica (Taybola);KP68PL,KP68PM
;ULMD;Murmansk region, Kovdor;KP57HM
;XLMY;Murmansk region, CAT-Yavr (Titovka);KP59OG,KP59OF
;ULMX;Murmansk region, Krasnoshchelye;KP87MI,KP87NI
;ULMN;Murmansk region, Kuzomen;KP86KG
;ULML;Murmansk region, Lovozero;KP78LA,KP78MA
;XLML;Murmansk region, Luostari (Korzunovo);KP59LJ,KP59MJ,
;HC74;Murmansk region, magnetite;KP68OQ
;XLMG;Murmansk region, Monchegorsk;KP67MX,KP67LX,KP68MA
;HAV9;Murmansk region, Monchegorsk (MTO);KP67KW
;ULMM;Murmansk region, MURMANSK;KP68IP,KP68IS,KP68JS
;ULMW;Murmansk region, MURMANSK (Kilpyavr);KP69EC,KP69FC,KP69EB
;XLMN;Murmansk region, MURMANSK (Murmashi);KP68JT
;ULMI;Murmansk region, NICKEL;KP59CJ
;XLMO;Murmansk region, deer;KP68RD,KP68RE
;XLMI;Murmansk region, Kildin Island (POLAR);KP79BH,KP79CH
;HC7J;Murmansk region, POLAR;KP69RE
;ULMO;Murmansk region, Ponoy;LP07LC
;XLMD;Murmansk region, Severomorsk-1;KP69QB,KP69QA,KP69RA,KP69RB
;XLME;Murmansk region, Severomorsk-2;KP69PA
;XLMV;Murmansk region, Severomorsk-3;KP68UV,KP68UU
;ULMS;Murmansk region, Sosnovka;LP06GL,LP06GM
;ULMH;Murmansk region, melted CREEK;KP66WV
;ULMU;Murmansk region, Tetrino;KP96DB
;ULMA;Murmansk region, Umba;KP76EQ
;XLMU;Murmansk region, Umbozero;KP77DL,KP77DM,KP77EM
;XLMH;Murmansk region, HARIUSNY (Berezovka);KP77CI,KP77CJ
;ULMQ;Murmansk region, Chavanga;KP86UC
;ULMP;Murmansk region, Chapoma;KP96JC,KP96KC
;ZC3F;Murmansk region, Shong;KP68NR
;ULNB;Novgorod region, Borovichi;KO68WK
;ULNC;Novgorod region, VALDAI (CRH);KO67OX
;ULNA;Novgorod region, VALDAI-AVIA;KO67OX
;ULLK;Novgorod region, Krechevitsy;KO58QO,KO58QP
;ULNL;Novgorod region, Lyubytino;KO68QT
;ULNM;Novgorod region, mirage;KO67AH
;ULNN;Novgorod region, NOVGOROD;KO58OL,KO58OM
;ULNP;Novgorod region, PESTOVO;KO78VO
;XLLL;Novgorod region, Soltsy-2;KO58DD,KO58ED
;ULNR;Novgorod region, Staraya Russa;KO57QW,KO57QX
;ULNH;Novgorod region, coniferous;KO78GV
;ULNX;Novgorod region, Chudova CRH;KO59TC
;ULOL;Pskov region, Great Luke;KO56HJ,KO56HI
;XLLG;Pskov region, Gdov (Smuravyevo);KO38XT,KO48AT
;XLOD;Pskov region, BOTTOM;KO47XS
;XLOI;Pskov region, Idritsa;KO46KI
;ULOI;Pskov region, Izborsk;KO37UR
;XLOS;Pskov region, ISLAND (spindles);KO47FH,KO47FG,KO47EG,KO47EH
;ULOO;Pskov region, Pskov (Cross);KO47ET,KO47ES
;XLOR;Pskov region, Pskov (Sorokin);KO47CR
;XLLB;Pskov region, Pskov (Shabanova);KO47DT
;ULLN;ST. PETERSBURG, Peterhof (MARLEY);KO49WV
;ULLQ;ST. PETERSBURG, PETER-PAVEL'S FORTRESS;KO59DW
;ULLT;ST. PETERSBURG, Salov 70;KO59EV
;ULLE;ST. PETERSBURG, PETERSBURG (SRI NMP);KO59EU
;ULLI;ST. PETERSBURG, SAINT-PETERSBURG (PULKOVO);KO59CT,KO59DT,KO59DS,
;ULLP;ST. PETERSBURG, St. Petersburg (Pushkin);KO59EQ,KO59DQ
;ULSQ;ST. PETERSBURG, SOLAR (Borovoe);KP40XD
;ULLD;ST. PETERSBURG, WARSAW;KO59DV
;ULLG;ST. PETERSBURG, GPN-5;KO59DW
;ULLY;ST. PETERSBURG, Kronstadt (Bullish FIELD);KP40UA
;ULSA;ST. PETERSBURG, Largus;KO59FS
;XLLV;ST. PETERSBURG, Levashova;KP50CC,KP50BC
;XLLO;ST. PETERSBURG, Lisy Nos (Gorski);KP50AA
;ULLM;ST. PETERSBURG, MESON;KO59FU
;ULLF;ST. PETERSBURG, SEA FRONT;KO59CW
RA2,3,5;;;
;ZEF7;Belgorod region, Alekseevka;KO80CT,KO80CU
;UUOB;Belgorod region, Belgorod;KO80GP,KO80HP
;XUOP;Belgorod region, Belgorod (Tomarovka);KO80DQ
;UUOW;Belgorod region, Valuiki;KO90BF
;ZEC5;Belgorod region, Verhopene;KO80EW
;ZE33;Belgorod region, Volokonovka;KO80WL
;HA9Y;Belgorod region, Ivnya;KO81CB
;ZB7H;Belgorod region, dray;KO80KR
;ZB8L;Belgorod region, Rovenki;KN99LV
;UUOS;Belgorod region, Stary Oskol;KO81VH,KO81VI
;UUBP;Bryansk region, Bryansk;KO73CE,KO73CF
;XUBB;Bryansk region, Bryansk (Bezhitsa);KO73CI
;ZA20;Bryansk region, Bryansk (hillfort);KO73DG,KO73EG
;XUWI;Bryansk region, Klimova;KO62BI,KO62CI
;ZBL2;Bryansk region, KLINTSY;KO62DS
;ZED5;Bryansk region, Knyaginin;KO72EF
;XUWD;Bryansk region, Seshcha;KO63PR,KO63QR,KO63QQ,KO63PQ
;ZAM6;Bryansk region, CONSENT;KO73LC
;UUFS;Bryansk region, STARODUB;KO62JN
;ZAS9;Bryansk region, Trubchevsk;K062VO
;ZDR5;Bryansk region, FROLOVKA;KO73ID
;UUBL;Vladimir region, VLADIMIR (Semyazino);LO06DD,LO06DC
;ZD17;Vladimir region, Vtorov;LO06JG
;ZAZ1;Vladimir region, Vysheslavsky;LO06DI
;ZD57;Vladimir region, Vyaznikov;LO16DF
;XUDJ;Vladimir region, Vyazniki (NORTH);LO16CE
;ZA3Z;Vladimir region, Gorokhovets;LO16HE,LO16IE
;UUID;Vladimir region, Darin;KO96HH,KO96HI
;XUDD;Vladimir region, Dobrynskii;LO06GF,LO06HF,LO06HG
;ZA4P;Vladimir region, KAMENOVO;LO06LJ
;XUMV;Vladimir region, Kirzhach;KO96JD,KO96KD
;ZCF7;Vladimir region, CARPET;LO06PK,LO06PL
;ZC80;Vladimir region, nettles;LO06EJ
;ZB1Z;Vladimir region, Melehova;LO06OF
;UWGU;Vladimir region, MUROM (sustainable);LO05XO
;UUIN;Vladimir region, tall tale;KO96XJ
;UUIP;Vladimir region, Pavlovskaya;LO06FH
;ZAB0;Vladimir region, PAUSTOVO;LO16CD
;XUMJ;Vladimir region, Colony;KO96LG
;UUIS;Vladimir region, SNOVITSY;LO06DE
;ZE5S;Vladimir region, OLD COURT;LO06BH
;ZAP1;Vladimir region, Suzdal (ALL);LO06EL
;ZB11;Vladimir region, SUHOVKA;LO06JB
;ZB39;Vladimir region, Yuryev-Polsky;KO96UL
;ULWB;Vologda, Belozersk;KP80VA
;ULWU;Vologda, Great Ustyug;LP30DS,LP30DT
;ULWW;Vologda, VOLOGDA;KO99XG
;XLWF;Vologda, Vologda (Kipelovo);KO99NE,KO99NF
;XLWT;Vologda, Vologda (Trufanova);KO99WH
;ULWR;Vologda, Vytegra;KP81FA
;ULWX;Vologda, cedar;KO99TF
;ULWK;Vologda, Kichmengskii TOWN;LO29VX,LO29WX
;ZD5V;Vologda, DAIRY;KO99VI
;ULWN;Vologda, Nikolsky;LO29SL,LO29SM
;ULWS;Vologda, Nyuksenitsa;LP20CJ,LP20CK
;HF0Z;Vologda, OSINOVITSA;LO08CS
;H339;Vologda, Pitino;KO99AC
;HF0A;Vologda, ROSTILOVO;LO08DS
;ULWG;Vologda, Tarnogskii TOWN;LP10TM
;ULWT;Vologda, Tot'ma;LO19JX
;ULWC;Vologda, CHEREPOVETS;KO89XG,KO99AG
;ZE3W;Vologda, Shulman;KO89SE,KO89TE
;XLWW;Vologda, Yaskin;KO99VE
;ZC7D;Voronezh region, BOBROV;KO91XC
;ZA1K;Voronezh region, Boguchar;LN09GV
;XUOB;Voronezh region, Borisoglebsk;LO11BI,LO11CI
;XUOI;Voronezh region, Buturlinovka;LO00HT,LO00HS
;XUOW;Voronezh region, VORONEZH (BALTIMORE);KO91NP,KO91NO,KO91OO
;UUOY;Voronezh region, VORONEZH (borsch);KO91MI,KO91MH
;XUOG;Voronezh region, VORONEZH (Gremyachy);KO91LL,KO91LM
;UUOD;Voronezh region, VORONEZH (boot);KO91OP,KO91PP
;UUOZ;Voronezh region, VORONEZH (SOLAR);KO91OS
;UUOO;Voronezh region, VORONEZH (Chertovitskoe);KO91OT
;ZEH2;Voronezh region, Cauvery;KO91KX,KO91LX
;ZA9Q;Voronezh region, Olhovatka;KO90PG
;ZAB1;Voronezh region, PAVLOVSK;LO00AI,LO00BI
;UUOQ;Voronezh region, SAIL;KO91RO
;ZAG3;Voronezh region, ROSSOSH;KO90RE
;ZAJ0;Voronezh region, village;LO11GK
;UUOX;Voronezh region, HAVA;KO91WU
;ZC7F;Voronezh region, CHIGORAK;LO11CK
;ZA0V;IVANOVSKAJa OBL, BAKUNIHA;LO16EW
;ZAX5;IVANOVSKAJa OBL, CHERRY;LO17ID
;ZDQ1;IVANOVSKAJa OBL, Gavrilov Posad;LO06AN
;XUDI;IVANOVSKAJa OBL, Ivanov (NORTH);LO07LB,LO07MB
;UUBI;IVANOVSKAJa OBL, Ivanov (SOUTH);LO06KW,LO06LW
;XUDN;IVANOVSKAJa OBL, Ivanov (YASYUNIHA);LO06MX
;ZA49;IVANOVSKAJa OBL, Ilyinsky-Khovanskaya;KO96VW,KO96VX
;ZB6E;IVANOVSKAJa OBL, KINEShMA;LO17CJ
;UUBH;IVANOVSKAJa OBL, Luh;LO16DX
;ZF35;IVANOVSKAJa OBL, MIRSLAVL;KO96XS
;ZDG9;IVANOVSKAJa OBL, Peremilovo;LO06QV,LO06RV
;ZAE1;IVANOVSKAJa OBL, PORZDNI;LO17GA
;HA4C;IVANOVSKAJa OBL, Volga;LO07PI
;ZAL8;IVANOVSKAJa OBL, BLUE sedges;LO06HR
;XUDT;IVANOVSKAJa OBL, Teykovo;LO06FU
;ZAK9;IVANOVSKAJa OBL, SHILEKSHA;LO17GE
;ZB02;IVANOVSKAJa OBL, Yuzha;LO16AN
;UUIC;IVANOVSKAJa OBL, Yurievets;LO17NI
;H025;KALININGRAD REGION, Bagrationovsky;KO04HJ
;XMKB;KALININGRAD REGION, BALTIYSK (AJAC);JO94WO
;XMWD;KALININGRAD REGION, DON;JO94XW
;ZEZ2;KALININGRAD REGION, KALININGRAD (SMALL Isakova);KO04GR
;UMKK;KALININGRAD REGION, Kaliningrad (Khrabrovo);KO04GV,KO04HV
;XMWB;KALININGRAD REGION, KALININGRAD (Chkalovsk);KO04ES,KO04FS
;H411;KALININGRAD REGION, meadows;KO04HQ
;HCS6;KALININGRAD REGION, Mamonov (Heiligenbeil);JO94XL
;UMKM;"KALININGRAD REGION, MISP ""D-6""";KO05HG
;HAC0;KALININGRAD REGION, SEA;KO05KF
;XMWN;KALININGRAD REGION, Nivenskoe;KO04GN,KO04HN
;N698;KALININGRAD REGION, Sovetsk (OCTOBER);KO05VB,KO05VC
;XMWH;KALININGRAD REGION, Chernyakhovsky;KO04VO
;HA02;KALUZhSKAJa OBL, Akatova;KO85JD
;HE21;KALUZhSKAJa OBL, ATIS;KO94GI
;HD17;KALUZhSKAJa OBL, hydro Tarus;KO85LB
;UUWE;KALUZhSKAJa OBL, Ermolina;KO85GF,KO85HF
;UUBC;KALUZhSKAJa OBL, Kaluga (Grabtsevo);KO84EM,KO84EN
;XUBG;KALUZhSKAJa OBL, Kaluga (Oreshkova);KO84AL,KO84BL
;UUWK;KALUZhSKAJa OBL, Kudinov;KO85CA
;ZA6P;KALUZhSKAJa OBL, Kurowski;KO74XM
;XUBE;KALUZhSKAJa OBL, Medyn;KO74WW
;UUFM;KALUZhSKAJa OBL, Mikheev;KO74WV
;UUFN;KALUZhSKAJa OBL, WEEKLY;KO84HU,KO84IU
;HEK3;KALUZhSKAJa OBL, Obninsk (Oestrich-PARK);KO85GD
;XUBJ;KALUZhSKAJa OBL, Shaykovka;KO74EE,KO74EF
;ZDV5;KALUZhSKAJa OBL, Shirokov;KO84KI
;UUBA;Kostroma region, Kostroma (Kostroma Airport);LO07MT,LO07MS
;ZB1V;Kostroma region, Tatarian;LO07KM,LO07LM
;UUBF;Kostroma region, Chukhloma (CENTRAL);LO18IR
;UUBQ;Kostroma region, Sharjah;LO28SJ
;ZF2F;Kostroma region, Sholokhov;LO07ON
;ZE6P;Lipetsk region, Argamach;KO92HP,KO92HQ
;ZC90;Lipetsk region, Elec (Telegin);KO92EP
;ZA67;Lipetsk region, RED;KO92JU,KO92JV
;ZB15;Lipetsk region, KUYMAN;KO92PV
;UUOL;Lipetsk region, LIPETSK;KO92SQ,KO92SR
;XUWG;Lipetsk region, Lipetsk (MUD);KO92WK
;XUWL;Lipetsk region, Lipetsk 2;KO92RP
;ZB1I;Lipetsk region, NEW VILLAGE;KO92QR
;XUOU;Lipetsk region, Usman (SHARSHKI);KO92TA,KO92UA
;ZB1E;Lipetsk region, Hlevnoe;KO92NE
;ZBI7;Lipetsk region, Chaplygin;KO93XG
;UUUY;MOSCOW, 35 KM MKAD;KO85SN
;UUUX;MOSCOW, 63 km MKAD;KO85QS
;UUBU;MOSCOW, Zhulebino;KO85WQ
;HH08;MOSCOW, CROSSES;KO85NG
;UUWW;MOSCOW, Moscow (Vnukovo);KO85OO,KO85PO
;UUUN;MOSCOW, MOSCOW (GKB-15);KO85VR
;UUUQ;MOSCOW, MOSCOW (GKB-20);KO85TU
;UUUB;MOSCOW, MOSCOW (GKB-7);KO85TP
;UUUR;MOSCOW, MOSCOW (GKB-71);KO85RR
;UUUV;MOSCOW, MOSCOW (GOVERNMENT HOUSE);KO85SS
;UUUC;MOSCOW, MOSCOW KREMLIN);KO85TS,KO85TR
;UUUH;MOSCOW, MOSCOW (Research Institute for Independent Croat State and T);KO85TR
;UUUI;MOSCOW, MOSCOW (SRI JV);KO85TS
;UUMO;MOSCOW, MOSCOW (Ostafyevo);KO85RM,KO85SM
;UUUS;MOSCOW, Moscow (Tushino);KO85RT
;XUMF;MOSCOW, MOSCOW (Ice Palace) CCP them Frunze;KO85SS
;UUWQ;MOSCOW, Shishkin Les;KO85OJ,KO85OK
;HG8B;MOSCOW, Shchapov;KO85QJ
;UUWR;MOSCOW, ashen;KO85SO
;XUMA;MOSCOW REGION, Alabino;KO85LM
;XUOA;MOSCOW REGION, Alferevo;KO76WC
;UUWY;MOSCOW REGION, Anosino-2;KO85LT
;UUWH;MOSCOW REGION, Aerograd-MOZHAYSKY;KO85CL,KO85CM
;HCV2;MOSCOW REGION, WHITE COTTAGE;KO85WP
;UUCB;MOSCOW REGION, Beloomut;KO94PW
;UUMX;MOSCOW REGION, The Annunciation;KO96BH
;UUDG;MOSCOW REGION, BIG Gryzlov;KO84TS
;ZA1Z;MOSCOW REGION, Bronnitsy;KO95CK
;ZB34;MOSCOW REGION, Bronnitsy (Fedin);KO95DK
;UUMR;MOSCOW REGION, Bunkovo;KO85JV
;UUMW;MOSCOW REGION, Vatulin;KO85BP,KO85BQ
;UUME;MOSCOW REGION, Heliports PUSHKINO;KO86XA,KO86XB
;UUDW;MOSCOW REGION, TAKE-OFF;KO85UJ
;UUCW;MOSCOW REGION, vortex;KO96BF
;XUMW;MOSCOW REGION, Volosovo;KO85RB
;UUMV;MOSCOW REGION, Voskresensk;KO95HH
;UUMQ;MOSCOW REGION, Gankin;KO94QU
;UUCG;MOSCOW REGION, Golikova;KO85PW
;UUWU;MOSCOW REGION, Gorki-9;KO85NR
;HE5Z;MOSCOW REGION, rook;KO95AK
;UUCU;MOSCOW REGION, GREENWOOD;KO85QU
;UUEQ;MOSCOW REGION, GURBAN;KO86SD
;UUCD;MOSCOW REGION, ROAD;KO86JH
;UUCE;MOSCOW REGION, Eganova;KO95AM
;XUMG;MOSCOW REGION, Yegoryevsk (Shuvoye);KO95MK,KO95ML
;UUBW;MOSCOW REGION, Zhukovsky (Ramenskoye);KO95BN,KO95CN,KO95BM,KO95CM
;UUCI;MOSCOW REGION, Ilyasova;KO94JW
;XUMN;MOSCOW REGION, WEDGE;KO86II,KO86JI
;XUMK;MOSCOW REGION, Kolomna (KOROBCHEEVO);KO95KC,KO95LC
;UUUG;MOSCOW REGION, CROCUS EXPO;KO85QT
;UUMB;MOSCOW REGION, CUBAN;KO85HO,KO85IO
;ZEH7;MOSCOW REGION, Lamonova;KO94GK
;XUMT;MOSCOW REGION, Lukhovitsy (Tretyakov);KO94MV,KO94MW
;ZB3D;MOSCOW REGION, Lystseva;KO95FG
;H255;MOSCOW REGION, Maksimovka;KO95GG
;XUMM;MOSCOW REGION, MALINO;KO95BB,KO95BC
;UUBB;MOSCOW REGION, MOSCOW (bulls);KO95AO,KO95AP
;UUDD;MOSCOW REGION, Moscow (Domodedovo);KO85WJ,KO85WK,KO85XJ,KO85XK
;UUEE;MOSCOW REGION, Moscow (Sheremetyevo);KO85QX,KO85RX
;UUBM;MOSCOW REGION, Myachkovo;KO85XN
;XUEN;MOSCOW REGION, the Nagorno;KO85TV
;UUWN;MOSCOW REGION, PEOPLE'S SKY;KO85BL
;UUDN;MOSCOW REGION, NEW PRODUCTS;KO84TX,KO84UX
;UUWO;MOSCOW REGION, OGARYOVO;KO85OR
;UUWB;MOSCOW REGION, ODINTSOVO (Bakovka);KO85PQ,KO85QQ
;UUMY;MOSCOW REGION, LAKES;KO94HT
;UUDO;MOSCOW REGION, Orlov (RUS);KO85WN
;HA3T;MOSCOW REGION, Pavlovskaya;KO85UL
;HE63;MOSCOW REGION, BOR RESORT;KO85UI
;UUCS;MOSCOW REGION, SAPSAN;KO85PX
;UUML;MOSCOW REGION, Severka;KO95IE,KO95IF
;UUMD;MOSCOW REGION, SELNIKOVO;KO95ND
;XUMS;MOSCOW REGION, Serpukhov (Drakino);KO84PU,KO84KV
;UUWM;MOSCOW REGION, SCM;KO85OO,KO85OP
;XUMI;MOSCOW REGION, STUPINO;KO94BV
;UUCT;MOSCOW REGION, TORBEEVO;KO85WB
;UUUZ;MOSCOW REGION, MOSCOW Heliport;KO85QT
;UUDR;MOSCOW REGION, Heliport Reutov;KO85WS
;UUMC;MOSCOW REGION, CHERNOGOLOVKA;KO96DA,KO96EA
;XUMH;MOSCOW REGION, BLACK;KO95AS
;UUMU;MOSCOW REGION, Chkalovsky;KO95AU,KO95AV,KO95BU,KO95BV
;UUAO;MOSCOW REGION, Yuryev;KO86TB
;UUCQ;MOSCOW REGION, Yanina;KO95QE,KO95RE
;UUEJ;MOSCOW REGION, Yachroma (volition);KO86RG
;UWGZ;NIZHNY NOVGOROD REGION, Arzamas;LO15WI
;XUDM;NIZHNY NOVGOROD REGION, Arzamas (MIUS);LO14PW,LO14PX
;UWGI;NIZHNY NOVGOROD REGION, Babin;LO16TF
;ZDV6;NIZHNY NOVGOROD REGION, Balakhna (SCHUKOBOR);LO16SN
;XUDK;NIZHNY NOVGOROD REGION, Bogorodsk;LO16SC,LO16SD
;UWGB;NIZHNY NOVGOROD REGION, BIG Boldin;LO25PA
;UWGQ;NIZHNY NOVGOROD REGION, Burtsev (Doskino);LO16UD
;UWGV;NIZHNY NOVGOROD REGION, Voznesensky;LO14JV
;ZD87;NIZHNY NOVGOROD REGION, Volodarsky;LO16NF
;UWGX;NIZHNY NOVGOROD REGION, Vyksa;LO15BH
;UWGA;NIZHNY NOVGOROD REGION, Gagin;LO25MF
;UWGD;NIZHNY NOVGOROD REGION, Gorodets;LO16RQ
;ZEK6;NIZHNY NOVGOROD REGION, DZERZHINSK;LO16SG
;UWGK;NIZHNY NOVGOROD REGION, Kulebaki;LO15FK
;UWGL;NIZHNY NOVGOROD REGION, Lyskovo;LO26NA
;ZE97;NIZHNY NOVGOROD REGION, Lyskovo (OKISHINO);LO26NB
;UWGE;NIZHNY NOVGOROD REGION, Madaeva;LO24GT
;UWGM;NIZHNY NOVGOROD REGION, Mozhar MAYDAN;LO25WO
;XUDS;NIZHNY NOVGOROD REGION, Nizhny Novgorod (SORMOVO);LO16VH
;UWGG;NIZHNY NOVGOROD REGION, Nizhny Novgorod (Strigino);LO16VF
;UWGO;NIZHNY NOVGOROD REGION, Okhlopkova;LO16ME,LO16NE
;ZC9K;NIZHNY NOVGOROD REGION, PETRYAEVKA;LO16VF
;UWGP;NIZHNY NOVGOROD REGION, PETRYAKSY;LO35AJ
;UUAJ;NIZHNY NOVGOROD REGION, FIX COP;LO24HQ
;XUDP;NIZHNY NOVGOROD REGION, Pravdinsky;LO16RM
;UWGR;NIZHNY NOVGOROD REGION, Rozhentcova (VAD);LO25DL
;XUDE;NIZHNY NOVGOROD REGION, Savasleyka;LO15DK
;XWGS;NIZHNY NOVGOROD REGION, Slobodskoy;LO26EA
;UWGT;NIZHNY NOVGOROD REGION, Tonshaevo;LO37MR
;ZAS8;NIZHNY NOVGOROD REGION, Trots;LO16OQ
;ZCF5;NIZHNY NOVGOROD REGION, HVOSCHEVKA;LO15SV
;XWGJ;NIZHNY NOVGOROD REGION, Shahunya;LO37GQ
;XLND;NOVGORODSKAYA REGION, GREAT NOVGOROD (Bork);KO58MI
;ZC3J;Orel, FIGHT;KO73XA
;ZE3Q;Orel, Bolhov;KO83AK
;ZE3R;Orel, Bunin;KO72SX
;ZC72;Orel, Znamenskoye;KO73TG
;H277;Orel, Mtsensk;KO83HG
;XUOE;Orel, EAGLE (Pugachevka);KO82CV
;ZA9V;Orel, EAGLE (NORTH);KO83AA
;UUOR;Orel, EAGLE (SOUTH);KO72XW,KO82AW
;ZAN7;Orel, STEEL HORSE;KO83BB
;HF89;RJaZANSKAJa OBL, Zhitov;KO94QR
;ZDQ0;RJaZANSKAJa OBL, Zakharova;KO94PI
;ZA52;RJaZANSKAJa OBL, KASIMOV;LO04RW
;UUBZ;RJaZANSKAJa OBL, Listvyanka;KO94XL,KO94XM
;ZBI6;RJaZANSKAJa OBL, Mikhailov;KO94LE
;XUWR;RJaZANSKAJa OBL, Ryazhskaya;KO93XQ,LO03AQ
;H385;RJaZANSKAJa OBL, Ryazan (heliport);KO94UO
;ZCT9;RJaZANSKAJa OBL, Ryazan (GLOBE);KO94VO,KO94VP
;UUBD;RJaZANSKAJa OBL, Ryazan (Diaghilev);KO94SP,KO94TP
;UUBY;RJaZANSKAJa OBL, Ryazan (Protasov);KO94WL,KO94XL
;UUBR;RJaZANSKAJa OBL, Ryazan (Turlatovo Airport);KO94WN
;UUBG;RJaZANSKAJa OBL, Sasovo;LO04XI
;XUWS;RJaZANSKAJa OBL, Selco;KO94TW
;ZAM0;RJaZANSKAJa OBL, Skopin;KO93SU
;ZAJ9;RJaZANSKAJa OBL, Shatskikh;LO04UB
;UUJK;RJaZANSKAJa OBL, Shilov (Krutitsy);LO04JG
;ZD8Q;Smolensk region, GOROVIDKA;KO75FG
;XUMR;Smolensk region, Vyazma (Vyazma Airport);KO75ED
;UUBJ;Smolensk region, Merlin;KO54SN,KO54SO
;XUBS;Smolensk region, Smolensk (NORTH);KO64AT
;UUBS;Smolensk region, Smolensk (SOUTH) (Tikhvinka);KO64AR
;XUBH;Smolensk region, Khlamova;KO54VM,KO54VN
;XUBV;Smolensk region, Shatalov;KO64FI,KO64FH
;ZD8R;Smolensk region, Yakushkina;KO65WF
;ZC0M;Tambov region, Zarya;LO02US
;ZDE3;Tambov region, Znamenka;LO02RJ
;XUWM;Tambov region, Michurinsk;LO02EW,LO02EV
;ZAT4;Tambov region, Michurinsk (TURMASOVO);LO02GW
;XUWO;Tambov region, Morshansk;LO03UK,LO03VK
;ZDE2;Tambov region, Nikolaevka;LO02LP
;XUWN;Tambov region, NOVOGORODOVKA;LO12BP,LO12CP
;XUOM;Tambov region, TAMBOV;LO02QQ,LO02QR
;XUON;Tambov region, TAMBOV (Gorelov);LO02RW,LO02RX
;UUOT;Tambov region, TAMBOV (DON);LO02RT
;XUEA;Tver region, Andreapol;KO66DP
;XLLD;Tver region, Vypolzovo;KO67TU,KO67UU
;XUED;Tver region, Dorokhova;KO87HR,KO87IR
;UUEX;Tver region, Zalesov;KO76NS
;UUTK;Tver region, Kalyazin;KO87WF
;UUMK;Tver region, Kesova Gora;KO87PN
;UUEC;Tver region, KIVERICHI (WEST);KO87GI
;UUEI;Tver region, Cymru (Bork);KO86PT,KO86QT
;UUTA;Tver region, Kirillovka;KO76XO
;UUEL;Tver region, KONAKOVO;KO86KP
;XUEO;Tver region, nettle;KO67QB
;UUTO;Tver region, Orlovka;KO76LD
;XUER;Tver region, Rzhev;KO76FG,KO76EG,KO76EF
;UUAK;Tver region, Rzhev (compressor);KO76CG
;UUTQ;Tver region, SVERDLOVKA;KO86HP
;UUTS;Tver region, bayou;KO76LM
;UUES;Tver region, SUHOSHINY;KO66PT
;UUBN;Tver region, Tver (kites);KO76XW,KO76XV
;UUEM;Tver region, Tver (Migalovo);KO76UT,KO76VT,KO76UU,KO76VU
;XUET;Tver region, Torzhok;KO77LA,KO77LB,KO77MA,KO77MB
;UUAN;Tver region, Torzhok (compressor);KO77MA
;XUEH;Tver region, Khotilovo (NEW);KO77AP,KO77BP,KO77BQ
;UUEY;Tver region, JuR'EVSKIJj (Volzhanka);KO86DS
;ZA1N;Tul, more flesh;KO93CG,KO93CH
;ZAW4;Tul, Venev;KO94CJ
;ZEH6;Tul, DUBROVKA;KO93CK
;XUWE;Tul, Efremov;KO93CC,KO93CD,KO93DC,KO93DD
;ZF18;Tul, Kireevsk;KO83XV,KO93AV
;ZBI3;Tul, Mordves;KO94CN
;UUDP;Tul, Pakhomov;KO84SO,KO84SP,KO84TP
;XUBO;Tul, TULA (Volintsev);KO84WH
;UUBT;Tul, TULA (Klokovo);KO84TF
;XUBM;Tul, TULA (Myasnovo);KO84SF
;UUMJ;Yaroslavl region, Breytovo;KO88WH
;UUQA;Yaroslavl region, Gavrilov-Yam (AGAT);KO97VH
;ZBT1;Yaroslavl region, GOLOGUZOVO;KO97SD,KO97TD
;XUDA;Yaroslavl region, KARACHIHA;KO97VP
;UUMN;Yaroslavl region, MYSHKIN;KO97FT
;ZA8V;Yaroslavl region, NIKOLSKOE;LO07EM
;ZA9U;Yaroslavl region, Oparin;KO97VL
;UUAE;Yaroslavl region, Pereslavl;KO96KQ
;UUQP;Yaroslavl region, Popov ING;KO96IR
;UUBK;Yaroslavl region, Rybinsk (Staroselie);KO98KC,KO98LC
;XUDR;Yaroslavl region, Rybinsk (SOUTH);KO97KX,KO98KA
;UUQR;Yaroslavl region, Rybinsk AKSON;KO98JB
;HE7Z;Yaroslavl region, Sports Complex Yaroslavna;KO97QD
;ZF2E;Yaroslavl region, SUDINO;KO97PF
;ZAQ4;Yaroslavl region, Tatishchev POGOST;KO97RI
;UUBX;Yaroslavl region, YAROSLAVL (Levtsovo);LO07AR
;UUDL;Yaroslavl region, YAROSLAVL (Tunoshna);LO07BN,LO07CN
RA4;;;
;UWOA;BASHKORTOSTAN, Akyar;LO91DW
;UWUG;BASHKORTOSTAN, Askin;LO86GC
;UWUN;BASHKORTOSTAN, ATNYASH;LO85ON,LO85OO
;H613;BASHKORTOSTAN, Belebey;LO74BC
;UWUB;BASHKORTOSTAN, Beloretsk;LO93DW,LO93EW
;H614;BASHKORTOSTAN, Davlekanovo;LO74LG
;UWUD;BASHKORTOSTAN, Duva;LO85WQ
;ZBG4;BASHKORTOSTAN, Dyurtyuli;LO75JK
;XWUU;BASHKORTOSTAN, ZABELSKY;LO74XT
;UWOI;BASHKORTOSTAN, Zilair;LO82RE
;UWUE;BASHKORTOSTAN, Karaidel;LO85LT,LO85LU
;UWUQ;BASHKORTOSTAN, tarpaulin;LO85JO
;HD56;BASHKORTOSTAN, CONGRESS HALL;LO74XR
;UWOK;BASHKORTOSTAN, Kumertau;LO72VS
;XWOK;BASHKORTOSTAN, Kumertau (VOROTYNOVKA);LO72VU
;HE0R;BASHKORTOSTAN, KURASKOVO;LO74WU
;USCM;BASHKORTOSTAN, MAGNITOGORSK;LO93JJ,LO93IJ
;UWUF;BASHKORTOSTAN, Neftekamsk;LO76EC
;USCL;BASHKORTOSTAN, NOVOBELOKATAY;LO95LS
;UWUP;BASHKORTOSTAN, Pervomayskaya;LO85MJ
;UWUO;BASHKORTOSTAN, Pervushin;LO74UX,LO75UA,LO74VX
;UWUA;BASHKORTOSTAN, Sibal;LO92IQ
;UWUW;BASHKORTOSTAN, Starosubkhangulovo (Burzyan);LO83QC
;UWUS;BASHKORTOSTAN, Sterlitamak;LO73VM
;UWUU;BASHKORTOSTAN, UVA;LO74WN,LO74WM
;XWUU;BASHKORTOSTAN, UVA (ZABELSKY);LO74XT
;UWUM;BASHKORTOSTAN, UVA (Maksimovka);LO84BT,LO84CT,LO84CU
;URWD;Volgograd region, Akol'zin;LN18HE
;ZF40;Volgograd region, VETYUTNEV;LN19SS
;XRWB;Volgograd region, VOLGOGRAD (BEKETOVKA);LN28EN,LN28EM
;URWW;Volgograd region, VOLGOGRAD (Gumrak);LN28DS,LN28ES,LN28DT,LN28ET
;XRWM;Volgograd region, VOLGOGRAD (marinating);LN18VP
;URWE;Volgograd region, Erzovka;LN28HW
;XRWV;Volgograd region, Zhutovo-1e;LN17UX
;URWK;Volgograd region, Kamyshin;LO2OQB
;XRWF;Volgograd region, Kapustin Yar;LN28UQ,LN28UP
;XRWK;Volgograd region, Kletskaya;LN19MH
;XRRK;Volgograd region, KOTELNIKOVO;LN17MP,LN17NP,LN17NO
;XRWL;Volgograd region, Lebyazhya;LO20OE,LO20OF
;XRWG;Volgograd region, LOG;LN19WL,LN19XL
;XRWY;Volgograd region, Mikhaylovka;LN19PX,LN19QX
;ZC8Z;Volgograd region, Povorino;LO11BC,LO11CC
;URWR;Volgograd region, Rakovka (Staroselie);LN19QW
;URWS;Volgograd region, Serafimovich;LN19IN
;XRWA;Volgograd region, Srednyaya Akhtuba;LN28KR
;ZAS6;Volgograd region, Trinity;LO10MG
;URWU;Volgograd region, Uryupinsk;LO10AT
;ZE81;Volgograd region, Frolova;LN19US
;USKB;Kirov region, Belokholunitsky;LO58KU
;USKW;Kirov region, VYATSKIYE POLYANY;LO56MD,LO56ME
;USKI;Kirov region, Kilmez (robins);LO56MV
;USKK;Kirov region, Kirov (Pobedilovo);LO48PL,LO48PM,LO48QL,LO48QM
;XSKP;Kirov region, Kirov (Poroshin);LO48VO
;ZET0;Kirov region, Kirov (FILEYKA);LO48SP,LO48TP
;USPI;Kirov region, Kirsi;LO69CI
;USKO;Kirov region, Kotelnich;LO48EH
;USPN;Kirov region, Nagorskaya;LO59JH
;HFB1;Kirov region, Omutninsk;LO68CQ
;USKS;Kirov region, Sovetsk;LO47LN
;ZAZ7;Kirov region, Yaransk;LO37VG
;UWKJ;MARI EL, Yoshkar-Ola;LO36WQ,LO36WR
;XWKD;MARI EL, Yoshkar-Ola (Danilov);LO46AP,LO46AQ
;ZEP7;MARI EL, Mit'kin;LO36UP
;ZE9W;MARI EL, Sernur;LO46NW
;ZC6W;MARI EL, TOYBEKOVO;LO46DR
;H153;MORDOVIA, Zubova Polyana;LO14KB
;ZE8T;MORDOVIA, DUBЁNKI;LO34DK
;UWPS;MORDOVIA, SARANSK;LO24OC,LO24OD
;XWPS;MORDOVIA, Saransk (Lyambir);LO24NG,LO24OG,LO24OH
;ZA4M;Penza, HEATER;LO23AE,LO23AF
;ZC2K;Penza, Kondol;LO22MT
;XWPK;Penza, Kuznetsky;LO33GC,LO33HC
;ZF3D;Penza, SMALL Serdoba;LO22LK
;XWPO;Penza, Penza (Sosnovka);LO23PG
;UWPP;Penza, Penza (Ternovca);LO23MC
;ZEK8;Penza, PYASHA;LO23JG
;ZAG8;Penza, RUSSIAN Kameshkir;LO32BU
;ZAQ1;Penza, TANEEVKA;LO22KV
;XWWB;Samara region, Bezenchuk;LO42QX
;UWWE;Samara region, TOP Sancheleevo;LO43RQ,LO43SQ
;UWWI;Samara region, Georgievka;LO53MG
;XWWL;Samara region, Kinel (PULL);LO53SK,LO53SL
;UWWN;Samara region, LUNACHAR;LO43MQ
;UWWG;Samara region, SAMARA (Bezymyanka);LO53DE,LO53DF,LO53EF
;XWWO;Samara region, SAMARA (Bobrovka);LO53ID
;UWWQ;Samara region, SAMARA (RED-YAR);LO53FM
;UWWV;Samara region, SAMARA (RANGE);LO53BC
;UWWW;Samara region, Samara (Kurumoch);LO53BL,LO53BM,LO53CL,LO53CM
;XWWD;Samara region, SAMARA (Christmas);LO53AF,LO53AG
;UWWS;Samara region, SAMARA (Smyshlyaevka);LO53EF,LO53EG
;XWWS;Samara region, Syzran (TROEKUROVKA);LO43GF
;UWWT;Samara region, TOLYATTI;LO43QO
;XWWZ;Samara region, Chapaevsk (STAR);LO42TW
;UWSA;Saratov region, Arkadak;LO11SV
;XWSB;Saratov region, Sennoy;LO32LD
;UWSB;Saratov region, BALAKOVO (SMALL Bykovka);LO31UU,LO31VU
;XWSW;Saratov region, Balashov;LO11PM,LO11PN
;UWSW;Saratov region, Balashov (Repnoe);LO11NP,LO11NO
;XWWW;Saratov region, Wolski;LO32PA,LO32QA
;UWSG;Saratov region, MOUNTAIN;LO41HR,LO41HS
;XWRK;Saratov region, Kozhin;LO41PD,LO41PE
;UWSK;Saratov region, Krasny Kut;LO30LW,LO30LX
;UWSO;Saratov region, Ozinki;LO41TC,LO41TD
;UWSP;Saratov region, PUGACHEV;LO42JA
;XWPR;Saratov region, Rtishchevo;LO12UH,LO12UG
;XWSD;Saratov region, Zárate (Dubki);LO31AP
;XWSS;Saratov region, Zárate (FALCON);LO21VM,LO21VN,LO21WM,LO21WN
;UWSS;Saratov region, Zárate (CENTRAL);LO31AN
;XWSR;Saratov region, Zárate (SOUTH);LO21XL
;XWPT;Saratov region, Tatishcheva;LO21SQ
;XWPU;Saratov region, TURKS;LO11PV,LO11PW
;UWSX;Saratov region, Shumeyko;LO31DN
;XWSG;Saratov region, Engels-2;LO31CL,LO31BL,LO31DL,LO31CM
;XWPP;Saratov region, PETROVSK;LO22QG,
;ZCG7;TATARSTAN, AZNAKAEVO;LO64MV,LO64NV,LO64NU
;UWUZ;TATARSTAN, Aktanysh;LO75AQ
;UWTP;TATARSTAN, Almetyevsk (understand);LO64CW
;UWKF;TATARSTAN, Baltas;LO56CI
;UWKB;TATARSTAN, Bugulma;LO64JP
;UWKL;TATARSTAN, ELABUGA;LO65BS,LO65BT
;UWKD;TATARSTAN, KAZAN;LO45PO,LO45OO
;UWTA;TATARSTAN, KAZAN (ATLAS);LO46SA
;UWKG;TATARSTAN, KAZAN (Borisoglebsk);LO45NU,LO45NV
;UWTW;TATARSTAN, KAZAN (cherry brandy);LO45PS
;XWKR;TATARSTAN, KAZAN (Kurkachi);LO45SX,LO45TX
;UWKW;TATARSTAN, KAZAN (Yudin);LO45MU
;UWKK;TATARSTAN, KAZAN-2 (HIPPODROME);LO45OS,LO45OT
;UWKQ;TATARSTAN, KURALOVO;LO45JP
;UWKP;TATARSTAN, Menzelinsky;LO65MR
;UWKE;TATARSTAN, Nizhnekamsk (BEGISHEVO);LO65BN,LO65AN
;UWWL;TATARSTAN, Nat;LO54JK
;UWUK;TATARSTAN, OCTOBER;LO64QK
;UWKR;TATARSTAN, Sarmanova;LO65GG,LO65HG
;UWKX;TATARSTAN, Spassky;LO64KK,LO64LK
;UWKI;TATARSTAN, Chistopol;LO55HH
;USII;Udmurtia, IZhEVSK;LO66RT,LO66RU
;HC9R;Udmurtia, Kilmez;LO57RA
;HCU4;Udmurtia, COP Votkinsk;LO77BA
;ZDL1;Udmurtia, Mozhga;LO66DK
;XSPI;Udmurtia, PIROGOVO;LO66OS
;H621;Udmurtia, Sarapul;LO66UL
;XWPB;Ulyanovsk region, bazaar Syzgan;LO33JR
;UWLB;Ulyanovsk region, BEKETOVKA;LO34LB
;UWLN;Ulyanovsk region, Novoselki;LO43UV
;XWWR;Ulyanovsk region, Repyevka;LO43BE
;UWLS;Ulyanovsk region, Soldiers Tashla;LO44DA
;UWLL;Ulyanovsk region, Ulyanovsk (Baratayevka);LO44CG
;XWWN;Ulyanovsk region, Ulyanovsk (WHITE KEY);LO44DE
;HB5X;Chuvashia, Alatyr;LO34GT
;ZA2J;Chuvashia, Tsivilsk;LO35RT
;UWKS;Chuvashia, Cheboksary (SINYALY);LO36PB,LO36PC,LO36QC
;ZDQ4;Chuvashia, SHIBYLGI;LO35RP
RA6,7;;;
;ZDJ8;ADYGEA, Vladimirsky;LN04BS
;XRKG;ADYGEA, Giaginskaya;KN94XV
;HE7F;ADYGEA, KONSTEL;KN94LW
;URKM;ADYGEA, MAJjKOP;LN04BP
;XRKM;ADYGEA, Maikop (OCTOBER);LN04CP
;XRKH;ADYGEA, Maikop (Khan's);LN04AQ
;ZB1C;ADYGEA, PROGRESS;LN04CV
;ZDM7;ADYGEA, TAMBOV;LN04ES
;ZAU2;ADYGEA, Ulyap;KN95XB
;URKS;ADYGEA, ENEMO;KN94LW
;XRKD;ADYGEA, ENEMO (DZ);KN94LW
;URWA;Astrakhan region, Astrakhan;LN36XG,LN46AG
;XRAP;Astrakhan region, Astrakhan (Volga region);LN36WJ
;XRWH;Astrakhan region, Akhtuba;LN38CH,LN38DH,LN38CG
;XRAK;Astrakhan region, Ashuluk;LN37WK,LN37XK
;XRAS;Astrakhan region, BASS;LN36LF
;ZD7G;Astrakhan region, Enotaevka;LN37MF
;ZF1B;Astrakhan region, Zavolzhe;LN37TA
;ZE4G;Astrakhan region, Zelenga;LN46HE
;HD4S;Astrakhan region, Zenzeli;LN35MW
;ZDB9;Astrakhan region, Kamyzyak;LN46BB
;HE8K;Astrakhan region, CASPIAN;LN35TX
;XRAB;Astrakhan region, talus mound;LN46AG
;HC6R;Astrakhan region, RASKAT;LN46BA
;XRAR;Astrakhan region, THREE FLOW;LN46BH
;ZDR4;Astrakhan region, BLACK NR (AIR LIFE);LN28XA,LN28XB
;URMJ;Dagestan, Aghvan;LN32BM
;URMR;Dagestan, Derbent;LN42DC
;XRML;Dagestan, Caspian;LN32TV,LN32UV
;URMF;Dagestan, Kizlyar;LN33IT
;HG3C;Dagestan, MAKHACHKALA (GOSPITAL MIA);LN32SX
;XRMR;Dagestan, MAKHACHKALA (NIVNOE);LN33RA
;URML;Dagestan, MAKHACHKALA (Uytash);LN32TU,LN32TT,LN32UT
;URMQ;Dagestan, MAKHACHKALA-1 (ular);LN33QB,LN33QA
;URMU;Dagestan, Untsukul;LN32JR
;HE8W;INGUSHETIA, MAGAS (Ministry of Internal Affairs of RI);LN32JD
;URMS;INGUSHETIA, Sleptsovskaya (MAGAS);LN23LH,LN23MH
;ZE42;KALMYKIA, BIG TSARYN;LN27RT
;ZA3Y;KALMYKIA, Gorodovikovsk;LN06WB
;URWZ;KALMYKIA, CASPIAN;LN35QI
;HAC3;KALMYKIA, Lagan;LN35QJ
;ZD7X;KALMYKIA, Tsagan-Aman;LN37IN
;URWI;KALMYKIA, EhLISTA;LN26DI,LN26EI,LN26DJ,LN26EJ
;XRWT;KALMYKIA, EhLISTA (Troitsky);LN26CK,LN26CL
;H055;CBD, UPPER Baksan;LN13IH
;ZD7U;CBD, Kishpek;LN13SO
;URMN;CBD, NALCHIK;LN13TM
;H464;CBD, TURNAUZ;LN13LJ
;HFY4;CBD, TRAINING;LN13XS
;URKA;KRASNODAR REGION, Anapa (Vityazevo);KN84PX,KN85QA,KN85QX
;XRKR;KRASNODAR REGION, Armavir (CENTRAL);LN04NX
;URKF;KRASNODAR REGION, Afipsky (BASIC);KN65OT
;XRKB;KRASNODAR REGION, BARONOVSKY;LN04LW,LN04MW
;URKY;KRASNODAR REGION, Belevtsev;KN95MG,KN95MF,KN95NF,KN95NG
;URKG;KRASNODAR REGION, Gelendzhik;KN94AN,KN94AO
;URKN;KRASNODAR REGION, Gelendzhik BAY;KN94AN
;URKE;KRASNODAR REGION, EYSK;KN96CQ,KN96DQ
;XRKO;KRASNODAR REGION, Korenovsk;KN95QK,KN95RK
;ZA65;KRASNODAR REGION, KRASNOARMEYSKAYA;KN95DI
;URKK;KRASNODAR REGION, KRASNODAR (Pashkovsky);KN95NA,KN95NB,KN95OA,KN95OB
;XRKL;KRASNODAR REGION, KRASNODAR (CENTRAL);KN95LB,KN95LC
;XRKW;KRASNODAR REGION, Crimean;KN84XX,KN84XW,KN94AX,KN94AW
;XRRD;KRASNODAR REGION, Kushchevskaya;KN96SM,KN96SN
;XRXW;KRASNODAR REGION, Kushchevskaya;KN96RI
;URKW;KRASNODAR REGION, Labinsk;LN04IP,LN04JP,LN04JQ
;URSA;KRASNODAR REGION, Lazarevski;KN93QV
;ZB2N;KRASNODAR REGION, LENINGRADSKAYA;KN96QH
;URKZ;KRASNODAR REGION, Novotitarovskaya (AZ);KN95KG,KN95LG
;XRKN;KRASNODAR REGION, Novotitarovskaya (FALCON);KN95LG
;ZC3W;KRASNODAR REGION, Pereyaslovskaya;KN95MT,KN95MU
;ZAC8;KRASNODAR REGION, Platnirovskaya;KN96QI
;XRKP;KRASNODAR REGION, Primorsko-Akhtarsk;KN96CB,KN96DB
;URSS;KRASNODAR REGION, SOCHI;KN93XK
;ZC04;KRASNODAR REGION, Staronizhesteblievskoy;KN95EI
;H745;KRASNODAR REGION, Taman (heliport);KN85HE
;ZAQ8;KRASNODAR REGION, Temryuk;KN85PH
;XRKT;KRASNODAR REGION, Tikhoretsk;LN05BV
;XRSP;KRASNODAR REGION, TUAPSE (Agha);KN94MD
;HG9E;CRIMEA, 5TH TOWN;KN65NJ
;HE3V;CRIMEA, Ai-Petri;KN74AL
;UKFL;CRIMEA, ALUPKA;KN74AJ
;UKFA;CRIMEA, ALUSHTA;KN74EQ
;HDE9;CRIMEA, Ayu-Dag;KN74DN
;UKFR;CRIMEA, Bagerovo;KN85DK,KN85DJ,KN85CJ
;HG9A;CRIMEA, BASE BLACK;KN75XA
;UKFC;CRIMEA, Bakhchisaray;KN64WR
;ZF20;CRIMEA, Bakhchisaray (HONEY);KN64VR
;HDF2;CRIMEA, shore;KN64WJ
;UKFN;CRIMEA, MERRY;KN75DO,KN75DN
;HDE8;CRIMEA, GURZUF (Artek);KN74DN
;XRFY;CRIMEA, Junko;KN75EQ,KN75FQ,KN75FR
;XKFU;CRIMEA, Donuzlav;KN65MH,KN65MI
;HCQ7;CRIMEA, Donuzlav (heliport);KN65NI
;UKFE;CRIMEA, YEVPATORIYA (Lima);KN65QF
;UPTB;CRIMEA, YEVPATORIYA (Tabasco);KN65QH
;HE4N;CRIMEA, ZAGORSKY RESERVOIR;KN74AP
;HEU6;CRIMEA, ORDER;KN64WJ
;ZD0M;CRIMEA, KALINOVKA;KN75IT,KN75IS
;UKFX;CRIMEA, KARA-SDO (Pervomayskaya);KN75OB
;HG2S;CRIMEA, KATERNAYA;KN65IM
;URFK;CRIMEA, Kerch;KN83EJ,KN85EI
;HG9C;CRIMEA, Kerch (heliport);KN85FH
;XRFD;CRIMEA, KIROVSKE;KN75NE,KN75OE,KN75ND,KN75OD
;XKFR;CRIMEA, Koreiz (RESPECT HALL);KN74AK
;HDE4;CRIMEA, Tuzla;KN85GG
;ZB5I;CRIMEA, Krasnoperekopsk;KN65WW
;HPKP;CRIMEA, Krasnoperekopsk (heliport);KN65VW
;ZB5H;CRIMEA, Krasnoperekopsk (MID);KN65UV
;HDF1;CRIMEA, Crimea Breeze;KN64XJ
;ZB5N;CRIMEA, Kukushkin;KN65QQ
;ZB5L;CRIMEA, mound;KN65UU
;HDE7;CRIMEA, Kutuzovka;KN74EQ
;ZD0L;CRIMEA, Lenin;KN75VH
;HCB6;CRIMEA, Livadia;KN74BL
;HG9D;CRIMEA, MAMATLY;KN74FW
;HDF9;CRIMEA, LIGHTHOUSE Tarhankut;KN65FI
;ZC0K;CRIMEA, Mezhvodnoe;KN65JO
;HGZ2;CRIMEA, intermountain;KN65WC
;HG99;CRIMEA, CAPE Chauda;KN74WX,KN75WA
;ZE9V;CRIMEA, Nizhnegorsky;KN75IK
;HG2P;CRIMEA, Okunevka;KN65JI
;HDE5;CRIMEA, Partenen;KN74EO
;HGP4;CRIMEA, Perekopa;KN66TF
;HEN1;CRIMEA, POGZ KOKTEBEL;KN74PX
;HG9B;CRIMEA, RANGE Uzunlarskoye;KN85AB
;HGC2;CRIMEA, Ponizovka (CUT);KN64XJ
;ZB5J;CRIMEA, HONORARY;KN65VX,KN66VA
;ZF1Z;CRIMEA, PREDUSCHELNOE;KN64WR
;XKFP;CRIMEA, SEASIDE;KN75SD
;ZCA9;CRIMEA, Primorsko (GANITS);KN75SC
;ZEW0;CRIMEA, RDK;KN75OA
;ZB5K;CRIMEA, rice;KN65UX
;ZB7O;CRIMEA, ROVENKA;KN75LL
;XRFI;CRIMEA, Saki;KN65TC,KN65TB,KN65SC,KN65SB
;ZB5M;CRIMEA, Svatovo;KN65WT
;URFF;CRIMEA, Simferopol;KN65XB,KN65XA
;XRFG;CRIMEA, Simferopol (Guards);KN65XD,KN65XC
;URFW;CRIMEA, Simferopol (factory);KN74AW,KN74AV
;ZCX0;CRIMEA, Simferopol (IVANENKOVSKY);KN74EV
;UKFT;CRIMEA, Simferopol (October);KN75BI,KN75BH,KN75AH
;ZB5G;CRIMEA, NICE (ABAY-KUCHUK);KN65OR
;ZB7P;CRIMEA, SOVIET;KN75LI
;UKFD;CRIMEA, ZANDER;KN74LV
;HGP3;CRIMEA, TURKISH TREE;KN66TD
;HPUG;CRIMEA, CORNER;KN64SU
;UKFO;CRIMEA, Feodosiya;KN75QB
;UPKT;CRIMEA, Theodosius (Koktebel);KN75OA
;XKFF;CRIMEA, FOROS (Zarya);KN64VJ
;HG2N;CRIMEA, BLACK;KN65IM
;UPYR;CRIMEA, BLACK (YARYLCHAG);KN65JN
;HDE3;CRIMEA, Shelkino;KN75VJ
;HG98;CRIMEA, SOUTH;KN75UC
;UKFQ;CRIMEA, YALTA;KN74BL
;HDE1;CRIMEA, YALTA (FORESTRY);KN74CM
;HD0M;CRIMEA, YALTA (MASSANDRA);KN74CM
;HCB7;CRIMEA, YALTA (Itar);KN74BK
;HDF0;Crimea, Sevastopol, Balaclava;KN64TM
;HPIN;Crimea, Sevastopol, Inkerman;KN64TO
;HH0E;Crimea, Sevastopol, Rodnikovskoe;KN64WL
;HPAN;Crimea, Sevastopol, SEVASTOPOL (Andreevka);KN64ST
;URFB;Crimea, Sevastopol, Sevastopol (Belbek);KN64SQ,KN64TQ
;UKFS;Crimea, Sevastopol, SEVASTOPOL (BAY ROUND-B);KN64RO
;XKFN;Crimea, Sevastopol, SEVASTOPOL (BAY SAND);KN64RO
;XRFA;Crimea, Sevastopol, Sevastopol (Kacha);KN64SS,KN64ST,KN64TS
;XRFH;Crimea, Sevastopol, SEVASTOPOL (Hersonissos);KN64QO,KN64QN
;UKFU;Crimea, Sevastopol, SEVASTOPOL (SOUTH);KN64RN
;UKFP;Crimea, Sevastopol, SEVASTOPOL (YUHARINA BEAM);KN64RN
;HPSO;Crimea, Sevastopol, SOLAR;KN64TS
;XRRA;Rostov region, AZOV;KN97QC
;HCL7;Rostov region, AKSAI;KN97WF
;XRRB;Rostov region, Bataysk;KN97VC
;URRA;Rostov region, Belaya Kalitva;LN08JF
;URRW;Rostov region, Veshenskaya;LN09UP
;URRQ;Rostov region, VOLGODONSK;LN17AQ,LN17BQ
;ZEV3;Rostov region, Volgodonsk (SUN);LN17DL
;URRD;Rostov region, Dubovskoy;LN17JJ,LN17JK
;XRRL;Rostov region, Egorlykskaya;LN06GN,LN06HN
;URRY;Rostov region, dear;LN17XC,LN17XD
;XRRG;Rostov region, Zernograd;LN06ET,LN06EU
;XRRZ;Rostov region, Zimovniki;LN17ED
;URRF;Rostov region, Zimovniki MVL;LN17FD
;URRG;Rostov region, Konstantinovsky;LN07NO
;ZA7R;Rostov region, SMALL Gnilusha;LN07CW
;URRI;Rostov region, Millerovo;LN08EW
;XRRI;Rostov region, Millerovo;LN08DW
;URRM;Rostov region, Morozovsk;LN08VH
;ZDR3;Rostov region, Morozovsk-2;LN08VI
;ZA93;Rostov region, NOVOBATAYSK;KN96VU
;ZEC4;Rostov region, NOVOPERSIANOVKA;KN97XN
;URRX;Rostov region, Olginskaya;KN96XE
;URRO;Rostov region, Pokrovsky;KN97LJ
;URRE;Rostov region, REPAIR;LN16TN
;XRRW;Rostov region, Romanowski;LN17AM
;URRR;Rostov region, ROSTOV-ON-DON;KN97VG,KN97WG,KN97VF
;XRRJ;Rostov region, Rostov-on-Don (North);KN97UG
;XRRO;Rostov region, ROSTOV-ON-DON (CENTRAL);KN97TG
;XRRS;Rostov region, de Sales;LN06SJ,LN06SK
;H738;Rostov region, Susol;KN97XO
;XRRC;Rostov region, Taganrog (CENTRAL);KN97JF,KN97KF,KN97KG
;URRT;Rostov region, Taganrog (SOUTH);KN97JE,KN97KE
;XRRE;Rostov region, Tazinskaya;LN08PD,LN08PE
;URRH;Rostov region, MINE;LN07DQ
;URMO;NORTH OSSETIA, VLADIKAVKAZ (Beslan);LN23HF,LN23HE
;XRMD;NORTH OSSETIA, VLADIKAVKAZ (Gisela) height;LN23GB,LN23HB
;XRMF;NORTH OSSETIA, MOZDOK;LN23HS,LN23GS
;XRMB;STAVROPOL REGION, Budennovsk;LN24AT,LN24AU,LN14XU
;URMX;STAVROPOL REGION, Grachevka;LN15FE
;URME;STAVROPOL REGION, ESSENTUKI;LN14JB
;URMK;STAVROPOL REGION, KISLOVODSK;LN13HW
;XRSK;STAVROPOL REGION, Kochubeevskoe;LN04UQ,LN04VQ
;URMM;STAVROPOL REGION, MINERAL WATER;LN14MF,LN14NF
;URMZ;STAVROPOL REGION, Exemption;LN14XH
;URMP;STAVROPOL REGION, Pyatigorsk;LN14MB
;XRMS;STAVROPOL REGION, Svetlograd (fertile);LN15HK,LN15IK
;XRMG;STAVROPOL REGION, Stavropol (hamlet);LN05WA
;URMT;STAVROPOL REGION, Stavropol (Shpakovskaya);LN15BC
;XRMH;STAVROPOL REGION, Holodnogorsko;LN14BX
;URMG;CHECHEN REP, Grozny (NORTH);LN23UJ
;XRMU;CHECHEN REP, Grozny (Khankala);LN23VH,LN23VG
;XRMK;CHECHEN REP, Kalinowski;LN23SO
RA8,9;;;
;UNBD;Altai republic, Aktas;NO30TH
;UNBL;Altai republic, Balykchy;NO31UH
;UNBG;Altai republic, Gorno-Altaisk;NO21VW,NO21VX,NO21WX
;UNBA;Altai republic, Kosh-Agach;NN49HW
;UNBN;Altai republic, Ongudai;NO30BR,NO30BS
;UNBU;Altai republic, Ust-Cox;NO20UG
;UNBB;ALTAI REGION, Barnaul (NAME German Titov);NO13SI
;UNBI;ALTAI REGION, Biysk;NO22PL,NO22QL
;UNBM;ALTAI REGION, The wolf;NO02DA,NO02EA
;UNBT;ALTAI REGION, Dzhazator (Talmenka);NN39RQ
;XNBK;ALTAI REGION, Kamen-na-Obi;NO03NS,NO03NT
;XNBN;ALTAI REGION, FOREST;NO13XF,NO13XG
;UNBV;ALTAI REGION, PAVLOVSK-2;NO13LG
;UNBW;ALTAI REGION, Petropavlovsk;NO22AB,NO22BB
;UNBR;ALTAI REGION, RUBTSOVSK;NO01ON,NO01OO
;XNBR;ALTAI REGION, SIBERIAN (BOROVIHA);NO13WN,NO13WO
;XNBS;ALTAI REGION, Slavgorod (NORTH);MO93HB
;UNBZ;ALTAI REGION, SOLONESHNOE;NO21DP
;UNEA;KEMEROVO REGION, Anzhero-Sudzhensk;NO36AD
;UNWA;KEMEROVO REGION, KAMZAS;NO42GK
;ZCT5;KEMEROVO REGION, Kemerovo (Borovo);NO25XK
;UNEE;KEMEROVO REGION, Kemerovo (NAME Alexei Leonov);NO35BG,NO35AG
;XNKM;KEMEROVO REGION, Kemerovo (NORTH);NO35AH,NO35AI
;HC9V;KEMEROVO REGION, Kemerovo (Yashkin);NO35BJ
;ZD0U;KEMEROVO REGION, Mezhdurechensk;N033WR
;ZDR2;KEMEROVO REGION, Novokuznetsk (Sosnovka);NO33NP
;UNWW;KEMEROVO REGION, Novokuznetsk (Spichenkovo);NO33KT
;UNTP;KEMEROVO REGION, Proskokovo;NO25IT
;XNET;KEMEROVO REGION, Tana;NO24NS
;UNWI;KEMEROVO REGION, Tashtagol;NO32VS
;UNWJ;KEMEROVO REGION, UST-Anzas;NO43FB
;UNAZ;KEMEROVO REGION, Chilies-Anzas;NO42EQ
;UUYZ;Komi, ADZVAVOM;LP96PO
;UURB;Komi, BRYKALANSK;LP75CL,LP75DL
;UUHG;Komi, Bugaev;LP65GX,LP66GA
;UUYW;Komi, Vorkuta;MP17XL,MP27AL
;XUYK;Komi, Vorkuta (Soviet);MP27DK,MP27DE,MP27EL
;UUYK;Komi, Vuktyl;LP83PT
;UUYD;Komi, Denisovka;LP76QE
;UUYM;Komi, EMBA;LP52LO
;UURE;Komi, ЁRMITSA;LP66EW
;UUHZ;Komi, ZAHARVAN;LP76WI
;UUYV;Komi, Izhma;LP65XA
;UUYI;Komi, INTA;MP06BB
;UUPK;Komi, KADZHEROM (259 km of MNE);LP74WQ
;UUHX;Komi, KARTAЁL-28;LP64PM
;UUHK;Komi, Kedva;LP64SF
;UURK;Komi, KIPIEVO;LP75GQ
;UURO;Komi, Colva;LP85QW
;UUYL;Komi, Koslan;LP43JL,LP43KL
;UURS;Komi, Krestovka;LP66FI
;UURV;Komi, Medvezhka-1;LP66EK,LP66EL
;UURU;Komi, muddy MATERIK;LP75NX
;UUHN;Komi, Neritz;LP65IH
;UUYN;Komi, Novy Bor;LP66DR
;UUHO;Komi, perch FNL;LP66GG,LP66HG
;UUXP;Komi, Petrunya;MP06IL,MP06JL
;UUYP;Komi, PECHORA;LP85LC,LP85ND
;XUYR;Komi, PECHORA (Berezovka);LP85HB,LP85IB,LP85IA
;UURP;Komi, Priuralsky;LP84WR
;UUYB;Komi, Sinegorye;LP55XK
;UURA;Komi, Stroganov;LP86IW
;UUYY;Komi, SYKTYVKAR;LP51KP,LP51JP
;XUYT;Komi, Syktyvkar (KOCHCHOYYAG);LP51HX
;UUYR;Komi, Troitsky-Pechora;LP82CR
;UURW;Komi, Trusov;LP55QK
;UUYS;Komi, USINSK;LP85QX,LP86QA
;UUXQ;Komi, SET howling;LP84UK
;UUYT;Komi, UST-Kool;LP61UQ
;UUYX;Komi, Ust-Tsilma;LP65CK
;UUYH;Komi, Ukhta;LP63VN
;ULER;Komi, Haruta;LP96SU
;UURH;Komi, HARYAGA;LP66BW
;UUHQ;Komi, Montenegrin;LP65DA
;UURC;Komi, Chuprov;LP34GF
;UURL;Komi, SCHELYABOZH;LP86FG,LP86FH
;USUU;Kurgan region, MOUND;MO25QL,MO25RL
;XSUL;Kurgan region, BARROW (LOGOVUSHKA);MO25LJ
;XSUK;Kurgan region, Kurtamysh;MO24FV,MO24FW
;XSCD;Kurgan region, SCHADRINSK;MO16UB,MO16UA,MO16TA,MO16TB
;ZA40;Kursk region, potted;KO91AM
;ZA54;Kursk region, Kastornov;KO91AT,KO91BT
;ZA5L;Kursk region, KLISHIN;KO72PG
;UUOK;Kursk region, Kursk (EAST);KO81DR,KO81DS
;XUOS;Kursk region, Kursk (Ryshkov);KO81CP
;ZA9H;Kursk region, charm;KO81DD
;UUOI;Kursk region, TIM;KO81NO
;ZA3E;Kursk region, Fatezh;KO72WB
;UUOH;Kursk region, Khomutovka;KO71GV
;ZAK6;Kursk region, Shchigry;KO81KV
;ULDD;NENETS SA, Amderma;MP09SS,MP09TS
;ULEB;NENETS SA, Belushi;LP36TV
;ULBB;NENETS SA, Bugrino;LP48PS
;ULDW;NENETS SA, Varanda;LP98CU
;ULJI;NENETS SA, Vizhas;LP26WP
;ULEW;NENETS SA, Volokovaya;LP46CL
;ULEI;NENETS SA, indigo;LP47MP
;ULDT;NENETS SA, Karatayka;MP08QS,MP08RS
;ULEK;NENETS SA, Kotkin;LP57NA
;ULEL;NENETS SA, LABOZHSKOE;LP67AH,LP67BH
;ULAM;NENETS SA, Naryan-Mar;LP67NP
;ULJN;NENETS SA, Nes;LP26HO
;ULAV;NENETS SA, LOWER Pescia;LP36UR,LP36US
;ULEO;NENETS SA, oxine;LP67CN,LP67CO
;ULEP;NENETS SA, GERBIL;LP59CE,LP59DE
;ULJP;NENETS SA, Gerbils-3;LP59AG
;ULJS;NENETS SA, sheaf;LP36MR
;ULET;NENETS SA, TOSHVISKA;LP67DD
;ULDR;NENETS SA, Trebsa;LP88UR
;ULDU;NENETS SA, UST-KARA;MP29LG
;ULEF;NENETS SA, Farih;LP78LI
;ULEG;NENETS SA, Kharyaginskoye;LP87JF
;ULEH;NENETS SA, Khorey-Ver;LP97AK
;ULBO;NENETS SA, Shoyna;LP27BU
;UNRR;Novosibirsk region, Baraba;MO95DI
;XNNB;Novosibirsk region, Berd (CENTRAL);NO14NR
;UNRD;Novosibirsk region, pretty;MO94TM,MO94UM
;HB7K;Novosibirsk region, Iskitim;NO14PO
;UNCX;Novosibirsk region, Karasuk;MO93AQ,MO93AR,MO93BR
;UNCN;Novosibirsk region, Krasnozerskoe;MO93PX
;XNNU;Novosibirsk region, cubes;NO15MG
;XNNK;Novosibirsk region, bush;MO84QI
;UNNM;Novosibirsk region, Mochishe;NO15NE
;UNNE;Novosibirsk region, NOVOSIBIRSK (Eltsovka);NO15MC,NO15LC,NO15LB,NO15MB
;UNCE;Novosibirsk region, NOVOSIBIRSK (TAPE);NO15KA
;UNCC;Novosibirsk region, NOVOSIBIRSK (NORTH);NO15KB,NO15KC
;UNNT;Novosibirsk region, NOVOSIBIRSK (TOLMACHEVO);NO15HB,NO15HA,NO15IA
;UNNP;Novosibirsk region, Pihtovka;NO15IX
;XNOR;Novosibirsk region, Chistoozernoe;MO84GP,MO84GQ
;UNNS;Novosibirsk region, NORTHERN;MO96EH,MO96EI
;UNOZ;Omsk region, Znamenskoye;MO67VC
;UNOK;Omsk region, Kalachinsk;MO75HA
;XNOM;Omsk region, OMSK (Marianivka);MO64HX,MO64IX
;UNOS;Omsk region, OMSK (NORTH);MO64SX
;UNOF;Omsk region, OMSK (Fedorivka);MO65LB,MO65LC,MO65MC,MO65MB
;UNOO;Omsk region, OMSK (CENTRAL);MO64PW,MO64PX,MO64QX
;UNOT;Omsk region, CONTAINERS;MO76DV
;UNOW;Omsk region, Tevriz;MO67EL,MO67EM
;UNOI;Omsk region, Ust-Ishim;MO57NQ,MO57NR
;UNOC;Omsk region, Chapaevo;MO66XF
;XWOA;Orenburg region, ASCHEBUTAK;LO91NA,LO91OA
;UWWB;Orenburg region, Buguruslan (MAIN);LO63FO
;UWWZ;Orenburg region, Buguruslan (NORTH);LO63EQ,LO63ER
;XWOB;Orenburg region, BUZULUK;LO62CT
;XWTD;Orenburg region, Dombarovsky;LO90RT,LO90ST
;UWOY;Orenburg region, KUSHKUL SAKMAR;LO71NV,LO71OV
;UWOO;Orenburg region, ORENBURG;LO71RT,LO71RS
;XWON;Orenburg region, Orenburg-2;LO71MR,LO71MQ
;UWOR;Orenburg region, Orsk;LO91GB,LO91HB
;XWOR;Orenburg region, Orsk (TARS);LO91IE,LO91IF
;XWOW;Orenburg region, Orsk (PERVOMAYSKIY);LO91HG,LO91HH
;XWOL;Orenburg region, Orsk (CHILIZHNY DOL);LO91GC
;UWOP;Orenburg region, PERVOMAYSKIY;LO51TV
;UWOE;Orenburg region, Sorochinsk;LO62NK
;XWOT;Orenburg region, Totskiy;LO62JL,LO62JM
;XWOI;Orenburg region, Chebenki;LO71SX
;XWTJ;Orenburg region, CLEAR;LO91WB
;ZE21;PERM REGION, Alexandrovsky;LO89TD
;HCV0;PERM REGION, Alexandrovsky (heliport);LO89TE
;USPT;PERM REGION, BEREZNIKI;LO89KN,LO89KO
;HCX0;PERM REGION, BEREZNIKI (TMK);LO89KK
;XSPB;PERM REGION, BERSHET;LO87DR
;USPG;PERM REGION, Hayn;LP70EG,LP70DG
;HCU0;PERM REGION, mining and metallurgical;LO98EI
;HCU9;PERM REGION, Gremyachinsk;LO88WK
;HCV1;PERM REGION, KRASNOVISHERSK;LP08MJ
;USPK;PERM REGION, Kudymkar;LO79HB
;USPL;PERM REGION, Lysva;LO88UC
;USPO;PERM REGION, Nyrob;LP80IR
;USPB;PERM REGION, PERM (Bakharevka);LO87CW
;USPP;PERM REGION, Perm (Bolshoye Savino);LO77XV,LO78AV,LO87AW
;ZF1E;PERM REGION, PERM (STAR);LO88HD
;ZA7H;PERM REGION, PERM (Lugovskaya);LO77UX
;XSPF;PERM REGION, PERM (Frolov);LO87CV,LO87DV
;HE5E;PERM REGION, PNOS (PERMNEFTORGSINTEZ);LO87BV
;HCT7;PERM REGION, Safronov;LO87GW
;HCT8;PERM REGION, Sylva;LO88JA
;USPW;PERM REGION, CHAIKOVSKY;LO76BS
;ZB25;PERM REGION, Cherdyn;LP80FJ
;USPC;PERM REGION, CHERNUSHKA;LO86AL
;HEG0;PERM REGION, Chusova;LO88WG
;HE5F;PERM REGION, Chusova;LO88WH
;HE5H;PERM REGION, Yaiva (12th KM);LO89RJ
;USSQ;SVERDLOVSK REGION, Alapaevskih;MO07UU,MO07VU
;USSA;SVERDLOVSK REGION, ARTYOMOVSK;MO07WI,MO07WJ
;USSB;SVERDLOVSK REGION, Baikalova;MO17UJ
;XSSP;SVERDLOVSK REGION, Upper Pyshma (the Kuznetsov);MO07HC
;ZE79;SVERDLOVSK REGION, Verkhoturov;MO08JU,MO08KU
;USSG;SVERDLOVSK REGION, GRAN;MO07BR
;USSK;SVERDLOVSK REGION, YEKATERINBURG (Aramil);MO06JQ
;USSS;SVERDLOVSK REGION, Ekaterinburg (Koltsovo);MO06JR,MO06JS,MO06KR
;XSSL;SVERDLOVSK REGION, YEKATERINBURG (Loginova);MO06QP
;HCZ7;SVERDLOVSK REGION, YEKATERINBURG (Ramadi);MO06IS
;USSI;SVERDLOVSK REGION, Ivdel;MP00ER
;HDW6;SVERDLOVSK REGION, Izoplit;MO06JU
;XSSU;SVERDLOVSK REGION, Kamensk-Uralsky (grass);MO06XK,MO16AK
;H195;SVERDLOVSK REGION, Kosulina;MO06LR
;USSD;SVERDLOVSK REGION, Krasnoturinsk;MO09DS
;USSF;SVERDLOVSK REGION, Krasnoufimsk;LO86VQ
;HAX5;SVERDLOVSK REGION, Maly Istok;MO06JT
;XSST;SVERDLOVSK REGION, Nizhny Tagil (BYNGI);MO07CN
;XSSI;SVERDLOVSK REGION, Nizhny Tagil (IIA);MO08EA
;XSSN;SVERDLOVSK REGION, Nizhny Tagil (Salk);MO07CX,MO07DX
;HD5L;SVERDLOVSK REGION, Pervouralsk;MO06AV
;HAY0;SVERDLOVSK REGION, PYSHMA;MO16PW
;H390;SVERDLOVSK REGION, SVERDLOVSK CA;MO06GR
;USSE;SVERDLOVSK REGION, Severouralsk;MP00AH,MP00BH
;USSM;SVERDLOVSK REGION, SEROV;MO09GN
;USSX;SVERDLOVSK REGION, Sosva;MO09VE
;USTW;SVERDLOVSK REGION, camp;MO28GM
;USSW;SVERDLOVSK REGION, Tavda;MO28OC
;USST;SVERDLOVSK REGION, Turin;MO18UA,MO18UB
;HGZ6;SVERDLOVSK REGION, CENTER VYSOTSKY;MO06HU
;HDX9;SVERDLOVSK REGION, patronage;MO06HU
;HAY5;SVERDLOVSK REGION, WIDE river;MO06FT
;HAY6;SVERDLOVSK REGION, Shuvakish;MO06FW
;UNSD;Tomsk region, 292y km MNP;MO98WH
;UNSI;Tomsk region, 301 Shinginskoye;MO98FH
;UNSA;Tomsk region, Alexandrovsky;MP80WK
;UNTB;Tomsk region, Bakchar;NO17AA
;UNLQ;Tomsk region, Bely Yar;NO28KK
;UNLA;Tomsk region, in concert;NO38BS
;UNSZ;Tomsk region, Zavyalov;NO09EE
;UNLK;Tomsk region, Kargasok;NO09JB,NO09KB
;UNIZ;Tomsk region, KATAYGA;NO38XR
;UNLB;Tomsk region, KIEV Egan;NO09ES
;UNLL;Tomsk region, Kolpashevo;NO18LH,NO18LI
;UNSO;Tomsk region, Krapivinskii (Industrial Area);MO78TB
;UNLG;Tomsk region, KURZHINO;NO18GV
;UNLD;Tomsk region, KUROLINO;NO28FR
;UNLZ;Tomsk region, MAKZYR;NO28TP
;UNLI;Tomsk region, YOUTH;NO09UW
;UNLO;Tomsk region, Molchanov;NO17VN
;UNLC;Tomsk region, Molchanov (NPC);NO17UN
;UNLN;Tomsk region, MYLDZHINO;MO98FX
;UNLJ;Tomsk region, Narym;NO08TW
;UNLR;Tomsk region, NEGOTKA;NO09HS,NO09HR
;UNSN;Tomsk region, Novikov;NO08HF
;UNLW;Tomsk region, NEW Vasyugan;MO88FO,MO88GO
;UNTO;Tomsk region, Orlovka;NO26HT
;UNLP;Tomsk region, Parabel;NO08RQ,NO08RR
;UNSC;Tomsk region, plow;NO08LX
;UNTZ;Tomsk region, SANDS (boot);NO18KH
;UNSP;Tomsk region, pioneer;MO89DD
;UNCR;Tomsk region, P-11 KAZAN;MO97QG
;UNLM;Tomsk region, MIDDLE Vasyugan;MO99CF
;UNLS;Tomsk region, Stepanovka;NO38IP
;UNSS;Tomsk region, Strezhevoi;MP80UQ,MP80TQ,MP80TR
;UNTT;Tomsk region, TOMSK (Bogashevo);NO26OI,NO26OJ
;XNNG;Tomsk region, TOMSK (GOLOVINO);NO26II,NO26JI
;UNLF;Tomsk region, Ust-Chizhapka;MO99TA
;UNLX;Tomsk region, SOUTH Cheremshanskaya;MO88KV
;Z058;Tumen, BOROVSKY;MO27UA
;USTM;Tumen, IMISH;MO46QD
;HE1P;Tumen, COP BOGADINSKAYA;MO26XU
;HB8Y;Tumen, Lebyazhya;MO27TA
;USTN;Tumen, Lower Tavda;MO37BP
;HBF6;Tumen, LAKE;MO27VC
;HAN2;Tumen, Patrushev;MO27SC
;USTO;Tumen, TOBOLSK;MO48CD
;USTL;Tumen, TYUMEN (Plekhanov);MO27RD
;USTR;Tumen, Tyumen (Roschino);MO27PE,MO27QE,MO27PD
;XNTL;Tumen, TYUMEN (Yalutorovsk);MO36CP,MO36CQ,MO36DP,MO36DQ
;USTA;Tumen, Uvat;MO49KD,MO49LD
;USDI;YaNAO, Antipayuta;MP89KC
;USDB;YaNAO, Bovanenkovo;MQ40DH,MQ40EH
;USDG;YaNAO, GIDA;MQ90FV,MQ90GV
;USDP;YaNAO, Krasnoselkup;NP15FQ,NP15FR
;USDL;YaNAO, Labytnangi;MP36FQ
;USML;YaNAO, LONG Yugansk;MP54LS
;USMD;YaNAO, BEAR;MP75FU,MP75GU
;USDK;YaNAO, CAPE STONE;MP68TK,MP68TL,MP68SL,MP68SM
;USMM;YaNAO, NADYM;MP65IL,MP65HL
;USDN;YaNAO, Napalkova;MQ60UD
;USDW;YaNAO, NEW PORT;MP67KQ
;USMU;YaNAO, NEW URENGOY;MP86FB,MP86GB
;USRO;YaNAO, Noyabrsk;MP73PE
;USMA;YaNAO, Nyda;MP66KO,MP66KP
;USDA;YaNAO, Sabetta;MQ61AF
;USDD;YaNAO, SALEKHARD;MP36GN,MP36GO,MP36HO,MP36HN
;USDE;YaNAO, Seyakha-1;KN65OT
;USDT;YaNAO, Taz;MP97HL,MP97IL
;USDS;YaNAO, Tarko-Sale;MP84VW
;USDO;YaNAO, only;NP13AX
;USDU;YaNAO, URENGOY;MP95FW,MP95FX
;USDH;YaNAO, Kharasavey;MQ31KF,MQ31LF,MQ31KG,MQ31LG
;USMQ;YaNAO, Yamburg;MP77NX,MP77MX,MP78MA,MP78NA
;USDV;YaNAO, Yaptik-Sale;MP69GJ
;USDR;YaNAO, Yar-Sale;MP56JU,MP56JV
RA0;;;
;XHXA;Amura, AMARANKA;PO40TQ
;UHBA;Amura, argali;PN59AK,PN59AJ
;XHBR;Amura, Belogorsk;PO40FV
;UHBB;Amura, Blagoveshchensk (Ignatieff);PO30QK,PO30QJ,PO30RK,PO30RJ
;UHHG;Amura, Bomnak;PO44KR
;XHBW;Amura, VOZZHAEVKA;PO40JS,PO40JR
;UHBX;Amura, MOUNTAIN;PO44FP
;XHBC;Amura, Zavitinsk;PO40RE,PO40SE
;UHBE;Amura, Zeya;PO33NQ
;XHBH;Amura, Kakhovka;PO40OT
;UHBI;Amura, Magdagachi;PO23VL
;UHBM;Amura, MAY;PO42SH,PO42SG
;UHBN;Amura, NOVOKIEVSKY ridges;PO41LP
;UHBO;Amura, OCTOBER, LW Toivo;PO43HA,PO42HX
;UHBS;Amura, FREE;PO41BL,PO41BK
;XHBY;Amura, Tambovka;PO40AD,PO40AC
;UHBW;Amura, Tynda;PO25JG
;XHBU;Amura, UKRAINKA (Seryshevo);PO41FE,PO41FD
;UHBF;Amura, The February;PO52KL,PO52LL,PO52LM
;UHBK;Amura, Szymanowski;PO31TX
;UHBT;Amura, Ekimchan (Tokura);PO63LB
;UIUB;BURYATIA, Bagdarin (Kulikovo Field);OO64RI,OO64RJ
;UIAO;BURYATIA, BARGUZIN;OO43UO,OO43UN
;UIUA;BURYATIA, Bichura;OO30SO
;XIIG;BURYATIA, truss;OO20VS,OO20WS
;UIUR;BURYATIA, Varvarinskaya;OO64EH
;UIUD;BURYATIA, who gave;OO44SI
;XIID;BURYATIA, Gedeh;OO30BQ,OO30CQ,OO30BP
;UIUV;BURYATIA, Dzhilinda;OO53XQ
;HBA2;BURYATIA, Divisions;OO31SV
;UIIG;BURYATIA, Zakamensky;OO10QK
;UIUX;BURYATIA, Kabansky;OO32IA
;UIUO;BURYATIA, KARAFTIT;OO54WE,OO54WF
;UIUG;BURYATIA, RESORT Bounty (HOT KEY);OO65LD
;UIUK;BURYATIA, Kurumkan;OO54DH
;UIIN;BURYATIA, Kiren;OO11BQ,OO11CQ
;UIIK;BURYATIA, Kyakhta;OO30FI
;XIIS;BURYATIA, Kyakhta (Sugi);OO30EL
;XIIK;BURYATIA, MAPP Kiakhta;OO30FI
;UIUM;BURYATIA, IUJ;OO76TK
;HE18;BURYATIA, HOPE;OO31TU
;UIUN;BURYATIA, Nizhneangarsk;OO45TT
;XIXN;BURYATIA, Novoselenginsk;OO31HC
;UIUP;BURYATIA, Peter and Paul;OO20PO,OO20QO
;HBY3;BURYATIA, SIGMA;OO31ST
;UIUS;BURYATIA, Pine-Ozersk;OO52SM
;UIKG;BURYATIA, Taksim;OO76KI,OO76LI
;UIUT;BURYATIA, UAKIT;OO65TL
;UIUU;BURYATIA, Ulan-Ude (Baikal) (eh.MUHINO);OO31QT,OO31RT
;XIUW;BURYATIA, Ulan-Ude (EAST);OO31UU,OO31VU
;UIUI;BURYATIA, Ust-Barguzin;OO43LJ,OO43MJ
;UIUH;BURYATIA, Khorinsky;OO42VE,OO42VD
;UINS;BURYATIA, Shumak;OO01WX
;UHHB;Jewish Autonomous Region, BIROBIDZHAN (YELLOW NR);PN68MN,PN68MO
;XHHB;Jewish Autonomous Region, BIROFELF;PN68HL,PN68IL,PN68HK,PN68IK
;UHHQ;Jewish Autonomous Region, Priamurskaya;PN78LM
;UIAI;TRANSBAIKAL REGION, Agin;OO71GC
;UINA;TRANSBAIKAL REGION, ALEXANDROVSKY PLANT;OO80WV,OO80WW
;XIAB;TRANSBAIKAL REGION, BADA;OO41WJ,OO41XJ,OO41WK
;UIAV;TRANSBAIKAL REGION, Baleia;OO81IN
;XIAJ;TRANSBAIKAL REGION, BEZRECHNAYA-2;OO80CR,OO80CS
;UIAS;TRANSBAIKAL REGION, Gazimurskii PLANT;OO91EM,OO91EN
;XIAD;TRANSBAIKAL REGION, BLAST FURNACE;OO61NW,OO61NV
;UIAG;TRANSBAIKAL REGION, Kalga;OO90LW
;UIAE;TRANSBAIKAL REGION, Krasnoznamensk;OO90AA,OO90AB
;XIAK;TRANSBAIKAL REGION, Krasnoyar'ya (BALZINO);OO60TX,OO61TA
;UIAD;TRANSBAIKAL REGION, RED Chikoy;OO40JI
;UIUQ;TRANSBAIKAL REGION, KRASNY YAR;OO73IV
;UICY;TRANSBAIKAL REGION, KYKER;OO73VE
;UIAK;TRANSBAIKAL REGION, Kyran;ON59XO,ON59XN
;UIAM;TRANSBAIKAL REGION, Mogocha;OO93UR
;UIAN;TRANSBAIKAL REGION, Nerchinsk;OO81HX
;UIAZ;TRANSBAIKAL REGION, Nerchinsk Plant;OO91UH
;UICP;TRANSBAIKAL REGION, Petrovsk-Zabaykalsky;OO41KH
;UIAP;TRANSBAIKAL REGION, Priargunsk;OO90MI
;UICK;TRANSBAIKAL REGION, MIDDLE Kalari;OO85QU
;UICS;TRANSBAIKAL REGION, Sretensky;OO82UF,OO82UG
;XIAS;TRANSBAIKAL REGION, STEPPE;OO71QA,OO71RA
;UIAC;TRANSBAIKAL REGION, TUNGOKOCHEN;OO73TM
;UICT;TRANSBAIKAL REGION, DEAD END;OO94XK
;XIAU;TRANSBAIKAL REGION, UKUREY;OO82JI,OO82JH,OO82KI,OO82KH
;UICU;TRANSBAIKAL REGION, Ust-Karenga;OO84GK
;UIAY;TRANSBAIKAL REGION, USUGLI;OO72OP,OO72PP
;UICH;TRANSBAIKAL REGION, Khilok;OO51GI
;UIAR;TRANSBAIKAL REGION, CHARA;OO96DV,OO96DW
;XIAG;TRANSBAIKAL REGION, CHINDANT-2;OO80DJ,OO80EJ
;UIAA;TRANSBAIKAL REGION, Read the (Kada);OO62PA
;XIAT;TRANSBAIKAL REGION, Read the (Kashtak);OO62RC,OO62SC
;XIAI;TRANSBAIKAL REGION, Chita-1;OO62RB,OO62RC,OO62QB
;UIAQ;TRANSBAIKAL REGION, SHELOPUGINO;OO81SP,OO81SO
;UIKU;TRANSBAIKAL REGION, YUMURCHEN;OO73AO
;UINZ;IRKUTSK REGION, Alzamai;NO95HN
;UINY;IRKUTSK REGION, ALYKDZHER;NO93CP
;UIIA;IRKUTSK REGION, ANGARSK;OO12WN
;UIIQ;IRKUTSK REGION, ANGARSK GCS;OO12WO
;UINJ;IRKUTSK REGION, Arroyo;NO93IQ
;UIIB;IRKUTSK REGION, WHITE;OO12SW,OO12SV,OO12TV
;UIKB;IRKUTSK REGION, Bodaibo;OO77CU,OO77DU
;UIBB;IRKUTSK REGION, BRATSK;OO06UI,OO06UJ,OO06TI,OO06TJ
;UIBM;IRKUTSK REGION, Bratsk (BRIDGE);OO06RC
;UIKR;IRKUTSK REGION, BOER;OO38MT
;UITM;IRKUTSK REGION, Top-Markov;OO37MH
;UIKW;IRKUTSK REGION, Top-Martynov;OO46BV,OO46CV
;UNYG;IRKUTSK REGION, UPPER Gutara;NO84LF
;UIBD;IRKUTSK REGION, FURTHER;OO17JI
;UIIY;IRKUTSK REGION, Elantsy;OO32ET
;UIKE;IRKUTSK REGION, Yerbogachen;OP41AG
;UIBE;IRKUTSK REGION, Erema;OP30VJ
;UIBV;IRKUTSK REGION, Zheleznogorsk-Ilim;OO26BL
;UIIV;IRKUTSK REGION, Zhigalova;OO24OT
;UINX;IRKUTSK REGION, ZAZMOR (NPC);NO95HJ
;UINI;IRKUTSK REGION, WINTER;OO13AW,OO13AX
;UIKZ;IRKUTSK REGION, ZMEINOVA;OO47DS
;UIKA;IRKUTSK REGION, IKA;OO39EH
;UIII;IRKUTSK REGION, IRKUTSK;OO22EG,OO22FG
;XIIO;IRKUTSK REGION, IRKUTSK (OEK);OO22FN
;UIIR;IRKUTSK REGION, IRKUTSK-2 (EAST);OO22CI,OO22CJ,OO22BJ,OO22BI
;UIKY;IRKUTSK REGION, Icheri;OO48VM
;UITK;IRKUTSK REGION, Kazachinsko;OO36SG
;UIIX;IRKUTSK REGION, Kachug;OO23WX,OO23XX,OO23XW,OO23WW
;UINK;IRKUTSK REGION, KIMILTEY NPC;OO04WC,OO04WD
;UIKK;IRKUTSK REGION, Kirensk;OO47AS
;UIKC;IRKUTSK REGION, Kutim River;OO47CD
;UINU;IRKUTSK REGION, Kutulik NPC;OO13JI
;UIKM;IRKUTSK REGION, MAMA;OO68KH
;UIKD;IRKUTSK REGION, Nadezhdinskaya;OO48FF
;UIBJ;IRKUTSK REGION, glow;OP42FV
;UIBN;IRKUTSK REGION, NARATAY;OO16DD,OO16ED
;UIKN;IRKUTSK REGION, Nepal;OO49CF
;UINH;IRKUTSK REGION, NERJA;NO93DU
;UINN;IRKUTSK REGION, Nizhneudinsk;NO94MV
;UINC;IRKUTSK REGION, Nizhneudinsk (NPC);NO94LV
;UING;IRKUTSK REGION, LOWER Gutara;NO84QP,NO84QQ
;UIBO;IRKUTSK REGION, LAKE;OO15BU
;UINO;IRKUTSK REGION, OCTOBER;NO96QC,NO96RC
;UINP;IRKUTSK REGION, Pokrovsky;NO84QB
;UIKP;IRKUTSK REGION, Preobrazhenka;OP40AA,OP40BA
;XHXP;IRKUTSK REGION, Prokopevsk;OO05NI
;UIRT;IRKUTSK REGION, P-1001 CHONSKAYA;OP40ND
;UIKQ;IRKUTSK REGION, P-1022 CHONSKAYA;OP40SC
;UIRS;IRKUTSK REGION, P-111 CHONSKAYA;OP40MC
;UIKH;IRKUTSK REGION, P-112 CHONSKAYA;OP40LF,OP40MF
;UIKL;IRKUTSK REGION, P-20 Danilovsky;OO49AK
;UIKX;IRKUTSK REGION, P-201 CHONSKAYA;OP40OD,OP40PD
;UIKS;IRKUTSK REGION, P-22 DULISMINSKAYA;OO38TK
;UIKF;IRKUTSK REGION, P-36 CHONSKAYA;OP40RC
;UIRP;IRKUTSK REGION, P-57 CHONSKAYA;OP40ND
;UINE;IRKUTSK REGION, Taishet;NO85XV
;UIND;IRKUTSK REGION, TASHINDA;NO84JM
;UIKT;IRKUTSK REGION, tokmo;OO28WG
;UINT;IRKUTSK REGION, Tulun;OO04GO,OO04GN
;UIBS;IRKUTSK REGION, Ust-Ilim;OO18GD,OO18HD
;UIKI;IRKUTSK REGION, Ust-Ilim (Nevon);OO18IA,OO18IB
;UITT;IRKUTSK REGION, Ust-Kut;OO26UU,OO26VU
;UIIO;IRKUTSK REGION, Ust-Orda;OO22IT
;UIIT;IRKUTSK REGION, UST-UDD;OO14ME,OO14MD
;UINM;IRKUTSK REGION, HADAMA;NO93JW
;UINL;IRKUTSK REGION, HAYLAMA, river;NO93IU
;UIBX;IRKUTSK REGION, HAMAKAR;OP41CX
;UIBH;IRKUTSK REGION, HARANZHINO;OO05WJ,OO05WK
;UIIH;IRKUTSK REGION, Khuzhir (Kharantsy);OO33QF
;UINQ;IRKUTSK REGION, Hung;NO93LO
;UIIE;IRKUTSK REGION, Cheremkhovo;PO30VK
;UHPJ;KAMCHATKA KRAI, Achaivayam;RP51FA,RP51GA
;UHNQ;KAMCHATKA KRAI, Ayanka;RP33SR,RP33TR,RP33SQ,RP33TQ
;UHLP;KAMCHATKA KRAI, TOP Penzhina;RP24CF,RP24DF
;UHQC;KAMCHATKA KRAI, VOYAMPOLKA;QO98QH
;UHQI;KAMCHATKA KRAI, Icha;QO75TO
;UHPZ;KAMCHATKA KRAI, Kamensky;RP32BK
;XHPL;KAMCHATKA KRAI, KEYS-Kamchatsky;RO06JH
;UHPO;KAMCHATKA KRAI, Kozyrevsky;QO96WB,QO96WC
;UHPN;KAMCHATKA KRAI, Manila;RP22QL
;UHPM;KAMCHATKA KRAI, Milkovo;QO94GQ
;UHPX;KAMCHATKA KRAI, NIKOLSKOE;RO35AE
;UHQO;KAMCHATKA KRAI, Ozernoye;QO81GL,QO81GM
;UHPD;KAMCHATKA KRAI, Ossorio;RO19MF
;UHPL;KAMCHATKA KRAI, Palau;QO99XB
;UHPA;KAMCHATKA KRAI, PAHACHI;RP40MN,RP40NN
;UHPP;KAMCHATKA KRAI, Petropavlovsk-Kamchatsky (Elizovo);QO93FE,QO93FD
;XHPN;KAMCHATKA KRAI, Pushchino;QO94BG,QO94BH,QO94CH
;UHQE;KAMCHATKA KRAI, SLAUTNOE;RP33XE
;UHPS;KAMCHATKA KRAI, Sobolev;QO74XH
;UHPQ;KAMCHATKA KRAI, Talovka;RP32IB
;UHPG;KAMCHATKA KRAI, Tigil;QO97IS
;UHPT;KAMCHATKA KRAI, Tilichiki;RP30AJ
;UHPB;KAMCHATKA KRAI, UST-BOLSHERETSK;QO82EU
;UHPK;KAMCHATKA KRAI, Ust-Kamchatsk;RO16IF
;UHPU;KAMCHATKA KRAI, UST-Khairyuzovo;QO87IC
;UHPF;KAMCHATKA KRAI, Hailin;RP30KW
;UHPH;KAMCHATKA KRAI, HALAKTYRKA;QO93IA
;UHQS;KAMCHATKA KRAI, ESSO;QO95IW
;H125;Karachay-Cherkessia, DOMBAY;LN03TH
;H442;Karachay-Cherkessia, Federal District;LN03VM
;HD6R;Karachay-Cherkessia, Ust-Dzheguta;LN04XA
;ZE95;Karachay-Cherkessia, Cherkessk (suburban);LN14BF
;UNQA;KRASNOYARSK REGION, Aban;NO86BQ
;UNQF;KRASNOYARSK REGION, Awdal;NO75HS
;UNQG;KRASNOYARSK REGION, Agin;NO75KG
;UNIA;KRASNOYARSK REGION, Aydar;NO48EM
;UNHA;KRASNOYARSK REGION, Aksenov;OO08SW
;UNJA;KRASNOYARSK REGION, ALEXANDROVSKY GATEWAY;NO49OK,NO49PK
;UNKS;KRASNOYARSK REGION, Achinsk;NO56GG,NO56HG
;UNIB;KRASNOYARSK REGION, baize;NP81EQ
;UOTB;KRASNOYARSK REGION, Baklanikha;NP34SK
;UNQB;KRASNOYARSK REGION, Bala (GROVE);NO65XU
;XNBA;KRASNOYARSK REGION, Balahty;NO55SI
;UNQE;KRASNOYARSK REGION, Berezovka;NO66NB
;UNKB;KRASNOYARSK REGION, Boguchany;NO88RJ
;UNKA;KRASNOYARSK REGION, BIG Murthy;NO66NV
;UOOW;KRASNOYARSK REGION, OUTRIGGER;NP49EJ
;UNIW;KRASNOYARSK REGION, Vanavary;OP10DI
;UNIC;KRASNOYARSK REGION, VANGASH;NO69TX
;UOTW;KRASNOYARSK REGION, Vereshchagin;NP34SF
;UNIL;KRASNOYARSK REGION, VERHNEIMBATSKOE;NP33XD
;UNHE;KRASNOYARSK REGION, TOP BASE;NO98NO,NO98OO
;UNKW;KRASNOYARSK REGION, Voznesenka;NO66OA,NO66PA
;UOON;KRASNOYARSK REGION, Volochanka;NQ70GX
;UNHW;KRASNOYARSK REGION, Vorogova;NP41TA
;UNHG;KRASNOYARSK REGION, Govorkov;NO98IO
;UOTG;KRASNOYARSK REGION, Goroshikha;NP36RJ,NP36SJ
;UNQD;KRASNOYARSK REGION, Dzerzhinsk;NO76NU
;UODD;KRASNOYARSK REGION, DIXON (ISLE);NQ03EM
;UNQX;KRASNOYARSK REGION, LONG BRIDGE;NO86JS
;UOOD;KRASNOYARSK REGION, Dudinka;NP39BJ,NP39BI
;UNII;KRASNOYARSK REGION, Yenisei;NO68BL
;UNAE;KRASNOYARSK REGION, Ermakovskoe (LOWER SUETUK);NO63EG
;UNIE;KRASNOYARSK REGION, Essey;OP18CL
;UNQY;KRASNOYARSK REGION, Zaozernoe;NO75HW,NO75HX,NO75IX
;UNHZ;KRASNOYARSK REGION, Zotin;NP40UV
;UOII;KRASNOYARSK REGION, Igarka;NP37HK
;UOIW;KRASNOYARSK REGION, Igarka (Galway City);NP37GL
;UNIK;KRASNOYARSK REGION, Kazachinsko;NO67OP,NO67PP,NO67PQ
;UNKN;KRASNOYARSK REGION, KANSK (EAST);NO76TE
;XNKG;KRASNOYARSK REGION, KANSK (FAR);NO76TC,NO76TD,NO76UC,NO76UD
;XNKN;KRASNOYARSK REGION, KANSK-2;NO76UD
;UNAK;KRASNOYARSK REGION, KARATUZSKOE;NO63JN
;UOOR;KRASNOYARSK REGION, GUARD;NQ10OB
;UOHT;KRASNOYARSK REGION, KATYRYK;NQ91QG
;UNKE;KRASNOYARSK REGION, Kezhma;OO08NX
;UOTE;KRASNOYARSK REGION, Kellogg;NP32DL
;UNQU;KRASNOYARSK REGION, Kemchuga;NO56UB
;UNJW;KRASNOYARSK REGION, KIRSANTEVO;NO77KR
;UNHK;KRASNOYARSK REGION, Kislokan;OP13XO
;UNKI;KRASNOYARSK REGION, Kodinsk;NO98ML,NO98NL
;UNAT;KRASNOYARSK REGION, Krasnoturansk;NO54SH
;UNKL;KRASNOYARSK REGION, KRASNOYARSK (Emelyanovo);NO66FE,NO66GE,NO66GD
;UNQK;KRASNOYARSK REGION, KRASNOYARSK (Kuznetsova);NO65MX
;UNKK;KRASNOYARSK REGION, KRASNOYARSK (NORTH);NO66LF
;UNQS;KRASNOYARSK REGION, KRASNOYARSK (SUN);NO66LC
;XNKA;KRASNOYARSK REGION, KRASNOYARSK (Set);NO66IE
;UNKM;KRASNOYARSK REGION, Krasnoyarsk (Cheremshanka);NO66GE
;XNKW;KRASNOYARSK REGION, Krasnoyarsk-66 (MEMORY 13 fighters);NO66DG
;UOHY;KRASNOYARSK REGION, CROSSES;NQ40WU,NQ40XU
;UNJD;KRASNOYARSK REGION, ape;NP50AH
;UNAR;KRASNOYARSK REGION, Kuragino;NO63HV
;UOIK;KRASNOYARSK REGION, Kureiko;NP36NL
;UNJV;KRASNOYARSK REGION, Leneva;NO47WM
;UNJZ;KRASNOYARSK REGION, LOSINOBORSKOE;NO48RL
;UNJL;KRASNOYARSK REGION, LUGOVATKA;NO49MC
;UNJJ;KRASNOYARSK REGION, MAYSKOYE;NP40NA
;UNJI;KRASNOYARSK REGION, Makovsky;NO58KE
;UNJK;KRASNOYARSK REGION, Manzi;NO88DL
;UNQM;KRASNOYARSK REGION, Manske;NO65VS
;UNJM;KRASNOYARSK REGION, MASHUKOVKA;NO77ET
;UNAM;KRASNOYARSK REGION, MINUSINSK;NO53US
;UNIM;KRASNOYARSK REGION, Motygino;NO78IE,NO78JE
;UNHM;KRASNOYARSK REGION, Mutorai;OP01FH
;UOHK;KRASNOYARSK REGION, CAPE KOSISTY;OQ43VP,OQ43VQ
;UODL;KRASNOYARSK REGION, Cape Chelyuskin;OQ27CR,OQ27DR
;UNQN;KRASNOYARSK REGION, Nazarov;NO55FX,NO55GX
;UNJN;KRASNOYARSK REGION, Nazimova;NO59KM,NO59LM
;UNQW;KRASNOYARSK REGION, Narva;NO65TJ
;UNHN;KRASNOYARSK REGION, NEDOKURA;OO08HO
;UNAW;KRASNOYARSK REGION, LOWER SUETUK;NO63FI
;UNIN;KRASNOYARSK REGION, Novoangarsky;NO68RD
;UNQL;KRASNOYARSK REGION, NOVOBIRILYUSSY;NO56IX
;UNAN;KRASNOYARSK REGION, Novoselov;NO54KX,NO55KA,NO55LA
;UNJR;KRASNOYARSK REGION, NEW TOWN;NO59CU
;UOTN;KRASNOYARSK REGION, NOGINSK;NP54OL
;UOOO;KRASNOYARSK REGION, Norilsk (Alykel);NP39QH,NP39PH
;UNJS;KRASNOYARSK REGION, aspen CAPE;NO87LN
;UODS;KRASNOYARSK REGION, MIDDLE ISLAND;NQ59MM
;UNHC;KRASNOYARSK REGION, Osharova;NP90DI
;UNIG;KRASNOYARSK REGION, Pervomayskaya;NO78BA
;UNIO;KRASNOYARSK REGION, Pirovsky;NO67DO
;UNID;KRASNOYARSK REGION, PIT-TOWN;NO69VH
;UNIP;KRASNOYARSK REGION, Stony Tunguska;NP41XN,NP41XO,NP51AO
;UNQP;KRASNOYARSK REGION, Predivinsk;NO67QB,NO67RB
;UNQR;KRASNOYARSK REGION, Rybinsk LPS;NO75JT
;UOIG;KRASNOYARSK REGION, SVETLOGORSK;NP46EU,NP46FU
;UNIS;KRASNOYARSK REGION, NORTH Yenisei;NP60MI,NP60MJ
;UOIS;KRASNOYARSK REGION, Snezhnogorsk;NP38TB
;UOHP;KRASNOYARSK REGION, Sopochnaya (Popigaj);OQ42JN
;UODS;KRASNOYARSK REGION, MIDDLE ISLAND;NQ59MM
;UNIX;KRASNOYARSK REGION, ARROW;NO68MB,NO68MC
;UNJT;KRASNOYARSK REGION, ARROW Chun;OP11JR
;UOTH;KRASNOYARSK REGION, Surgutikha;NP33QU
;UNKH;KRASNOYARSK REGION, Surikov;NO56QX,NO56RX
;UNIF;KRASNOYARSK REGION, Surinda;NP82QN
;UNJH;KRASNOYARSK REGION, Sukhanov;NO48MI
;UNJY;KRASNOYARSK REGION, CNN;NP40EI
;UNHV;KRASNOYARSK REGION, TAIGA;OO08FQ
;UNQT;KRASNOYARSK REGION, Taseevo;NO77KE
;UNIT;KRASNOYARSK REGION, TOUR (MOUNTAIN);OP04FH,OP04FI
;UNHT;KRASNOYARSK REGION, ROUND MVL;OP04CG
;UOTT;KRASNOYARSK REGION, Turukhansk;NP35WT,NP35XT
;UNQH;KRASNOYARSK REGION, TYUHTET;NO46PN,NO46QN
;XNKR;KRASNOYARSK REGION, Uzhur;NO45VG,NO45WG
;UNJC;KRASNOYARSK REGION, UST-PIT;NO58UX,NO58VX
;UNHF;KRASNOYARSK REGION, Frolova;OO18EU
;UOHH;KRASNOYARSK REGION, Hatanga;OQ11FX,OQ11GX
;UNHY;KRASNOYARSK REGION, spinal;NO98HN
;UNJX;KRASNOYARSK REGION, CHEMDALSK;OO19PO,OO19PP
;UNIR;KRASNOYARSK REGION, Chirinda;OP07EM,OP07EN
;UNKO;KRASNOYARSK REGION, Sharypovo;NO45OK,NO45OL
;UNAU;KRASNOYARSK REGION, Shushenskaya (Kazantsev);NO63AJ
;UNIH;KRASNOYARSK REGION, Ekonda;OP25PS,OP25QS
;UNHH;KRASNOYARSK REGION, yukta;OP23TJ
;UNIQ;KRASNOYARSK REGION, Yartsev;NP50CG
;UHGL;Magadan region, capercaillie;QP64NX,QP65NA
;UHMM;Magadan region, MAGADAN (FALCON);QO59IV,QO59IW,QO59JV
;UHMT;Magadan region, Magadan 13;QO59KO,QO59LO,QO59LP
;UHGK;Magadan region, NEW Kubak;QP93WR,QP93XR,QP93XS
;UHMF;Magadan region, Omsukchan;QP72UK,QP72UL,QP72VL,QP72VK
;UHMW;Magadan region, North Even;QP91OV,QP91OW
;UHMS;Magadan region, Seimchan;QP62FV,QP62FW,QP62EW
;UHMQ;Magadan region, Sinegorye;QP52IG,QP52JG
;UHMH;Magadan region, Susuman (Berelekh);QP42BS
;UHGU;Magadan region, TAVATUM;QP81VU
;UHGT;Magadan region, TAHTOYAMSK;QP70IE
;UHGO;Magadan region, TOPOLOVKA;RP01BI
;UHMV;Magadan region, Ust-Omchug;QP41TC
;UHMG;Magadan region, CHAYBUHA;RP01GT,RP01GU
;UHGE;Magadan region, berry;QP42SN
;UHGB;Magadan region, Yamskogo;QO79BN,QO79BO
;UHTZ;PRIMORSKY KRAI, AGZU;PN97EO
;UHHA;PRIMORSKY KRAI, ADA;PN87SD
;UHTG;PRIMORSKY KRAI, ASU;PN85UU
;UHWA;PRIMORSKY KRAI, ARSENEV;PN64PD
;UHTB;PRIMORSKY KRAI, Novitsky Bay;PN62KS
;XHIF;PRIMORSKY KRAI, Varfolomeyevka;PN64QG,PN64RG,PN64QF
;UHWW;PRIMORSKY KRAI, VLADIVOSTOK (Knevichi);PN63CJ,PN63BJ
;UHWL;PRIMORSKY KRAI, VLADIVOSTOK (lake KEYS);PN63BI
;XHWV;PRIMORSKY KRAI, Vozdvizhenka;PN53XW,PN53XV,PN53WV,PN53WW
;XHIN;PRIMORSKY KRAI, Voznesenka;PN64CF
;XHIW;PRIMORSKY KRAI, Voskresenka;PN64IN
;UHTW;PRIMORSKY KRAI, EAST 2;PN76VJ
;UHTK;PRIMORSKY KRAI, EAST PORT;PN62NS,PN62NR
;XHIG;PRIMORSKY KRAI, Galenko;PN54VC,PN54VB
;UHWD;PRIMORSKY KRAI, Dalnegorsk (Spassk Far);PN64KO
;UHHD;PRIMORSKY KRAI, DALNERECHENSK;PN65UV,PN65UU
;XHID;PRIMORSKY KRAI, DALNERECHENSK (Golubovka);PN65VU
;UHWE;PRIMORSKY KRAI, EDINKA;PN97HE,PN97IE
;XHWI;PRIMORSKY KRAI, GOLDEN VALLEY (unash);PN62NX,PN62NW
;UHWK;PRIMORSKY KRAI, Kavalerovo;PN74MG
;XHIR;PRIMORSKY KRAI, STONE-Fisherman;PN64AR,PN64AS
;UHTL;PRIMORSKY KRAI, laukh;PN86HO,PN86IO
;UHTM;PRIMORSKY KRAI, Maksimovka;PN86WC
;XHWM;PRIMORSKY KRAI, Mikhailovka (county Lenin);PN63AV
;UHTE;PRIMORSKY KRAI, MNOGOUDOBNOE;PN63FL
;UHTN;PRIMORSKY KRAI, FIND;PN62KT,PN62KU
;XHWE;PRIMORSKY KRAI, Nikolaevka (Maritime);PN63OB,PN63OC
;XHWN;PRIMORSKY KRAI, Novonezhino;PN63GF,PN63HF
;XHWK;PRIMORSKY KRAI, Novonikolsk;PN53WU
;XHIO;PRIMORSKY KRAI, Ozernaya Pad;PN64CA
;UHHX;PRIMORSKY KRAI, HUNTING;PN86LL,PN86LM
;UHWP;PRIMORSKY KRAI, Plastun;PN84DT
;UHTP;PRIMORSKY KRAI, border detachment;PN54QJ
;XHWP;PRIMORSKY KRAI, The Haven;PN63DG,PN63EG,PN63DF,PN63EF
;UHWR;PRIMORSKY KRAI, Roshchino;PN75KV
;UHTS;PRIMORSKY KRAI, Samarga;PN97JG
;UHTQ;PRIMORSKY KRAI, LIGHT;PN96DM,PN96DN
;UHWF;PRIMORSKY KRAI, SERAFIMOVKA;
;UHWS;PRIMORSKY KRAI, Sergeevka;PN73OV,PN73OW
;XHIS;PRIMORSKY KRAI, Sokolovka;PN64WB,PN64WC
;UHTX;PRIMORSKY KRAI, PINE Pad;PN54PJ
;UHWT;PRIMORSKY KRAI, Terni;PN85HB,PN85HC
;UHTY;PRIMORSKY KRAI, boots;PN97HI
;UHWU;PRIMORSKY KRAI, USSURYSK (BARANOVSKY);PN63AS,PN63XS,PN63AR
;XHIH;PRIMORSKY KRAI, HVALYNKA;PN64KO,PN64KP
;XHIL;PRIMORSKY KRAI, Khorol;PN64BL,PN64BK
;XHIU;PRIMORSKY KRAI, CENTRAL-CORNER;PN63AI
;XHII;PRIMORSKY KRAI, CHERNIGOVKA;PN64GH,PN64GI
;XHIE;PRIMORSKY KRAI, Chernyshovks;PN64ME,PN64NE
;UHWM;PRIMORSKY KRAI, Shmakovka;PN65SF
;UESY;Sakha (Yakutia), ABY;QP28MJ,QP28NJ
;UERA;Sakha (Yakutia), Ayhan;OP55SW,OP55SX
;UEEA;Sakha (Yakutia), ALDAN;PO28QO,PO28RO
;UESX;Sakha (Yakutia), Aleko Kuel;QP58WQ,QP58WP
;UEQN;Sakha (Yakutia), ALLAH-UNE;PP91AD
;UEEW;Sakha (Yakutia), Amga;PP60AV
;UERB;Sakha (Yakutia), Anabara;OQ60SV,OQ60TV,OQ60TU
;UESA;Sakha (Yakutia), Andryushkino;QP79FE,QP79FD
;UESH;Sakha (Yakutia), ARGAHTAH;QP68QK
;UEMR;Sakha (Yakutia), ARYKTAH;PP23ON,PP23PN
;UEWB;Sakha (Yakutia), Arylakh;PP67JE
;UEWY;Sakha (Yakutia), BARYLAS;PP65IV
;UEBB;Sakha (Yakutia), Batagai;PP77IP
;UEBC;Sakha (Yakutia), Batagai, CRH;PP77HP
;UESG;Sakha (Yakutia), WHITE MOUNTAIN;QP38CN,QP38DN
;UEEX;Sakha (Yakutia), Belkachi (LEFT);PO59WE
;UEEH;Sakha (Yakutia), BERDIGESTYAH;PP32IC,PP32IB
;UESC;Sakha (Yakutia), Berezovka;QP87GC,QP87HC
;UESJ;Sakha (Yakutia), Burela (Chkalov);QQ20IM
;UEYB;Sakha (Yakutia), BETYUNG;PP13EQ
;UEFN;Sakha (Yakutia), BOROGON;PP69CM
;UEEB;Sakha (Yakutia), Borogontsy;PP52OP
;UESB;Sakha (Yakutia), Bulun;PQ30QQ
;UECB;Sakha (Yakutia), DRILLING 179093;OO59KU
;UECO;Sakha (Yakutia), DRILLING 363/1;OO59AX
;UECD;Sakha (Yakutia), DRILLING 363/2;OO59BV
;UESI;Sakha (Yakutia), BYYAGNYR NYCHALAH;QP39CW
;UEOB;Sakha (Yakutia), BYAS-Kuel;OO99PL,OO99PM
;UENI;Sakha (Yakutia), Verkhnevilyuisk;PP03DL,PP03CL,PP03CK,PP03DK
;UEBW;Sakha (Yakutia), Verkhoyansk;PP67QN,PP67QM
;UENW;Sakha (Yakutia), Vilyuiskaya;PP03US
;UERT;Sakha (Yakutia), Vitim;OO69GL,OO69GK
;UEYD;Sakha (Yakutia), DALYR;PP03CV
;UEKO;Sakha (Yakutia), Delgo;OO99HV
;UELD;Sakha (Yakutia), DELTA;PO26KV
;UEBD;Sakha (Yakutia), DEPUTY;PP99WJ,PP99XJ
;UEWD;Sakha (Yakutia), DZHARGALAH;PP57GG
;UEQD;Sakha (Yakutia), Dzhebariki-Khaya;PP72WE
;UEWU;Sakha (Yakutia), DULGALAH;PP67BF
;UEPN;Sakha (Yakutia), ZHEMKONTSY;PP13OL
;UEVV;Sakha (Yakutia), Zhigansk;PP16QT,PP16QS
;UESU;Sakha (Yakutia), Zyrianka;QP55KS,QP55KR
;UENL;Sakha (Yakutia), ILBENGE;PP22ET
;UESZ;Sakha (Yakutia), COSSACK;PQ80BR,PQ80CR
;UENQ;Sakha (Yakutia), Kempendyay;OP92HA
;UEEJ;Sakha (Yakutia), Kobyay;PP33GN
;UESM;Sakha (Yakutia), Kolyma;QP98IR
;UEWO;Sakha (Yakutia), Kudu-Kyuel;PO09PL,PO09PK,PO09QL,PO09QK
;UEBK;Sakha (Yakutia), Cularo;PQ70GO,PQ70FO
;UEMK;Sakha (Yakutia), Cuoco;PP33HX
;UEWK;Sakha (Yakutia), KUSTUR;PP58TE,PP58TD
;UEON;Sakha (Yakutia), KYRGYDAY;PP14IL
;UEYK;Sakha (Yakutia), Kyryk;PP14UE
;UENK;Sakha (Yakutia), KYSYL-SYR;PP13JV
;UEMG;Sakha (Yakutia), KEBERGENE;QP27GS
;UENT;Sakha (Yakutia), KYULETSKY-1;PP04MM,PP04NM
;UEND;Sakha (Yakutia), KYULETSKY-2;PP04LU,PP04LT
;UEQK;Sakha (Yakutia), KYUPTSY;PP70PU
;UEBL;Sakha (Yakutia), Lazo;PP86FQ
;UERL;Sakha (Yakutia), Lensk;OP70JR,OP70KR
;UEMM;Sakha (Yakutia), Magali;PP42SC
;UEAN;Sakha (Yakutia), MALYKAY;OP83MM
;UEGN;Sakha (Yakutia), MALZHEGAR;OP83RO
;UENH;Sakha (Yakutia), mastitis;PP23CR
;UEOA;Sakha (Yakutia), Machala;OO89SV,OO89TV
;UERR;Sakha (Yakutia), PEACEFUL;OP72AN,OP72AM
;UEMA;Sakha (Yakutia), MOMA;QP16OK,QP16OL,QP16PK,QP16PL
;UENU;Sakha (Yakutia), Mukuch;PP13WV
;UEBQ;Sakha (Yakutia), ice mound;PP85VU
;UELL;Sakha (Yakutia), Neryungri (Chulman);PO26LW,PO26LV,PO26KV
;UEBN;Sakha (Yakutia), Nizhneyansk;PQ81CK,PQ81BK
;UENN;Sakha (Yakutia), NYURBA;OP93DH,OP93EH
;UEMJ;Sakha (Yakutia), Ojmjakon;QP13NF,QP13OF
;UESD;Sakha (Yakutia), OYUSARDAH;OP78IG
;UEMO;Sakha (Yakutia), Olekminsk;PP00FJ
;UESN;Sakha (Yakutia), Olenegorsk;QP39RT,QP39ST
;UERO;Sakha (Yakutia), Olenek;OP68FM
;UENC;Sakha (Yakutia), ORGET;PP03KD
;UEBO;Sakha (Yakutia), OSOHTOH;PP79DD
;UESV;Sakha (Yakutia), Zhokhov Island;QQ66KE
;UERK;Sakha (Yakutia), Peled;OO69JO,OO69JP
;UEEP;Sakha (Yakutia), Pokrovsky;PP41OM,PP41ON,PP41NM
;UERP;Sakha (Yakutia), POLAR;OP66AK,OP66AJ
;UEMP;Sakha (Yakutia), INDUSTRIAL;PP34EE
;UESP;Sakha (Yakutia), RUSSIAN MOUTH (POLAR);QQ41PD
;UEBY;Sakha (Yakutia), pollock;PP78FQ
;UEBR;Sakha (Yakutia), SAYYLYK (selenium);PP98EX
;UEBS;Sakha (Yakutia), SAKKYRYR;PP57ES,PP57ET,PP57FS
;UEMS;Sakha (Yakutia), sangaree;PP33QX,PP33RX,PP33RW
;UEEQ;Sakha (Yakutia), Sanyyakhtakh;PP20AN,PP20AO
;UEWS;Sakha (Yakutia), Sartana;PP66LN
;UERS;Sakha (Yakutia), Saskylakh;OQ71AW,OQ71BW
;UESW;Sakha (Yakutia), woo;QP58VA
;UEED;Sakha (Yakutia), Himself-Kuel;PP55AG
;UEES;Sakha (Yakutia), SEGYAN-Kuel;PP53DX,PP54DA
;UEMI;Sakha (Yakutia), Sitti;PP43AL
;UEGT;Sakha (Yakutia), Sobolokh;QP16PG
;UEML;Sakha (Yakutia), SOLAR;PP80SG
;UEYP;Sakha (Yakutia), MEDIUM Vilyuiskaya (Hampi);PP13LR
;UESK;Sakha (Yakutia), Srednekolymsk;QP67UL,QP67VL
;UECK;Sakha (Yakutia), MIDDLE CORDON;OO69PS
;UENS;Sakha (Yakutia), Suntar;OP82TE
;UEIB;Sakha (Yakutia), Sword;PP56VP
;UEYU;Sakha (Yakutia), SURGULUK;OP94UI
;UEMN;Sakha (Yakutia), SYAGANNAH;QP18TI,QP18TJ
;UESL;Sakha (Yakutia), SYLGY-YTAR;QP77KU
;UERM;Sakha (Yakutia), SYULDYUKAR;OP63UF
;UEBH;Sakha (Yakutia), Tabalov;PP87GN
;UETT;Sakha (Yakutia), Taymylyr;PQ02WO,PQ02WP
;UEBE;Sakha (Yakutia), TENKELI;QQ00ID,QQ00IE
;UEST;Sakha (Yakutia), Tiksi;PQ41KR,PQ41KQ
;UEOT;Sakha (Yakutia), Tokko;OO99WX
;UERD;Sakha (Yakutia), Tolon;OO59SL
;UEMB;Sakha (Yakutia), bid;OO98RK,OO98SK
;UESR;Sakha (Yakutia), Tumat;PQ90OR
;UEHN;Sakha (Yakutia), TUOBUYA;PP11AX
;UEME;Sakha (Yakutia), Tyaya;PP23XQ
;UEYY;Sakha (Yakutia), TYLGYNY;PP04FI
;UEOQ;Sakha (Yakutia), Tian;OO99VB
;UEOU;Sakha (Yakutia), Uritsk;PP10EN,PP10FN
;UEBT;Sakha (Yakutia), Ust-Kuyga;PQ70TA,PQ70UA
;UEMU;Sakha (Yakutia), Ust-Maya;PP70FI
;UEQM;Sakha (Yakutia), UST-MILES;PO69NP
;UEMT;Sakha (Yakutia), Ust-Nera;QP14NN
;UEBG;Sakha (Yakutia), Lake Khaiyr;PQ60RT,PQ60ST
;UEYH;Sakha (Yakutia), HALBATTSY;PP03TV
;UEMH;Sakha (Yakutia), Khandyga (Warm Springs);PP82KS,PP82KT
;UESE;Sakha (Yakutia), HARA-ULAH;PQ50JU
;UEWN;Sakha (Yakutia), HUT;OP83IP
;UEMC;Sakha (Yakutia), HATYNGNAH;QP67GL
;UEDN;Sakha (Yakutia), HORULA;OP93HX
;UEMD;Sakha (Yakutia), CHAGDA;PP23SI
;UEEG;Sakha (Yakutia), CHAGDA (Uchur);PO58HS
;UENO;Sakha (Yakutia), Chapaevo;OP80ND
;UERW;Sakha (Yakutia), CHERNYSHEVSKY;OP63FA
;UESS;Sakha (Yakutia), Cherskiy;RP08PR,RP08QR
;UEBX;Sakha (Yakutia), CHERYUMCHE;PP78LF
;UESO;Sakha (Yakutia), Chokurdakh;QQ30WO,QQ30WP,QQ30XO,QQ30XP
;UEVN;Sakha (Yakutia), CHUKAR;OP93AR
;UEAT;Sakha (Yakutia), CHUMPU-KYTYL (TYUBELYAH);QP15NI,QP15OI
;UEER;Sakha (Yakutia), Churapcha;PP61FX
;UEQY;Sakha (Yakutia), Ytyk-Kyuyol;PP62SJ
;UESQ;Sakha (Yakutia), Ebyakh;QP58IJ
;UEQC;Sakha (Yakutia), EZHANTSY;PP70NL
;UERE;Sakha (Yakutia), Eyck;OP86QA
;UENE;Sakha (Yakutia), Elgyay;OP82SL
;UEQL;Sakha (Yakutia), Eldikan;PP70NR,PP70NS
;UEZN;Sakha (Yakutia), ENGOLZHA;OP93DQ,OP93DP
;UEEK;Sakha (Yakutia), YUGARENOK;PO89US
;UESF;Sakha (Yakutia), Yukagirs;PQ91WS
;UERG;Sakha (Yakutia), Yuryung-Khaya;OQ62OT,OQ62PT
;UEEE;Sakha (Yakutia), Yakutsk;PP42VC,PP42VB,PP42UB,PP42UC
;UERI;Sakha (Yakutia), YAROSLAVL;OP60XE,OP60XD
;UHSA;Sakhalin region, Aleksandrovsk;QO10CV,QO10CU
;UHSB;Sakhalin region, BUREVESTNIK;QN34TW,QN34TV
;XHSO;Sakhalin region, DOLINSK (FALCON);QN17JF,QN17JG
;UHSO;Sakhalin region, zoning;QO10JP,QO10JQ
;UHSI;Sakhalin region, Etorofu;QN35XG
;XHSL;Sakhalin region, Leonidovo;QN19LG,QN19KG
;UHSN;Sakhalin region, NOGLIKI;QO11NT,QO11NS
;UHSH;Sakhalin region, OHA (NEW);QO13KM
;UHSP;Sakhalin region, Poronaisk;QN19NF
;XHSH;Sakhalin region, attention;QN19KR,QN19KS
;XHSR;Sakhalin region, Starorusskaya;QN17JD
;UHSK;Sakhalin region, Miner;QN19AE,QN19BE
;UHSM;Sakhalin region, Yuzhno-Kurilsk (Mendeleev);QN23UW,QN23UX
;XHSA;Sakhalin region, SOUTH SAKHALINSK (FALCON);QN17JG,QN17JF
;UHSS;Sakhalin region, SOUTH SAKHALINSK (Chomutov);QN16IV,QN16IU
;UNYK;TYVA, Kungurtug;NO80SO
;UNKY;TYVA, KYZYL;NO71EP,NO71EQ,NO71FQ
;UNKD;TYVA, Kyzyl-MAZHALYK;NO51GD,NO51HD
;UNAG;TYVA, Mugur-Aksy;NO50EJ
;UNYE;TYVA, Saryg-Sep;NO71SL,NO71TL
;UNYS;TYVA, NORTH Argens;NO91AL,NO91AM
;UNYT;TYVA, Toora-Khem (Tojo);NO82BM,NO82BN
;UNYA;TYVA, Khamsara;NO82RS
;UNYH;TYVA, Khovu-Aqsa;NO61UD
;UNYY;TYVA, YRBAN;NO72UR,NO72VR
;UNYR;TYVA, Ezine;NO70NF,NO70OF
;UNYX;TYVA, SOUTH Argens;NO90CJ
;UWLW;Ulyanovsk region, Ulyanovsk (EAST);LO44JJ,LO44JK
;UHOA;KHABAROVSK REGION, ARCH;QP10DC
;UHNA;KHABAROVSK REGION, AYAN (MUNUK);PO96AK
;UHNB;KHABAROVSK REGION, Bogorodsk;QO02FI,QO02FJ
;UHHE;KHABAROVSK REGION, BRIAKAN;PO72WH
;XHHG;KHABAROVSK REGION, GAROVKA-2;PN78OJ
;XHHS;KHABAROVSK REGION, TENTH STATION (KALINKA);PN78RK,PN78QK,PN78QJ,PN78RJ
;UHHP;KHABAROVSK REGION, Polina Osipenko;PO82FK
;UHKD;KHABAROVSK REGION, Komsomolsk-on-Amur (Dzemgi);PO80MO,PO80NO
;UHKK;KHABAROVSK REGION, Komsomolsk-on-Amur (Khurba);PO80LK,PO80LJ
;UHHW;KHABAROVSK REGION, KUKAN;PN69RF
;XHXL;KHABAROVSK REGION, Lithuanian;PN79NF
;UHNM;KHABAROVSK REGION, Mariinsky;QO01CR
;UHNK;KHABAROVSK REGION, MAP Kyuel;PO67GK,PO67GL
;UHKG;KHABAROVSK REGION, Mongokhto (Stony Brook);QN09BF,QN09CF,QN09CG
;UHNX;KHABAROVSK REGION, Nelkan;PO87BP,PO87CP
;UHKN;KHABAROVSK REGION, Nizhnetambovskoye;PO90CW
;UHNN;KHABAROVSK REGION, Nikolaevsk-on-Amur;QO03HD,QO03ID
;UHHN;KHABAROVSK REGION, Novokurovka;PN78DT
;UHOO;KHABAROVSK REGION, Okhotsk;QO19MJ,QO19MK
;XHHP;KHABAROVSK REGION, Pereyaslavka;PN78NA,PN77NX,PN77MX
;UHHJ;KHABAROVSK REGION, VICTORY (MUGDUSA);PN79DB
;UHKM;KHABAROVSK REGION, Sovetskaya Gavan (MAY-GACC);QN08AW
;XHKP;KHABAROVSK REGION, Sovetskaya Gavan (guard);QN09CA
;UHHO;KHABAROVSK REGION, Troicki;PN89GK
;UHNT;KHABAROVSK REGION, Tuguro;PO83JS,PO83KS
;UHOI;KHABAROVSK REGION, TUKCHI;PO97RI,PO97SI
;XHHD;KHABAROVSK REGION, KHABAROVSK (DYNAMO);PN78NK
;UHHT;KHABAROVSK REGION, KHABAROVSK (SMALL);PN78NM
;UHHH;KHABAROVSK REGION, KHABAROVSK (NEW);PN78NM,PN78OM,PN78ON
;XHHA;KHABAROVSK REGION, KHABAROVSK (CENTRAL);PN78NL,PN78NK
;UHNH;KHABAROVSK REGION, HERPUCHI;PO92JX,PO92KX
;UHNO;KHABAROVSK REGION, TSIMMERMANOVKA;PO91OH,PO91OI,PO91PI
;UHHM;KHABAROVSK REGION, Chegdomyn;PO61LD
;UHHY;KHABAROVSK REGION, Chumikan;PO74PQ
;UNAA;KHAKASIA, Abakan;NO53QS,NO53QR
;USHQ;KhMAO, Beloyarsky;MP33IQ
;USHB;KhMAO, BIRCH;MP23MV,MP23MW
;USHP;KhMAO, Gornopravdinsk;MP40WB
;USHI;KhMAO, Igrim;MP23FE,MP23FF
;USRK;KhMAO, Kogalym;MP72GE,MP72GF
;XSSJ;KhMAO, KOMSOMOL;MP11NG
;USHK;KhMAO, Kondinsky;MO39RP
;USNL;KhMAO, LARYAK;NP01CC,NP01DC
;USHL;KhMAO, meadows;MO29WR
;USNM;KhMAO, Megion (NORTH);MP81BB
;USHM;KhMAO, Mezhdurechensk;MO29WN
;USRN;KhMAO, Nefteyugansk;MP61HC
;USNN;KhMAO, Nizhnevartovsk;MP80FW,MP80FX,MP80GW,MP80GX
;USNA;KhMAO, Novoagansk;MP81HV,MP81HW
;USHN;KhMAO, NYAGAN;MP22TC
;USHW;KhMAO, Nyaksimvol;MP02KK
;USHO;KhMAO, OCTOBER;MP32AK
;USNR;KhMAO, RAINBOW;MP82PD,MP82QD,MP82PE,MP82RE
;USHA;KhMAO, Saranpaul;MP04KF,MP04KG,MP04LG
;USHS;KhMAO, SOVIET;MP11TI,MP11TH,MP11SI
;USRR;KhMAO, SURGUT;MP61QI,MP61RI
;USHU;KhMAO, Urai;MP20JC,MP20KC
;USHH;KhMAO, Khanty-Mansiysk;MP41MA,MP41NA
;USHG;KhMAO, HULIMSUNT;MP02TV
;USCR;CHELYABINSK REGION, Kartal (KC-17);MO03IA,MO03JA
;USCI;CHELYABINSK REGION, KIZILSKOE;LO92KR
;USCK;CHELYABINSK REGION, KOCHERDYK;MO14LO
;XSCN;CHELYABINSK REGION, MAGNITOGORSK-growth (Agapovka);LO93NJ
;ZE57;CHELYABINSK REGION, OCTOBER;MO14IK
;XSCT;CHELYABINSK REGION, Troicki;MO04SC
;XSCU;CHELYABINSK REGION, UPRUN;MO04QI,MO04QJ
;USCD;CHELYABINSK REGION, Ustinova;LO94XU,MO04AU
;USCC;CHELYABINSK REGION, Chelyabinsk (Balandino);MO05SH,MO05RH
;ZE9P;CHELYABINSK REGION, CHELYABINSK (vitamins);MO04LX
;XSCW;CHELYABINSK REGION, CHELYABINSK (Kalacheva);MO04RW,MO04SW
;XSCG;CHELYABINSK REGION, CHELYABINSK (Shagol);MO05PG,MO05PF
;ZE7G;CHELYABINSK REGION, Chudinov;MO14FO
;ZF4G;CHELYABINSK REGION, Yuryuzan (Galicki);LO94EU
;UHEJ;Chukotka Autonomous Okrug, Iona;RP49AW
;UHAM;Chukotka Autonomous Okrug, Amguema;AP07NB
;UHAO;Chukotka Autonomous Okrug, Anadyr (DISTRICT);RP84RR
;UHMA;Chukotka Autonomous Okrug, Anadyr (coal);RP84US,RP84VS,RP84UR,RP84VR
;UHMB;Chukotka Autonomous Okrug, Baranikha;RP48DL,RP48DM
;UHMR;Chukotka Autonomous Okrug, Beringovsky;RP93PA
;UHMD;Chukotka Autonomous Okrug, Providence Bay;AP34JJ,AP34JI,AP34II
;UHAW;Chukotka Autonomous Okrug, Baer;RP54MD,RP54ME
;UHDW;Chukotka Autonomous Okrug, Vankarem;AP27BU
;UHAG;Chukotka Autonomous Okrug, HILL;RP84TT
;UHME;Chukotka Autonomous Okrug, BAY CROSS;AP06KI
;UHML;Chukotka Autonomous Okrug, Saint Lawrence Bay;AP45MN,AP45LN,AP45LO,AP45MO
;UHEI;Chukotka Autonomous Okrug, Ilirney;RP37XG
;UHAJ;Chukotka Autonomous Okrug, Inchoun;AP46UH
;UHMX;Chukotka Autonomous Okrug, Iultin;RP97IV
;UHAK;Chukotka Autonomous Okrug, Kanchalano;RP85JE
;UHMK;Chukotka Autonomous Okrug, Keperveem;RP37BU,RP37CU
;UHDK;Chukotka Autonomous Okrug, Konergino;AP05NV
;UHAR;Chukotka Autonomous Okrug, red;RP74JP
;UHED;Chukotka Autonomous Okrug, DOME;RP46SV
;UHAL;Chukotka Autonomous Okrug, Lamutskiy;RP45KM
;UHAY;Chukotka Autonomous Okrug, Mine PYLGINO;RP82MM,RP82MN
;UHMO;Chukotka Autonomous Okrug, Markov;RP54EP,RP54FP,RP54EQ,RP54FQ
;UHMI;Chukotka Autonomous Okrug, CAPE SCHMIDT;AP08HV,AP08HU
;UHAN;Chukotka Autonomous Okrug, Neshkan;AP37MA
;UHAU;Chukotka Autonomous Okrug, Nunligran;AP24HT
;UHAX;Chukotka Autonomous Okrug, Nutepelmen;AP27MK
;UHMN;Chukotka Autonomous Okrug, Omolon;RP05GF
;UHMZ;Chukotka Autonomous Okrug, Wrangel Island;RQ90VX
;UHEO;Chukotka Autonomous Okrug, insular;RP28BC,RP28CC
;UHMP;Chukotka Autonomous Okrug, PEVEK;RP59HT,RP59HS
;UHAS;Chukotka Autonomous Okrug, Sireniki;AP34AJ
;UHAE;Chukotka Autonomous Okrug, SNOW;RP65LK
;UHLN;Chukotka Autonomous Okrug, Whalen;AP56BD,AP56CD
;UHDX;Chukotka Autonomous Okrug, Uelkal;AP05IM
;UHAC;Chukotka Autonomous Okrug, Chuvan;RP35XE
;UHAB;Chukotka Autonomous Okrug, Enmelen;AP25BA
;UHEN;Chukotka Autonomous Okrug, Enurmino;AP46BW
;UHAQ;Chukotka Autonomous Okrug, YANDRAKYNNOT;AP34RV,AP34SV
