AD;;Republic of Adygeya   (AD)   UA6Y;
;1;MAIKOP;AD-01
;2;ADYGEYSK;AD-02
;3;GIAGINSKY AREA;AD-03
;4;KOSHEKHABLSKY AREA;AD-04
;5;KRASNOGVARDEISKY DISTRICT;AD-05
;6;MAIKOPSKY AREA;AD-06
;7;TAKHTAMUKAYSKY AREA;AD-07
;8;TEUCHEZHSKY AREA;AD-08
;9;SHOVGENOVSKY AREA;AD-09
AL;;Altaysky Kraj   (AL)   UA9Y;
;1;ZHELEZNODOROZHNY DISTRICT of BARNAUL;AL-01
;2;INDUSTRIAL DISTRICT of BARNAUL;AL-02
;3;LENINSKY DISTRICT of BARNAUL;AL-03
;4;OKTYABRSKY DISTRICT of BARNAUL;AL-04
;5;CENTALNY DISTRICT of BARNAUL;AL-05
;8;RUBTSOVSK;AL-08
;9;SLAVGOROD;AL-09
;10;YAROVOYE;AL-10
;11;ALEYSKY AREA ;AL-11
;12;ALTAISKY AREA ;AL-12
;13;BAYEVSKY AREA ;AL-13
;14;BIYSKY AREA ;AL-14
;15;BLAGOVESHCHENSK AREA;AL-15
;16;BURLINSKY AREA;AL-16
;17;BYSTROISTOKSKY AREA ;AL-17
;18;VOLCHIKHINSKY AREA ;AL-18
;19;EGORYEVSKY AREA ;AL-19
;20;ELTSOVSKY AREA ;AL-20
;21;ZAVYALOVSKY AREA ;AL-21
;22;ZALESOVSKY AREA ;AL-22
;23;ZARINSKY AREA ;AL-23
;24;ZMEINOGORSKY AREA ;AL-24
;25;ZONALNYJ AREA;AL-25
;26;KALMANSKY AREA ;AL-26
;27;KAMENSKY AREA  ;AL-27
;28;KLYUCHEVSKY AREA;AL-28
;29;KOSIKHINSKY AREA;AL-29
;30;KRASNOGORSK AREA ;AL-30
;31;KRASNOSHCHEKOVSKY AREA ;AL-31
;32;KRUTIKHINSKY AREA ;AL-32
;33;KULUNDINSKY AREA ;AL-33
;34;KURYINSKY AREA ;AL-34
;35;KYTMANOVSKY AREA ;AL-35
;36;LOKTEVSKY AREA;AL-36
;37;MAMONTOVSKY AREA ;AL-37
;38;MIKHAYLOVSKY AREA ;AL-38
;39;NEMETSKY NATIONAL AREA;AL-39
;40;NOVICHIKHINSKY AREA ;AL-40
;41;PAVLOVSKY AREA ;AL-41
;42;PANKRUSHIKHINSKY AREA ;AL-42
;43;PERVOMAJSKY AREA;AL-43
;44;PETROPAVLOVSKY AREA ;AL-44
;45;POSPELIKHINSKY AREA ;AL-45
;46;REBRIKHINSKY AREA ;AL-46
;47;RODINSKY AREA ;AL-47
;48;ROMANOVSKY AREA ;AL-48
;49;RUBTSOVSKY AREA ;AL-49
;50;SLAVGORODSKY AREA ;AL-50
;51;SMOLENSKY AREA ;AL-51
;52;SOVETSKY AREA ;AL-52
;53;SOLONESHENSKY AREA ;AL-53
;54;SOLTONSKY AREA ;AL-54
;55;SUYETSKY AREA;AL-55
;56;TABUNSKY AREA ;AL-56
;57;TALMENSKY AREA ;AL-57
;58;TOGULSKY AREA ;AL-58
;59;TOPCHIKHINSKY AREA ;AL-59
;60;TRETYAKOVSKY AREA ;AL-60
;61;TROITSKY AREA ;AL-61
;62;TYUMENTSEVSKY AREA ;AL-62
;63;UGLOVSKY AREA ;AL-63
;64;UST-KALMANSKIY AREA ;AL-64
;65;UST-PRISTANSKIY AREA ;AL-65
;66;HABARSKY AREA ;AL-66
;67;TSELINNY AREA ;AL-67
;68;CHARYSHSKY AREA ;AL-68
;69;SHELABOLIKHINSKY AREA;AL-69
;70;SHIPUNOVSKY AREA ;AL-70
;71;ALEYSK;AL-71
;72;BELOKURIKHA;AL-72
;73;BIYSK;AL-73
;74;GORNJAK;AL-74
;75;ZARINSK;AL-75
;76;ZMEINOGORSK;AL-76
;77;KAMEN-NA-OBI;AL-77
;78;NOVOALTAISK;AL-78
;79;ZATO SIBIRSKY;AL-79
AM;;Amurskaya oblast   (AM)   UA0J;
;1;BLAGOVESHCHENSK;AM-01
;2;BELOGORSK;AM-02
;3;ZEYA;AM-03
;4;RAYCHIKHINSK;AM-04
;5;SVOBODNYJ;AM-05
;6;TYNDA;AM-06
;7;SHIMANOVSK;AM-07
;8;ARKHARINSKY AREA;AM-08
;9;BELOGORSKY AREA;AM-09
;10;BLAGOVESHCHENSK AREA;AM-10
;11;BUREYSKY AREA;AM-11
;12;ZAVITINSKY AREA / incl. ZAVITINSK/;AM-12
;13;ZEYSKY AREA;AM-13
;14;IVANOVSKY AREA;AM-14
;15;KONSTANTINOVSKY AREA;AM-15
;16;MAGDAGACHINSKY AREA;AM-16
;17;MAZANOVSKY AREA;AM-17
;18;MIKHAYLOVSKY AREA;AM-18
;19;OKTYABRSKY DISTRICT;AM-19
;20;ROMNENSKY AREA;AM-20
;21;SVOBODNENSKY AREA;AM-21
;22;SELEMDZHINSKY AREA;AM-22
;23;SERYSHEVSKY AREA;AM-23
;24;SKOVORODINSKY AREA / incl. SKOVORODINO /;AM-24
;25;TAMBOVSKY AREA;AM-25
;26;TYNDINSKY AREA;AM-26
;27;SHIMANOWSKI AREA;AM-27
;28;ZATO TSIOLKOVSKY;AM-28
;29;PROGRESS;AM-29
AO;;Astrakhanskaya oblast   (AO)   UA6U;
;1;KIROVSKY DISTRICT of ASTRAKHAN;AO-01
;2;LENINSKY DISTRICT of ASTRAKHAN;AO-02
;3;SOVETSKY DISTRICT of ASTRAKHAN;AO-03
;4;TRUSOVSKY DISTRICT of ASTRAKHAN;AO-04
;6;ZATO ZNAMENSK;AO-06
;7;AKHTUBINSKY AREA / incl. AKHTUBINSK /;AO-07
;8;VOLODARSKY AREA;AO-08
;9;ENOTAYEVSKY AREA;AO-09
;10;IKRYANINSKY AREA;AO-10
;11;KAMYZYAKSKY AREA / incl. KAMYZYaK/;AO-11
;12;KRASNOYARSK AREA;AO-12
;13;LIMANSKY AREA;AO-13
;14;NARIMANOVSKY AREA / incl. NARIMANOV/;AO-14
;15;PRIVOLZHSKY AREA;AO-15
;16;HARABALINSKY AREA / incl. HARABALI/;AO-16
;17;CHERNOYARSKY AREA;AO-17
AR;;Arkhangelskaya oblast   (AR)   UA1O;
;1;ISAKOGORSKY DISTRICT of ARKHANGELSK ;AR-01
;2;LOMONOSOV DISTRICT of ARKHANGELSK;AR-02
;3;OKTIABRSKY DISTRICT of ARKHANGELSK;AR-03
;4;SOLOMBALSKY DISTRICT of ARKHANGELSK;AR-04
;5;KORYAZHMA;AR-05
;6;KOTLAS;AR-06
;7;NOVODVINSK;AR-07
;9;SEVERODVINSK;AR-09
;10;ZATO MIRNY;AR-10
;11;VELSKY AREA / incl. VELSK/;AR-11
;12;VERKHNETOYEMSKY AREA;AR-12
;13;VILEGODSKY AREA;AR-13
;14;VINOGRADOVSKY AREA;AR-14
;15;KARGOPOLSKY AREA / incl. KARGOPOL/;AR-15
;16;KONOSHSKY AREA;AR-16
;17;KOTLASSKY AREA / incl. SOLVYChEGODSK/;AR-17
;18;KRASNOBORSKY AREA;AR-18
;19;LENSKY AREA;AR-19
;20;LESHUKONSKY AREA;AR-20
;21;MEZENSKY AREA / incl. MEZEN /;AR-21
;22;NYANDOMSKY AREA / incl. NYaNDOMA/;AR-22
;23;ONEZHSKY AREA / incl. ONEGA /;AR-23
;24;PINEZHSKY AREA;AR-24
;25;PLESETSKY AREA;AR-25
;26;PRIMORSKY AREA;AR-26
;28;USTYANSKY AREA;AR-28
;29;HOLMOGORSKY AREA;AR-29
;30;SHENKURSKY AREA / incl. ShENKURSK/;AR-30
;31;NOVAYA ZEMLYA;AR-31
;32; FRANZ JOSEPH LAND;AR-32
;33;VARAVINO-FACTORIYA DISTRICT of ARKHANGELSK;AR-33
;34;MAYMAKSANSKY DISTRICT of ARKHANGELSK  ;AR-34
;35;MAJSKAYA GORKA DISTRICT of ARKHANGELSK ;AR-35
;36;SEVERNY DISTRICT of ARKHANGELSK ;AR-36
;37;TSIGLOMENSKY DISTRICT of ARKHANGELSK ;AR-37
BA;;Republic of Bashkortostan   (BA)   UA9W;
;1;DEMSKY DISTRICT of UFA;BA-01
;2;KALININSKY DISTRICT of UFA;BA-02
;3;KIROVSKY DISTRICT of UFA;BA-03
;4;LENINSKY DISTRICT of UFA;BA-04
;5;OKTYABRSKY DISTRICT of UFA;BA-05
;6;ORDZHONIKIDZEVSKY DISTRICT of UFA;BA-06
;7;SOVETSKY DISTRICT of UFA;BA-07
;8;AGIDEL;BA-08
;17;KUMERTAU;BA-17
;19;NEFTEKAMSK;BA-19
;20;OKTJABR`SKY;BA-20
;21;SALAVAT;BA-21
;22;SIBAY;BA-22
;23;STERLITAMAK;BA-23
;27;ZATO MEZHGORE;BA-27
;28;ABZELILOVSKY AREA;BA-28
;29;ALSHEEVSKY AREA;BA-29
;30;ARKHANGELSK AREA;BA-30
;31;ASKINSKY AREA;BA-31
;32;AURGAZINSKY AREA;BA-32
;33;BAYMAKSKY AREA / incl. BAYMAK/;BA-33
;34;BAKALINSKY AREA;BA-34
;35;BALTACHEVSKY AREA;BA-35
;36;BELEBEEVSKY AREA / incl. BELEBEY/ ;BA-36
;37;BELOKATAYSKY AREA;BA-37
;38;BELORETSKY AREA / incl. BELORECK /;BA-38
;39;BIZHBULYAKSKY AREA;BA-39
;40;BIRSKY AREA / incl. BIRSK /;BA-40
;41;BLAGOVARSKY AREA;BA-41
;42;BLAGOVESHCHENSK AREA / incl. BLAGOVESHCHENSK /;BA-42
;43;BUZDYAKSKY AREA;BA-43
;44;BURAYEVSKY AREA;BA-44
;45;BURZYANSKY AREA;BA-45
;46;GAFURIYSKY AREA;BA-46
;47;DAVLEKANOVSKY AREA / incl. DAVLEKANOVO/;BA-47
;48;DUVANSKY AREA;BA-48
;49;DYURTYULINSKY AREA / incl. DYuRTYuLI/;BA-49
;50;ERMEKEEVSKY AREA;BA-50
;51;ZIANCHURINSKY AREA;BA-51
;52;ZILAIRSKY AREA;BA-52
;53;IGLINSKY AREA;BA-53
;54;ILISHEVSKY AREA;BA-54
;55;ISHIMBAYSKY AREA / incl. ISHIMBAY /;BA-55
;56;KALTASINSKY AREA;BA-56
;57;KARAIDELSKY AREA;BA-57
;58;KARMASKALINSKY AREA;BA-58
;59;KIGINSKY AREA;BA-59
;60;KRASNOKAMSK AREA;BA-60
;61;KUGARCHINSKY AREA;BA-61
;62;KUYURGAZINSKY AREA;BA-62
;63;KUSHNARENKOVSKY AREA;BA-63
;64;MELEUZOVSKY AREA / incl. MELEUZ/;BA-64
;65;MECHETLINSKY AREA;BA-65
;66;MISHKINSKY AREA;BA-66
;67;MIYAKINSKY AREA;BA-67
;68;NURIMANOVSKY AREA;BA-68
;69;SALAVATSKY AREA;BA-69
;70;STERLIBASHEVSKY AREA;BA-70
;71;STERLITAMAKSKY AREA;BA-71
;72;TATYSHLINSKY AREA;BA-72
;73;TUYMAZINSKY AREA / incl. TUYMAZY /;BA-73
;74;UFIMSKY AREA;BA-74
;75;UCHALINSKY AREA / incl. UChALY/;BA-75
;76;FEDOROVSKY AREA;BA-76
;77;HAYBULLINSKY AREA;BA-77
;78;CHEKMAGUSHEVSKY AREA;BA-78
;79;CHISHMINSKY AREA;BA-79
;80;SHARANSKY AREA;BA-80
;81;YANAULSKY AREA / incl. YaNAUL/;BA-81
BO;;Belgorodskaya oblast   (BO)   UA3Z;
;1;VOSTOCHNY DISTRICT of BELGOROD;BO-01
;2;ZAPADNY DISTRICT of BELGOROD;BO-02
;5;GUBKINSKY DISTRICT;BO-05
;6;STARY OSKOL DISTRICT;BO-06
;8;ALEXEYEVSKY DISTRICT / incl. ALEKSEYEVKA /;BO-08
;9;BELGORODSKY AREA;BO-09
;10;BORISOVSKY AREA;BO-10
;11;VALUYSKY AREA / incl. VALUYKI/;BO-11
;12;VEYDELEVSKY AREA;BO-12
;13;VOLOKONOVSKY AREA;BO-13
;14;GRAYVORONSKY AREA / incl. GRAYVORON/;BO-14
;16;IVNYANSKY AREA;BO-16
;17;KOROCHANSKY AREA / incl. KOROChA/;BO-17
;18;KRASNENSKY AREA;BO-18
;19;KRASNOGVARDEISKY DISTRICT;BO-19
;20;KRASNOYARUZHSKY AREA;BO-20
;21;NOVOOSKOLSKY AREA / incl. New OSKOL /;BO-21
;22;PROHOROV'S AREA;BO-22
;23;RAKITYANSKY AREA;BO-23
;24;ROVENSKY AREA;BO-24
;26;CHERNYANSKY AREA;BO-26
;27;SHEBEKINSKY AREA / incl. ShEBEKINO/;BO-27
;28;YAKOVLEVSKY AREA;BO-28
BR;;Bryanskaya oblast   (BR)   UA3Y;
;1;BEZHITSKY DISTRICT of BRYANSK;BR-01
;2;VOLODARSKY DISTRICT of BRYANSK;BR-02
;3;SOVETSKY DISTRICT of BRYANSK;BR-03
;4;FOKINSKY DISTRICT of BRYANSK;BR-04
;6;KLINTSY;BR-06
;7;NOVOZYBKOV;BR-07
;8;SELTSO;BR-08
;9;BRASOVSKY AREA;BR-09
;10;BRYANSKY AREA;BR-10
;11;VYGONICHSKY AREA;BR-11
;12;GORDEEVSKY AREA;BR-12
;13;DUBROVSKY AREA;BR-13
;14;DYATKOVSKY AREA / incl. DYaTKOVO/;BR-14
;15;ZHIRYATINSKY AREA;BR-15
;16;ZHUKOVSKY AREA / incl. ZHUKOVKA /;BR-16
;17;ZLYNKOVSKY AREA / incl. ZLYNKA/;BR-17
;18;KARACHEVSKY AREA / incl. KARAChEV/;BR-18
;19;KLETNYANSKY AREA;BR-19
;20;KLIMOVSKY AREA;BR-20
;21;KLINTSOVSKY AREA;BR-21
;22;KOMARICHSKY AREA;BR-22
;23;KRASNOGORSKY AREA;BR-23
;24;MGLINSKY AREA / incl. MGLIN/;BR-24
;25;NAVLINSKY AREA;BR-25
;26;NOVOZYBKOVSKY AREA;BR-26
;27;POGARSKY AREA;BR-27
;28;POCHEPSKY AREA / incl. POChEP/;BR-28
;29;ROGNEDINSKY AREA;BR-29
;30;SEVSKY AREA / incl. CEBCK/;BR-30
;31;STARODUBSKY AREA;BR-31
;32;SUZEMSKY AREA;BR-32
;33;SURAZHSKY AREA / incl. SURAZh/;BR-33
;34;TRUBCHEVSKY AREA / incl. TRUBChEVSK/;BR-34
;35;UNECHSKY AREA / incl. UNEChA/;BR-35
;36;STARODUB;BR-36
;37;FOKINO;BR-37
BU;;Republic of Buryatia   (BU)   UA0O;
;1;ZHELEZNODOROZHNY DISTRICT of ULAN-UDE;BU-01
;2;OKTYABRSKY DISTRICT of ULAN-UDE;BU-02
;3;SOVETSKY DISTRICT of ULAN-UDE;BU-03
;4;SEVEROBAYKALSK;BU-04
;5;BARGUZINSKY AREA;BU-05
;6;BAUNTOVSKY AREA;BU-06
;7;BICHURSKY AREA;BU-07
;8;DZHIDINSKY AREA;BU-08
;9;ERAVNINSKY AREA;BU-09
;10;ZAIGRAYEVSKY AREA;BU-10
;11;ZAKAMENSKY AREA / incl. ZAKAMENSK/;BU-11
;12;IVOLGINSKY AREA;BU-12
;13;KABANSKY AREA / incl. Grandmother's /;BU-13
;14;KIZHINGINSKY AREA;BU-14
;15;KURUMKANSKY AREA;BU-15
;16;KYAKHTINSKY DISTRICT / incl. KYAKHTA /;BU-16
;17;MUYSKY AREA;BU-17
;18;OKINSKY AREA;BU-18
;19;PRIBAYKALSKY AREA;BU-19
;20;SEVERO-BAIKAL`SKY AREA;BU-20
;21;SELENGINSKY AREA / incl. GUSINOOZERSK/;BU-21
;22;TARBAGATAYSKY AREA;BU-22
;23;TUNKINSKY AREA;BU-23
;24;HORINSKY AREA;BU-24
;25;MUKHORSHIBIRSKY AREA;BU-25
CB;;Chelyabinskaya oblast   (CB)   UA9A;
;1;KALININSKY DISTRICT of CHELYABINSK;CB-01
;2;KURCHATOVSKY DISTRICT of CHELYABINSK;CB-02
;3;LENINSKY DISTRICT of CHELYABINSK;CB-03
;4;METALLURGICHESKY DISTRICT of CHELYABINSK;CB-04
;5;SOVETSKY DISTRICT of CHELYABINSK;CB-05
;6;TRAKTOROZAVODSKY DISTRICT of CHELYABINSK;CB-06
;7;CENTRALNY DISTRICT of CHELYABINSK;CB-07
;8;LENINSKY DISTRICT of MAGNITOGORSK;CB-08
;9;ORDZHONIKIDZEVSKY DISTRICT of MAGNITOGORSK;CB-09
;10;PRAVOBEREZHNY DISTRICT of MAGNITOGORSK;CB-10
;12;VERHNY UFALEJ;CB-12
;13;EMANZHELINSKY AREA / incl. EMANZhELINSK/;CB-13
;14;ZLATOUST;CB-14
;15;KARABASH;CB-15
;19;KOPEYSK;CB-19
;20;KORKINSKY AREA / incl. KORKINO/;CB-20
;21;KYSHTYM;CB-21
;22;MIASS;CB-22
;23;PLASTOVSKY AREA / incl. PLAST/;CB-23
;25;TROITSK;CB-25
;26;UST-KATAV;CB-26
;27;TCHEBARKUL;CB-27
;28;YUZHNOURALSK;CB-28
;29;ZATO SNEZHINSK;CB-29
;30;ZATO TREHGORNY;CB-30
;31;ZATO OZERSK;CB-31
;32;AGAPOVSKY AREA;CB-32
;33;ARGAYASHSKY AREA;CB-33
;34;ASHINSKY AREA / incl. AShA;CB-34
;35;BREDINSKY AREA;CB-35
;36;VARNENSKY AREA;CB-36
;37;VERKHNEURALSKY AREA / incl. VERHNEURALSK/;CB-37
;38;ETKULSKY AREA;CB-38
;39;KARTALINSKY AREA / incl. KARTALY/;CB-39
;40;KASLINSKY AREA / incl. KASLI/;CB-40
;41;KATAV-IVANOVSKIY AREA / incl. KATAV-IVANOVSK;CB-41
;42;KIZILSKY AREA;CB-42
;43;KRASNOARMEISKY AREA;CB-43
;44;KUNASHAKSKY AREA;CB-44
;45;KUSINSKY AREA / incl. KUSA /;CB-45
;46;NAGAYBAKSKY AREA;CB-46
;47;NYAZEPETROVSKY AREA / incl. NYaZEPETROVSK/;CB-47
;48;OKTYABRSKY AREA;CB-48
;49;SATKINSKY AREA / incl. SATKA;CB-49
;50;SOSNOVSKY AREA;CB-50
;51;TROITSK AREA;CB-51
;52;UVELSKY AREA;CB-52
;53;UYSKY AREA;CB-53
;54;CHEBARKULSKY AREA;CB-54
;55;CHESMENSKY AREA;CB-55
;56;ZATO LOCOMOTIVNYJ ;CB-56
CK;;Chukotka Autonomous Okrug   (CK)   UA0K;
;1;ANADYR;CK-01
;2;ANADYRSKY AREA;CK-02
;4;BILIBINSKY AREA / incl. BILIBINO /;CK-04
;5;IULTINSKY AREA;CK-05
;6;PROVIDENSKY AREA;CK-06
;7;CHAUNSKY AREA / incl. PEVEK/;CK-07
;8;CHUKOTSKY AREA;CK-08
CN;;Republic Chechnya   (CN)   UA6P;
;1;ZAVODSKOY DISTRICT of. GROZNY;CN-01
;2;LENINSKY DISTRICT of. GROZNY;CN-02
;3;OKTYABRSKY DISTRICT of. GROZNY;CN-03
;4;STAROPROMYSLOVSKY AREA of. GROZNY;CN-04
;6;ARGUN;CN-06
;10;SUNZHENSKY AREA;CN-10
;11;ACHHOY-MARTANOVSKIY AREA;CN-11
;12;VEDENSKY AREA;CN-12
;13;GROZNENSKY AREA;CN-13
;14;GUDERMESSKY AREA / incl. GUDERMES /;CN-14
;15;ITUM-KALINSKIY AREA;CN-15
;16;KURCHALOYEVSKY AREA;CN-16
;17;NADTERECHNY AREA;CN-17
;18;NAURSKY AREA;CN-18
;19;NOZHAY-YURTOVSKIY AREA;CN-19
;20;URUS-MARTANOVSKIY AREA / incl. URUS-MARTAN/;CN-20
;21;SHATOYSKY AREA;CN-21
;22;SHALINSKY AREA / incl. Shawls /;CN-22
;23;SHAROYSKY AREA;CN-23
;24;SHCHELKOVSKOJ AREA;CN-24
CU;;Republic of Chuvashia   (CU)   UA4Y;
;1;KALININSKY DISTRICT CHEBOKSARY;CU-01
;2;LENINSKY DISTRICT CHEBOKSARY;CU-02
;3;MOSKOVSKY DISTRICT CHEBOKSARY;CU-03
;4;ALATYR;CU-04
;5;KANASH;CU-05
;6;NOVOCHEBOKSARSK;CU-06
;7;SHUMERLYA;CU-07
;8;ALATYRSKY AREA;CU-08
;9;ALIKOVSKY AREA;CU-09
;10;BATYREVSKY AREA;CU-10
;11;VURNARSKY AREA;CU-11
;12;IBRESINSKY AREA;CU-12
;13;KANASHSKY AREA;CU-13
;14;KOZLOWSKI AREA / incl. KOZLOVKA/;CU-14
;15;KOMSOMOLSKY AREA;CU-15
;16;KRASNOARMEISKY DISTRICT;CU-16
;17;KRASNOCHETAYSKY AREA;CU-17
;18;MARIINSKO-POSADSKY AREA / incl. MARIINSKY POSAD/;CU-18
;19;MORGAUSHSKY AREA;CU-19
;20;PORETSKY AREA;CU-20
;21;URMARSKY AREA;CU-21
;22;TSIVILSKY AREA / incl. TsIVILSK/;CU-22
;23;CHEBOKSARY AREA;CU-23
;24;SHEMURSHINSKY AREA;CU-24
;25;SHUMERLINSKY AREA;CU-25
;26;YADRINSKY AREA / incl. YaDRIN/;CU-26
;27;YALCHIKSKY AREA;CU-27
;28;YANTIKOVSKY AREA;CU-28
DA;;Republic of Daghestan   (DA)   UA6W;
;1;KIROVSKY DISTRICT of MAKHACHKALA;DA-01
;2;LENINSKY DISTRICT of MAKHACHKALA;DA-02
;3;SOVETSKY DISTRICT of MAKHACHKALA;DA-03
;4;BUINAKSK;DA-04
;5;DAGESTANSKIE OGNI;DA-05
;6;DERBENT;DA-06
;7;IZBERBASH;DA-07
;8;KASPIYSK;DA-08
;9;KIZILYURT;DA-09
;10;KIZLYAR;DA-10
;11;KHASAVYURT;DA-11
;12;JUZHNO-SUHOKUMSK;DA-12
;13;AGUL`SKY AREA  ;DA-13
;14;AKUSHINSKY AREA  ;DA-14
;15;AKHVAKHSKY AREA;DA-15
;16;AKHTYNSKY AREA;DA-16
;17;BABAYURTOVSKY AREA;DA-17
;18;BOTLIKHSKY AREA;DA-18
;19;BUINAKSKY AREA;DA-19
;20;GERGEBILSKY AREA;DA-20
;21;GUMBETOVSKY AREA;DA-21
;22;GUNIBSKY AREA;DA-22
;23;DAKHADAYEVSKY AREA  ;DA-23
;24;DERBENTSKY AREA;DA-24
;25;DOKUZPARINSKY AREA;DA-25
;26;KAZBEKOVSKY AREA;DA-26
;27;KAITAGSKY AREA;DA-27
;28;KAYAKENTSKY AREA;DA-28
;29;KIZILYURTOVSKY AREA;DA-29
;30;KIZLYARSKY AREA;DA-30
;31;KULINSKY AREA  ;DA-31
;32;KURAKHSKY AREA;DA-32
;33;LAKSKY AREA  ;DA-33
;34;LEVASHINSKY AREA;DA-34
;35;KARABUDAKHKENTSKY AREA;DA-35
;36;KUMTORKALINSKY AREA;DA-36
;37;MAGARAMKENTSKY AREA;DA-37
;38;NOVOLAKSKY AREA;DA-38
;39;NOGAISKY AREA;DA-39
;40;RUTULSKY AREA;DA-40
;41;SERGOKALINSKY AREA;DA-41
;42;SOULIEYMAN-STAL`SKY AREA;DA-42
;43;TABASARANSKY AREA;DA-43
;44;TARUMOVSKY AREA;DA-44
;45;TLYARATINSKY AREA;DA-45
;46;UNTSUKULSKY AREA;DA-46
;47;KHASAVYURTOVSKY AREA;DA-47
;48;HIVSKY AREA;DA-48
;49;HUNZAKHSKY AREA;DA-49
;50;TSUMADINSKY AREA;DA-50
;51;TSUNTINSKY AREA;DA-51
;52;CHARODINSKY AREA;DA-52
;53;SHAMILSKY AREA  ;DA-53
EA;;Yevreyskaya Autonomous Oblast   (EA)   UA0D;
;1;BIROBIDZHAN;EA-01
;2;BIROBIDZHANSKY AREA;EA-02
;3;LENINSKY AREA;EA-03
;4;OBLUCHENSKY AREA / incl. OBLUChE/;EA-04
;5;OKTYABRSKY AREA;EA-05
;6;SMIDOVICHSKY AREA;EA-06
GA;;Republic Gorny Altay   (GA)   UA9Z;
;1;GORNO-ALTAISK;GA-01
;2;KOSH-AGACHSKIY AREA;GA-02
;3;MAYMINSKY AREA;GA-03
;4;ONGUDAYSKY AREA;GA-04
;5;TUROCHAKSKY AREA;GA-05
;6;ULAGANSKY AREA;GA-06
;7;UST-KANSKIY AREA;GA-07
;8;UST-KOKSINSKIY AREA;GA-08
;9;CHEMALSKY AREA;GA-09
;10;CHOYSKY AREA;GA-10
;11;SHEBALINSKY AREA;GA-11
HA;;Republic of Khakassia   (HA)   UA0W;
;1;ABAKAN;HA-01
;2;SAYANOGORSK;HA-02
;3;CHERNOGORSK;HA-03
;4;ALTAISKY AREA;HA-04
;5;ASKIZSKY AREA;HA-05
;6;BIYSKY AREA;HA-06
;7;BOGRADSKY AREA;HA-07
;8;ORDZHONIKIDZEVSKY AREA;HA-08
;9;TASHTYPSKY AREA;HA-09
;10;UST-ABAKANSKIY AREA;HA-10
;11;SHIRINSKY AREA;HA-11
;12;ABAZA;HA-12
;13;SORSK;HA-13
HK;;Khabarovsky Kraj   (HK)   UA0C;
;1;ZHELEZNODOROZHNY DISTRICT of KHABAROVSK;HK-01
;2;INDUSTRIALNY DISTRICT of KHABAROVSK;HK-02
;3;KIROVSKY DISTRICT of KHABAROVSK;HK-03
;4;KRASNOFLOTSKY DISTRICT of KHABAROVSK;HK-04
;5;CENTRALNY DISTRICT of KHABAROVSK;HK-05
;6;LENINSKY DISTRICT of KOMSOMOLSK-ON-AMUR;HK-06
;7;CENTRALNY DISTRICT of KOMSOMOLSK-ON-AMUR;HK-07
;8;AMURSK;HK-08
;9;BIKIN;HK-09
;10;NIKOLAEVSK-NA-AMURE;HK-10
;11;SOVETSKAYA GAVAN;HK-11
;12;AMURSKY AREA;HK-12
;13;AYANO-MAYSKIY AREA;HK-13
;14;BIKINSKY AREA;HK-14
;15;VANINSKY AREA;HK-15
;16;VERKHNEBUREINSKY AREA;HK-16
;17;VYAZEMSKY AREA / incl. VYAZEMSKY /;HK-17
;18;KOMSOMOLSKY AREA;HK-18
;19;LAZO AREA;HK-19
;20;NANAJSKY AREA;HK-20
;21;NIKOLAEVSKY AREA;HK-21
;22;OKHOTSKY AREA / incl. OKHOTCK/;HK-22
;23;POLINY OSIPENKO AREA;HK-23
;24;SOVIETSKO-HAVANSKY AREA;HK-24
;25;SOLNECHNY AREA;HK-25
;26;TUGURO-CHUMIKANSKIY AREA;HK-26
;27;UL`CHSKY AREA;HK-27
;28;KHABAROVSKY AREA;HK-28
HM;;Khanty-Mansyisky Autonomous Okrug   (HM)   UA9J;
;1;KHANTY-MANSIYSK;HM-01
;3;KOGALYM;HM-03
;4;LANGEPAS;HM-04
;5;MEGION;HM-05
;6;NEFTEYUGANSK;HM-06
;7;NIZHNEVARTOVSK;HM-07
;8;NYAGAN;HM-08
;9;POKACHI;HM-09
;10;PYT-YAKH;HM-10
;11;RADUZHNY;HM-11
;12;SURGUT;HM-12
;13;URAJ;HM-13
;14;YUGORSK;HM-14
;15;BELOYARSKY AREA / incl. Beloyarsk /;HM-15
;16;BEREZOVSKY AREA;HM-16
;17;KONDINSKY AREA;HM-17
;18;NEFTEYUGANSKY AREA;HM-18
;19;NIZHNEVARTOVSKY AREA;HM-19
;20;OKTYABRSKY AREA;HM-20
;21;SOVETSKY AREA  / incl. SOVIETSKY /;HM-21
;22;SURGUTSKY AREA / incl. LYaNTOR/;HM-22
;23;KHANTY-MANSIJSKY AREA;HM-23
IN;;Republic of Ingushetia   (IN)   UA6Q;
;1;MAGAS;IN-01
;2;KARABULAK;IN-02
;3;NAZRAN;IN-03
;4;MALGOBEK;IN-04
;5;DZHAYRAKHSKY AREA;IN-05
;6;MALGOBEKSKY AREA;IN-06
;7;NAZRANSKY AREA ;IN-07
;8;SUNZHENSKY AREA;IN-08
IR;;Irkutskaya oblast   (IR)   UA0S;
;1;LENINSKY DISTRICT of IRKUTSK;IR-01
;2;OKTIABRSKY DISTRICT of IRKUTSK;IR-02
;3;PRAVOBEREZHNY DISTRICT of IRKUTSK;IR-03
;4;SVERDLOVSKY DISTRICT of IRKUTSK;IR-04
;5;PADUNSKY DISTRICT of BRATSK;IR-05
;6;CENTRALNY DISTRICT of BRATSK;IR-06
;9;ZIMA;IR-09
;11;SAYANSK;IR-11
;13;TULUN;IR-13
;14;USOLYE-SIBIRSKOYE;IR-14
;15;UST-ILIMSK;IR-15
;17;CHEREMKHOVO;IR-17
;19;ZALARINSKY AREA;IR-19
;20;ANGARSKY AREA / incl. ANGARSK /;IR-20
;21;BALAGANSKY AREA;IR-21
;22;BODAYBINSKY AREA / incl. BODAIBO /;IR-22
;23;BRATSKY AREA / incl. VIHOREVKA/;IR-23
;24;ZHIGALOVSKY AREA;IR-24
;25;ZIMINSKY AREA;IR-25
;26;IRKUTSKY AREA;IR-26
;27;KAZACHINSKO-LENSKIY AREA;IR-27
;28;KATANGSKY AREA;IR-28
;29;KACHUGSKY AREA;IR-29
;30;KIRENSKY AREA / incl. KIRENSK/;IR-30
;31;KUYTUNSKY AREA;IR-31
;32;MAMSKO-CHUYSKIY AREA;IR-32
;33;NIZHNEILIMSKY AREA / incl. ZHELEZNOGORSK-ILIMSKIY/;IR-33
;34;NIZHNEUDINSK AREA / incl. NIZHNEUDINSK;IR-34
;35;OLKHONSKY AREA;IR-35
;36;SLYUDYANSKY AREA / incl. SLYUDYANKA;IR-36
;37;TAYSHETSKY AREA / incl. TAYSHET;IR-37
;38;TULUNSKY AREA;IR-38
;39;USOLSKY AREA;IR-39
;40;UST-ILIMSKY AREA;IR-40
;41;UST-KUTSKIY AREA / incl. UST-KUT/;IR-41
;42;UST-UDINSKIY AREA;IR-42
;43;CHEREMKHOVSKY AREA;IR-43
;44;CHUNSKY AREA;IR-44
;45;SHELEKHOVSKY AREA / incl. ShELEHOV/;IR-45
;46;PRAVOBEREZHNY DISTRICT of BRATSK;IR-46
;47;SVIRSK;IR-47
;48;ALARSKY AREA;IR-48
;49;BAYANDAYEVSKY AREA;IR-49
;50;BOKHANSKY AREA;IR-50
;51;NUKUTSKY AREA;IR-51
;52;OSINSKY AREA;IR-52
;53;EHIRIT-BULAGATSKIY AREA;IR-53
IV;;Ivanovskaya oblast   (IV)   UA3U;
;1;LENINSKY DISTRICT of IVANOVO;IV-01
;2;OKTYABRSKY DISTRICT of IVANOVO;IV-02
;3;SOVETSKY DISTRICT of IVANOVO;IV-03
;4;FRUNZENSKY DISTRICT of IVANOVO;IV-04
;5;VICHUGA;IV-05
;6;KINESHMA;IV-06
;7;TEYKOVO;IV-07
;9;SHUYA;IV-09
;10;VERKHNELANDEKHOVSKY AREA;IV-10
;11;VICHUGSKY AREA;IV-11
;12;GAVRILOVO-POSADSKIY AREA / incl. GAVRILOV POSAD/;IV-12
;13;ZAVOLZHYE AREA / incl. ZAVOLZhSK/;IV-13
;14;IVANOVSKY AREA;IV-14
;15;ILYINSKY AREA;IV-15
;16;KINESHMA AREA / incl. NAVOLOKI/;IV-16
;17;KOMSOMOL`SKY / incl. KOMSOMOLSK /;IV-17
;18;LEZHNEVSKY AREA;IV-18
;19;LUKHSKY AREA;IV-19
;20;PALEKHSKY AREA;IV-20
;21;PESTYAKOVSKY AREA;IV-21
;22;PRIVOLZHSKY AREA / incl. PLES;IV-22
;23;PUCHEZHSKY AREA / incl. PUChEZh/;IV-23
;24;RODNIKOVSKY AREA / incl. RODNIKI /;IV-24
;25;SAVINSKY AREA;IV-25
;26;TEYKOVSKY AREA;IV-26
;27;FURMANOVSKY AREA / incl. FURMANOV /;IV-27
;28;SHUYSKY AREA;IV-28
;29;YUZHSKIY AREA / incl. YuZhA/;IV-29
;30;YURYEVETSKY AREA / incl. YURYEVETS /;IV-30
;31;KOHMA;IV-31
KA;;Kaliningradskaya oblast   (KA)   UA2F;
;2;LENINGRADSKY DISTRICT of KALININGRAD;KA-02
;3;MOSKOVSKY DISTRICT of KALININGRAD;KA-03
;5;CENTRALNY DISTRICT of KALININGRAD;KA-05
;6;BALTIYSKY AREA / incl. BALTIYSK;KA-06
;7;PIONERSKY CITY DISTRICT;KA-07
;8;SVETLOGORSK AREA / incl. SVETLOGORSK /;KA-08
;9;SVETLOVSKY CITY DISTRICT;KA-09
;10;SOVIETSKY CITY DISTRICT;KA-10
;11;BAGRATIONOVSKY AREA / incl. BAGRATIONOVSK/;KA-11
;12;GVARDEISKY CITY DISTRICT;KA-12
;13;GURYEVSKY CITY DISTRICT;KA-13
;14;GUSEVSKY CITY DISTRICT;KA-14
;15;ZELENOGRADSKY AREA / incl. ZELENOGRADSK /;KA-15
;16;KRASNOZNAMENSKY AREA / incl. KRASNOZNAMENSK /;KA-16
;17;NEMANSKY AREA / incl. NEMAN /;KA-17
;18;NESTEROVSKY AREA / incl. NESTEROV /;KA-18
;19;OZYORSK CITY DISTRICT;KA-19
;20;POLESYE AREA / incl. POLESSK/;KA-20
;21;PRAVDINSKY AREA / incl. PRAVDINSK/;KA-21
;22;SLAVSKY AREA / incl. SLAVSK/;KA-22
;23;CHERNYAKHOVSKY AREA / incl. CHERNYAKHOVSK /;KA-23
;24;LADUSHKINSKY CITY DISTRICT;KA-24
;25;MAMONOVSKY CITY DISTRICT;KA-25
;26;YANTARNY CITY DISTRICT;KA-26
KB;;Republic of Kabardino-Balkaria   (KB)   UA6X;
;1;NALCHIK;KB-01
;2;BAKSANSKY AREA;KB-02
;3;ZOLSKY AREA;KB-03
;4;MAJSKY AREA / incl. MAJSKY /;KB-04
;5;PROKHLADNENSKY AREA;KB-05
;6;TERSKY AREA / incl. TEREK /;KB-06
;7;URVANSKY AREA / incl. NARTKALA/;KB-07
;8;CHEGEMSKY AREA;KB-08
;9;CHEREKSKY AREA;KB-09
;10;ELBRUSSKY AREA / incl. TYRNYAUZ/;KB-10
;11;LESKENSKY AREA;KB-11
;12;BAKSAN;KB-12
;13;PROKHLADNY;KB-13
KC;;Republic of Karachaevo-Cherkessia   (KC)   UA6E;
;1;CHERKESSK;KC-01
;2;KARAChAEVSK / incl. TEBERDA/;KC-02
;3;ADYGE-HABLSKIY AREA;KC-03
;4;ZELENCHUKSKY AREA;KC-04
;5;KARACHAEVSKY AREA;KC-05
;6;MALOKARACHAEVSKY AREA;KC-06
;7;PRIKUBANSKY AREA;KC-07
;8;URUPSKY AREA;KC-08
;9;UST-DZhEGUTINSKIY AREA / incl. UST-DZhEGUTA/;KC-09
;10;HABEZSKY AREA;KC-10
;11;ABAZINSKY AREA;KC-11
;12;NOGAISKY AREA;KC-12
KE;;Kemerovskaya oblast   (KE)   UA9U;
;1;ZAVODSKOJ DISTRICT of KEMEROVO;KE-01
;2;KIROVSKY DISTRICT of KEMEROVO;KE-02
;3;LENINSKY DISTRICT of KEMEROVO;KE-03
;4;RUDNICHNY DISTRICT of KEMEROVO;KE-04
;5;CENTRALNY DISTRICT of KEMEROVO;KE-05
;6;ZAVODSKY DISTRICT of NOVOKUZNETSK;KE-06
;7;KUZNETSKY DISTRICT of NOVOKUZNETSK;KE-07
;8;KUIBYSHEVSKY DISTRICT of NOVOKUZNETSK;KE-08
;9;ORDZHONIKIDZEVSKY DISTRICT of NOVOKUZNETSK;KE-09
;10;CENTRALNY DISTRICT of NOVOKUZNETSK;KE-10
;11;ZENKOVSKY DISTRICT of PROKOPEVSK;KE-11
;12;RUDNICHNY DISTRICT of PROKOPEVSK;KE-12
;13;CENTRALNY DISTRICT of PROKOPEVSK;KE-13
;14;ANZHERO-SUDZHENSK;KE-14
;15;BELOVO;KE-15
;16;BEREZOVSKY;KE-16
;18;KALTAN;KE-18
;19;KISELEVSK;KE-19
;20;LENINSK-KUZNETSKIY;KE-20
;21;KRASNOBRODSKY DISTRICT;KE-21
;22;MEZHDURECHENSKY DISTRICT;KE-22
;23;MYSKI;KE-23
;24;OSINNIKI;KE-24
;25;TAIGA;KE-25
;27;POLYSAYEVO;KE-27
;28;YURGA;KE-28
;29;BELOVSKY AREA;KE-29
;30;GURYEVSKY AREA / incl. GUREVSK;KE-30
;31;IZHMORSKY AREA;KE-31
;32;KEMEROVSKY AREA;KE-32
;33;KRAPIVINSKY AREA;KE-33
;34;LENINSK-KUZNETSKIY AREA;KE-34
;35;MARIINSKY AREA;KE-35
;37;NOVOKUZNETSKY AREA;KE-37
;38;PROKOPYEVSKY AREA;KE-38
;39;PROMYSHLENNOVSKY AREA;KE-39
;40;TASHTAGOLSKY AREA / incl. G.TAShTAGOL /;KE-40
;41;TISULSKY AREA;KE-41
;42;TOPKINSKY AREA;KE-42
;43;TYAZHINSKY AREA;KE-43
;44;CHEBULINSKY AREA;KE-44
;45;YURGINSKY AREA;KE-45
;46;JAJSKY AREA;KE-46
;47;YASHKINSKY AREA;KE-47
;48;NOVOILYINSKY DISTRICT of NOVOKUZNETSK;KE-48
;49;LESNAJA POLYANA of KEMEROVO;KE-49
;50;KEDROVKA And PROMYSHLENNOVSKY DISTRICT of KEMEROVO;KE-50
;51;YaGUNOVSKIY AND PIONER DISTRICT KEMEROVO;KE-51
KG;;Kaluzhskaya oblast   (KG)   UA3X;
;1;LENINSKY DISTRICT of KALUGA;KG-01
;2;MOSKOVSKY DISTRICT of KALUGA;KG-02
;3;OKTYABRSKY DISTRICT of KALUGA;KG-03
;5;LYUDINOVO ;KG-05
;6;OBNINSK;KG-06
;7;BABYNINSKY AREA;KG-07
;8;BARYATINSKY AREA;KG-08
;9;BOROVSKY AREA / incl. BOROVSK /;KG-09
;10;DZERZHINSKY DISTRICT / incl. KONDROVO/;KG-10
;11;DUMINICHSKY AREA;KG-11
;12;ZHIZDRINSKY AREA / incl. ZhIZDRA/;KG-12
;13;ZHUKOVSKY AREA / incl. Bugs /;KG-13
;14;IZNOSKOVSKY AREA;KG-14
;15;CITY OF KIROV AND KIROVSKY DISTRICT;KG-15
;16;KOZELSKY AREA / incl. KOZELSK;KG-16
;17;KUIBYSHEVSKY DISTRICT;KG-17
;18;LYUDINOVSKY AREA;KG-18
;19;MALOYAROSLAVETSKY AREA / incl. MALOYAROSLAVETS /;KG-19
;20;MEDYNSKY AREA / incl. MEDYN/;KG-20
;21;MESHCHOVSKY AREA / incl. MEShchOVSK/;KG-21
;22;MOSALSKY AREA / incl. MOSALSK/;KG-22
;23;PEREMYSHLSKY AREA;KG-23
;24;SPAS-DEMENSKIY AREA / incl. SPAS-DEMENSK/;KG-24
;25;SUKHINICHSKY AREA / incl. SUHINIChI/;KG-25
;26;TARUSSKY AREA / incl. TARUSA/;KG-26
;27;ULYANOVSKY AREA;KG-27
;28;FERZIKOVSKY AREA;KG-28
;29;HVASTOVICHSKY AREA;KG-29
;30;YUKHNOVSKY AREA / incl. YuHNOV/;KG-30
;31;BALABANOVO;KG-31
KI;;Kirovskaya oblast   (KI)   UA4N;
;1;LENINSKY DISTRICT of KIROV;KI-01
;2;NOVOVJATSKY DISTRICT of KIROV;KI-02
;3;OKTYABRSKY DISTRICT of KIROV;KI-03
;4;PERVOMAJSKY DISTRICT of KIROV;KI-04
;5;VJATSKIJE POLYANY;KI-05
;6;KIROVO-CHEPETSK;KI-06
;7;KOTELNICH;KI-07
;8;SLOBODSKOJ;KI-08
;9;ARBAZHSKY AREA;KI-09
;10;AFANASYEVSKY AREA;KI-10
;11;BELOKHOLUNITSKY AREA / incl. BELAJA KHOLUNITSA/;KI-11
;12;BOGORODSKY AREA;KI-12
;13;VERKHNEKAMSKY AREA / incl. KIRS/;KI-13
;14;VERKHOSHIZHEMSKY AREA;KI-14
;15;VYATSKOPOLYANSKY AREA / incl. SOSNOVKA /;KI-15
;16;DAROVSKY AREA;KI-16
;17;ZUYEVSKY AREA / incl. ZUEVKA/;KI-17
;18;KIKNURSKY AREA;KI-18
;19;KILMEZSKY AREA;KI-19
;20;KIROVO-CHEPETSKY AREA;KI-20
;21;KOTELNICHSKY AREA;KI-21
;22;KUMENSKY AREA;KI-22
;23;LEBYAZHSKY AREA;KI-23
;24;LUZSKY AREA / incl. LUZA /;KI-24
;25;MALMYZHSKY AREA / incl. MALMYZh/;KI-25
;26;MURASHINSKY AREA / incl. MURAShI/;KI-26
;27;NAGORSKY AREA;KI-27
;28;NEMSKY AREA;KI-28
;29;NOLINSKY AREA / incl. NOLINSK/;KI-29
;30;OMUTNINSKY AREA / incl. OMUTNINSK/;KI-30
;31;OPARINSKY AREA;KI-31
;32;ORICHEVSKY AREA;KI-32
;33;ORLOVSKY AREA / incl. ORLOV /;KI-33
;34;PIZHANSKY AREA;KI-34
;35;PODOSINOVSKY AREA;KI-35
;36;SANCHURSKY AREA;KI-36
;37;SVECHINSKY AREA;KI-37
;38;SLOBODSKOJ AREA;KI-38
;39;SOVETSKY AREA  / incl. SOVETSK/;KI-39
;40;SUNSKY AREA;KI-40
;41;TUZHINSKY AREA;KI-41
;42;UNINSKY AREA;KI-42
;43;URZHUMSKY AREA / incl. URZhUM/;KI-43
;44;FALENSKY AREA;KI-44
;45;SHABALINSKY AREA;KI-45
;46;YURYANSKY AREA;KI-46
;47;YARANSKY AREA / incl. YaRANSK/;KI-47
;48;ZATO PERVOMAJSKY;KI-48
KK;;Krasnoyarsk Kraj   (KK)   UA0A;
;1;ZHELEZNODOROZHNY DISTRICT of KRASNOYARSK;KK-01
;2;KIROVSKY DISTRICT of KRASNOYARSK;KK-02
;3;LENINSKY DISTRICT of KRASNOYARSK;KK-03
;4;OKTYABRSKY DISTRICT of KRASNOYARSK;KK-04
;5;SVERDLOVSKY DISTRICT of KRASNOYARSK;KK-05
;6;SOVETSKY DISTRICT of KRASNOYARSK;KK-06
;7;CENTRALNY DISTRICT of KRASNOYARSK;KK-07
;8;ACHINSK;KK-08
;9;BOGOTOL;KK-09
;10;BORODINO;KK-10
;11;DIVNOGORSK;KK-11
;12;YENISEISK;KK-12
;15;KANSK;KK-15
;16;LESOSIBIRSK;KK-16
;17;MINUSINSK;KK-17
;18;NAZAROVO;KK-18
;19;SOSNOVOBORSK;KK-19
;20;SHARYPOVO;KK-20
;21;ZATO ZHELEZNOGORSK;KK-21
;22;ZATO ZELENOGORSK;KK-22
;23;ABANSKY AREA;KK-23
;24;ACHINSKY AREA;KK-24
;25;BALAKHTINSKY AREA;KK-25
;26;BEREZOVSKY AREA;KK-26
;27;BIRILYUSSKY AREA;KK-27
;28;BOGOTOLSKY AREA;KK-28
;29;BOGUCHANSKY AREA;KK-29
;30;BOLSHEMURTINSKY AREA;KK-30
;31;BOLSHEULUYSKY AREA;KK-31
;32;DZERZHINSKY AREA;KK-32
;33;EMELYANOVSKY AREA;KK-33
;34;YENISEISKY AREA;KK-34
;35;YERMAKOVSKY AREA;KK-35
;36;IDRINSKY AREA;KK-36
;37;ILANSKY AREA / incl. ILANSKIY/;KK-37
;38;IRBEYSKY AREA;KK-38
;39;KAZACHINSKY AREA;KK-39
;40;KANSKY AREA;KK-40
;41;KARATUZSKY AREA;KK-41
;42;KEZHEMSKY AREA / incl. KODINSKIY/;KK-42
;43;KOZULSKY AREA;KK-43
;44;KRASNOTURANSKY AREA;KK-44
;45;KURAGINSKY AREA / incl. ARTEMIVSK /;KK-45
;46;MANSKY AREA;KK-46
;47;MINUSINSK AREA;KK-47
;48;MOTYGINSKY AREA;KK-48
;49;NAZAROVSKY AREA;KK-49
;50;NIZHNEINGASHSKY AREA;KK-50
;51;NOVOSELOVSKY AREA;KK-51
;52;PARTIZANSKY AREA;KK-52
;53;PIROVSKY AREA;KK-53
;54;RYBINSKY AREA / incl. ZAOZYORNY /;KK-54
;55;SAYANSKY AREA;KK-55
;56;SEVERO-YENISEISKY AREA;KK-56
;57;SUKHOBUZIMSKY AREA;KK-57
;58;TASEEVSKY AREA;KK-58
;59;TURUKHANSKY AREA / incl. IGARKA /;KK-59
;60;TYUKHTETSKY AREA;KK-60
;61;UZHURSKY AREA / incl. UZhUR/;KK-61
;62;UYARSKY AREA / incl. UYaR/;KK-62
;63;SHARYPOVSKY AREA;KK-63
;64;SHUSHENSKY AREA;KK-64
;65;TAJMYRSKY AREA;KK-65
;66;NORILSK;KK-66
;67;EVENKIJSKY AREA;KK-67
;68;ZATO SOLNECHNY;KK-68
;69;KEDROVY;KK-69
KL;;Republic of Karelia   (KL)   UA1N;
;1;PETROZAVODSK;KL-01
;4;KOSTOMUKSHA;KL-04
;7;SORTAVALSKY AREA / incl. SORTAVALA /;KL-07
;8;BELOMORSKY AREA / incl. BELOMORSK /;KL-08
;10;KALEVALSKY NATIONAL AREA;KL-10
;11;KEMSKY AREA / incl. KEM/;KL-11
;12;KONDOPOZHSKY AREA / incl. KONDOPOGA /;KL-12
;13;LAKHDENPOKHSKY AREA / incl. LAHDENPOHYa/;KL-13
;14;LOUKHSKY AREA;KL-14
;15;MEDVEZHYEGORSKY AREA / incl. MEDVEZHYEGORSK /;KL-15
;16;MUYEZERSKY AREA;KL-16
;17;OLONETSKY AREA / incl. OLONETS /;KL-17
;18;PITKYARANTSKY AREA / incl. PITKYARANTA /;KL-18
;19;PRIONEZHSKY AREA;KL-19
;20;PRYAZHINSKY AREA;KL-20
;21;PUDOZHSKY AREA / incl. PUDOZh/;KL-21
;22;SEGEZHSKY AREA / incl. SEGEZHA /;KL-22
;23;SUOYARVSKY AREA / incl. SUOYaRVI/;KL-23
KM;;Republic of Kalmykia   (KM)   UA6I;
;1;ELISTA;KM-01
;2;GORODOVIKOVSKY AREA / incl. GORODOVIKOVSK/ ;KM-02
;3;IKI-BURULSKIY AREA;KM-03
;4;KETCHENEROVSKY AREA;KM-04
;5;LAGANSKY AREA / incl. LAGAN/;KM-05
;6;MALODERBETOVSKY AREA;KM-06
;7;OKTYABRSKY DISTRICT;KM-07
;8;PRIYUTNENSKY AREA;KM-08
;9;SARPINSKY AREA;KM-09
;10;TSELINNY AREA;KM-10
;11;CHERNOZEMELSKY AREA;KM-11
;12;YUSTINSKY AREA;KM-12
;13;YASHALTINSKY AREA;KM-13
;14;YASHKULSKY AREA;KM-14
KN;;Kurganskaya oblast   (KN)   UA9Q;
;1;KURGAN;KN-01
;2;SHADRINSK;KN-02
;3;ALMENEVSKY AREA;KN-03
;4;BELOZERSKY AREA;KN-04
;5;VARGASHINSKY AREA;KN-05
;6;DALMATOVSKY AREA / incl. DALMATOVO/;KN-06
;7;ZVERINOGOLOVSKY AREA;KN-07
;8;KARGAPOLSKY AREA;KN-08
;9;KATAYSKY AREA / incl. KATAYSK/;KN-09
;10;KETOVSKY AREA;KN-10
;11;KURTAMYSHSKY AREA / incl. KURTAMYSh/;KN-11
;12;LEBYAZHYEVSKY AREA;KN-12
;13;MAKUSHINSKY AREA / incl. MAKUShINO/;KN-13
;14;MISHKINSKY AREA;KN-14
;15;MOKROUSOVSKY AREA;KN-15
;16;PETUKHOVSKY AREA / incl. PETUHOVO/;KN-16
;17;POLOVINSKY AREA;KN-17
;18;PRITOBOLNY AREA;KN-18
;19;SAFAKULEVSKY AREA;KN-19
;20;TSELINNY AREA;KN-20
;21;CHASTOOZERSKY AREA;KN-21
;22;SHATROVSKY AREA;KN-22
;23;SHUMIKHINSKY AREA / incl. Sensation /;KN-23
;24;SHCHUCHANSKY AREA / incl. Pike /;KN-24
;25;YURGAMYSHSKY AREA;KN-25
;26;SHADRINSKY AREA ;KN-26
KO;;Republic of Komi   (KO)   UA9X;
;1;SYKTYVKAR;KO-01
;2;VORKUTA;KO-02
;3;VUKTYLSKY AREA / incl. VUKTYL/;KO-03
;4;INTA;KO-04
;5;PECHORSKY AREA / incl. PECHORA /;KO-05
;6;SOSNOGORSKY AREA / incl. SOSNOGORSK and suburbs /;KO-06
;7;USINSK / incl. suburb /;KO-07
;8;UKHTA;KO-08
;9;IZHEMSKY AREA;KO-09
;10;KNYAZHPOGOSTSKY AREA / incl. EMBA/;KO-10
;11;KOYGORODSKY AREA;KO-11
;12;KORTKEROSSKY AREA;KO-12
;13;PRILUZSKY AREA;KO-13
;14;SYKTYVDINSKY AREA;KO-14
;15;SYSOLSKY AREA;KO-15
;16;TROITSKO-PECHORSKY AREA;KO-16
;17;UDORSKY AREA;KO-17
;18;UST-VYMSKIY AREA / incl. MIKUN/;KO-18
;19;UST-KULOMSKIY AREA;KO-19
;20;UST-TSILEMSKIY AREA;KO-20
KR;;Krasnodarsky Kraj   (KR)   UA6A;
;1;ZAPADNY DISTRICT of KRASNODAR;KR-01
;2;KARASUNSKY DISTRICT of KRASNODAR;KR-02
;3;PRIKUBANSKY DISTRICT of KRASNODAR;KR-03
;4;CENTRALNY DISTRICT of KRASNODAR;KR-04
;5;VOSTOCHNY DISTRICT of NOVOROSSIYSK;KR-05
;6;PRIMORSKY DISTRICT of NOVOROSSIYSK;KR-06
;7;CENTRALNY DISTRICT of NOVOROSSIYSK;KR-07
;8;ADLERSKY DISTRICT OF SOCHI;KR-08
;9;LAZAREVSKY DISTRICT of SOCHI;KR-09
;10;KHOSTINSKY DISTRICT of SOCHI;KR-10
;11;CENTRALNY DISTRICT of SOCHI;KR-11
;12;ANAPA;KR-12
;13;ARMAVIR;KR-13
;15;GELENDZHIK;KR-15
;16;GORJACHIJ KLYUCH;KR-16
;24;ABINSKY AREA / incl. ABINSK/;KR-24
;26;APSHERONSKY AREA / incl. APSHERONSK;KR-26
;27;BELOGLINSKY AREA   ;KR-27
;28;BELORECHENSKY AREA / incl. BELOREChENSK/;KR-28
;29;BRYUKHOVETSKY AREA ;KR-29
;30;VYSELKOVSKY AREA  ;KR-30
;31;GULKEVICHSKY AREA / incl. GULKEVIChI/;KR-31
;32;DINSKOY AREA  ;KR-32
;33;YEYSK AREA / incl. YEYSK /;KR-33
;34;KAVKAZSKY AREA / incl. KROPOTKIN/;KR-34
;35;KALININSKY DISTRICT   ;KR-35
;36;KANEVSKY AREA ;KR-36
;37;KORENOVSKY AREA / incl. KOPEHOBCK/;KR-37
;38;KRASNOARMEISKY AREA;KR-38
;39;KRYLOVSKY AREA;KR-39
;40;KRYMSKY AREA / incl. KRYMSK/;KR-40
;41;KURGANINSKY AREA / incl. KURGANINSK/;KR-41
;42;KUSHCHEVSKY AREA ;KR-42
;43;LABINSKY AREA / incl. LABINSK /;KR-43
;44;LENINGRADSKY AREA;KR-44
;45;MOSTOVSKY AREA ;KR-45
;46;NOVOKUBANSKY AREA / incl. NOVOKUBANSK/;KR-46
;47;NOVOPOKROVSKY AREA ;KR-47
;48;OTRADNENSKY AREA ;KR-48
;49;PAVLOVSKY AREA  ;KR-49
;50;PRIMORSKO-AHTARSKY AREA / incl. PRIMORSKO-AHTARSK/;KR-50
;51;SEVERSKY AREA;KR-51
;52;SLAVYANSKY AREA / incl. SLAVYANSK-NA-KUBANI/;KR-52
;53;STAROMINSKY AREA  ;KR-53
;54;TBILISSKY AREA  ;KR-54
;55;TEMRYUKSKY AREA / incl. TEMRYUK /;KR-55
;56;TIMASHEVSKY AREA / incl. TIMAShEVSK/;KR-56
;57;TIKHORETSKY AREA / incl. TIHORETsK/;KR-57
;58;TUAPSINSKY AREA / incl. TUAPSE /;KR-58
;59;USPENSKY AREA ;KR-59
;60;UST-LABINSKY AREA / incl. UST-LABINSK/;KR-60
;61;SHCHERBINOVSKY AREA;KR-61
;65;NOVOROSSIJSKY DISTRICT of NOVOROSSIYSK;KR-65  
;66;YUZHNY DISTRICT of NOVOROSSIYSK;KR-66
KS;;Kostromskaya oblast   (KS)   UA3N;
;1;KOSTROMA;KS-01
;2;BUJ;KS-02
;3;VOLGORECHENSK;KS-03
;4;GALICH;KS-04
;5;MANTUROVO;KS-05
;6;NEREKHTA;KS-06
;7;NEYA;KS-07
;8;SHAR`JA;KS-08
;9;ANTROPOVSKY AREA;KS-09
;10;BUYSKY AREA;KS-10
;11;VOKHOMSKY AREA;KS-11
;12;GALICHSKY AREA;KS-12
;13;KADYYSKY AREA;KS-13
;14;KOLOGRIVSKY AREA / incl. KOLOGRIV/;KS-14
;15;KOSTROMSKOJ AREA;KS-15
;16;KRASNOSELSKY DISTRICT;KS-16
;17;MAKARYEVSKY AREA / incl. MAKAREV/;KS-17
;18;MANTUROVSKY AREA;KS-18
;19;MEZHEVSKY AREA;KS-19
;20;NEYSKY AREA;KS-20
;21;NEREKHTSKY AREA;KS-21
;22;OKTYABRSKY AREA;KS-22
;23;OSTROVSKY AREA;KS-23
;24;PAVINSKY AREA;KS-24
;25;PARFENYEVSKY AREA;KS-25
;26;PONAZYREVSKY AREA;KS-26
;27;PYSHCHUGSKY AREA;KS-27
;28;SOLIGALICHSKY AREA / incl. SOLIGALICh/;KS-28
;29;SUDISLAVSKY AREA;KS-29
;30;SUSANINSKY AREA;KS-30
;31;CHUKHLOMSKY AREA / incl. ChUHLOMA/;KS-31
;32;SHARYINSKY AREA;KS-32
KT;;Kamchatskaya oblast   (KT)   UA0Z;
;1;PETROPAVLOVSK-KAMCHATSKY;KT-01
;3;ZATO VILYUCHINSK;KT-03
;4;ALEUTSKY AREA;KT-04
;5;BYSTRINSKY AREA;KT-05
;6;ELIZOVSKY AREA / incl. ELIZOVO /;KT-06
;7;MILKOVSKY AREA;KT-07
;8;SOBOLEVSKY AREA;KT-08
;9;UST-BOLSHERETSKIY AREA;KT-09
;10;UST-KAMChATSKIY AREA / incl. KLJUCHI /;KT-10
;11;KARAGINSKY AREA;KT-11
;12;OLJUTORSKY AREA;KT-12
;13;PENZHINSKY AREA;KT-13
;14;TIGILSKY AREA;KT-14
;15;PALANA;KT-15
KU;;Kurskaya oblast   (KU)   UA3W;
;1;ZHELEZNODOROZHNY DISTRICT of KURSK;KU-01
;2;SEYMSKY DISTRICT of KURSK;KU-02
;3;CENTRALNY DISTRICT of KURSK;KU-03
;4;ZHELEZNOGORSK;KU-04
;5;KURCHATOV;KU-05
;6;L`GOV;KU-06
;7;SHCHIGRY;KU-07
;8;BELOVSKY AREA;KU-08
;9;BOLSHESOLDATSKY AREA;KU-09
;10;GLUSHKOVSKY AREA;KU-10
;11;GORSHECHENSKY AREA;KU-11
;12;DMITRIYEVSKY AREA / incl. DMITRIEV-LGOVSKIY/;KU-12
;13;ZHELEZNOGORSKY AREA;KU-13
;14;ZOLOTUKHINSKY AREA;KU-14
;15;KASTORENSKY AREA;KU-15
;16;KONYSHEVSKY AREA;KU-16
;17;KORENEVSKY AREA;KU-17
;18;KURSKY AREA;KU-18
;19;KURCHATOVSKY AREA;KU-19
;20;LGOVSKY AREA;KU-20
;21;MANTUROVSKY AREA;KU-21
;22;MEDVENSKY AREA;KU-22
;23;OBOYANSKY AREA / incl. OBOYaN/;KU-23
;24;OKTYABRSKY AREA;KU-24
;25;PONYROVSKY AREA;KU-25
;26;PRISTENSKY AREA;KU-26
;27;RYLSKY AREA / incl. RYLSK/;KU-27
;28;SOVETSKY AREA ;KU-28
;29;SOLNTSEVSKY AREA;KU-29
;30;SUDZHANSKY AREA / incl. SUDZhA/;KU-30
;31;TIMSKY AREA;KU-31
;32;FATEZHSKY AREA / incl. FATEZh/;KU-32
;33;HOMUTOVSKY AREA;KU-33
;34;CHEREMISINOVSKY AREA;KU-34
;35;SHCHIGROVSKY AREA;KU-35
LO;;Leningradskaya oblast   (LO)   UA1C;
;16;SOSNOVY BOR;LO-16
;20;BOKSITOGORSKY AREA / incl. BOKSITOGORSK;LO-20
;21;VOLOSOVSKY AREA;LO-21
;22;VOLKHOVSKY AREA / incl. VOLKHOV;LO-22
;23;VSEVOLOZHSKY AREA / incl. VSEVOLZhSK;LO-23
;24;VYBORGSKY AREA / incl. VYBORG;LO-24
;25;GATCHINA AREA / incl. GATCHINA;LO-25
;26;KINGISEPPSKY AREA / incl. KINGISEPP;LO-26
;27;KIRISHINSKY AREA / incl. KIRISHI /;LO-27
;28;KIROVSKY AREA / incl. KIROVSK;LO-28
;29;LODEYNOPOLSKY AREA / incl. LODEYNOYE POLE;LO-29
;30;LOMONOSOVSKY AREA;LO-30
;31;LUZHSKY AREA / incl. LUGA /;LO-31
;32;PODPOROZHSKY AREA / incl. PODPOROZhE/;LO-32
;33;PRIOZERSKY AREA / incl. PRIOZERSK /;LO-33
;34;SLANTSEVSKY AREA / incl. SLANTSY /;LO-34
;35;TIKHVINSKY AREA / incl. TIKHVIN /;LO-35
;36;TOSNENSKY AREA / incl. TOSNO;LO-36
LP;;Lipetskaya oblast   (LP)   UA3G;
;1;LEVOBEREZHNY DISTRICT of LIPETSK;LP-01
;2;OKTIABRSKY DISTRICT of LIPETSK;LP-02
;3;PRAVOBEREZHNY DISTRICT of LIPETSK;LP-03
;4;SOVETSKY DISTRICT of LIPETSK;LP-04
;5;YELETS;LP-05
;6;VOLOVSKY AREA;LP-06
;7;GRYAZINSKY AREA / incl. GRJAZI /;LP-07
;8;DANKOVSKY AREA / incl. DANKOV/;LP-08
;9;DOBRINSKY AREA;LP-09
;10;DOBROVSKY AREA;LP-10
;11;DOLGORUKOVSKY AREA;LP-11
;12;YELETSKY AREA;LP-12
;13;ZADONSKY AREA / incl. ZADONSK/;LP-13
;14;IZMALKOVSKY AREA;LP-14
;15;KRASNINSKY AREA;LP-15
;16;LEBEDYANSKY AREA / incl. LEBEDYaN/;LP-16
;17;LEV-TOLSTOVSKIY AREA;LP-17
;18;LIPETSKY AREA;LP-18
;19;STANOVLYANSKY AREA;LP-19
;20;TERBUNSKY AREA;LP-20
;21;USMANSKY AREA / incl. USMAN/;LP-21
;22;HLEVENSKY AREA;LP-22
;23;CHAPLYGINSKY AREA / incl. ChAPLYGIN/;LP-23
MA;;City of Moscow   (MA)   UA3A;
;1;VOSTOCHNY DISTRICT of MOSCOW;MA-01
;2;ZAPADNY DISTRICT of MOSCOW;MA-02
;3;CITY OF ZELENOGRAD;MA-03
;4;SEVERNY DISTRICT of MOSCOW;MA-04
;5;SEVEROVOSTOCHNY DISTRICT of MOSCOW;MA-05
;6;SEVEROZAPADNY DISTRICT of MOSCOW;MA-06
;7;CENTRALNY DISTRICT of MOSCOW;MA-07
;8;JUGOVOSTOCHNY DISTRICT of MOSCOW;MA-08
;9;JUGOZAPADNY DISTRICT of MOSCOW;MA-09
;10;JUZHNY DISTRICT of MOSCOW;MA-10
;11;NOVOMOSKOVSKY DISTRICT of MOSCOW;MA-11
;12;TROITSKY DISTRICT of MOSCOW;MA-12
MD;;Republic of Mordovia   (MD)   UA4U;
;1;LENINSKY DISTRICT of SARANSK;MD-01
;2;OKTYABRSKY DISTRICT of SARANSK;MD-02
;3;PROLETARSKY DISTRICT of SARANSK;MD-03
;6;ARDATOVSKY AREA / incl. ARDATOV/;MD-06
;7;ATYURYEVSKY AREA;MD-07
;8;ATYASHEVSKY AREA;MD-08
;9;BOLSHEBEREZNIKOVSKY AREA;MD-09
;10;BOLSHEIGNATOVSKY AREA;MD-10
;11;DUBENSKY AREA;MD-11
;12;ELNIKOVSKY AREA;MD-12
;13;ZUBOVO-POLYANSKY AREA;MD-13
;14;INSARSKY AREA / incl. INSAR/;MD-14
;15;ICHALKOVSKY AREA;MD-15
;16;KADOSHKINSKY AREA;MD-16
;17;KOVYLKINSKY AREA / incl. KOVYLKINO/;MD-17
;18;KOCHKUROVSKY AREA;MD-18
;19;KRASNOSLOBODSKY AREA / incl. KRASNOSLOBODSK/;MD-19
;20;LYAMBIRSKY AREA;MD-20
;21;ROMODANOVSKY AREA;MD-21
;22;RUZAYEVSKY AREA / incl. RUZAEVKA /;MD-22
;23;STAROSHAYGOVSKY AREA;MD-23
;24;TEMNIKOVSKY AREA / incl. TEMNIKOV/;MD-24
;25;TENGUSHEVSKY AREA;MD-25
;26;TORBEEVSKY AREA;MD-26
;27;CHAMZINSKY AREA;MD-27
MG;;Magadanskaya oblast   (MG)   UA0I;
;1;MAGADAN;MG-01
;2;OLSKY AREA;MG-02
;3;OMSUKCHANSKY AREA;MG-03
;4;SEVERO-EVENSKY AREA;MG-04
;5;SREDNEKANSKY AREA;MG-05
;6;SUSUMAN AREA / incl. SUSUMAN /;MG-06
;7;TENKINSKY AREA;MG-07
;8;HASYNSKY AREA;MG-08
;9;YAGODNINSKY AREA;MG-09
MO;       ;Moscowskaya oblast   (MO)   UA3D;       
;1;CITY DISTRICT of BALASHIKHA;MO-01
;2;BRONNITSY;MO-02
;3;ZATO VLASIHA;MO-03
;4;ZATO VOSKHOD;MO-04
;6;CITY DISTRICT of DZERZHINSK;MO-06
;8;DOLGOPRUDNY;MO-08
;9;CITY DISTRICT of DOMODEDOVO;MO-09
;10;DUBNA;MO-10
;13;ZHUKOVSKY;MO-13
;14;ZATO ZVEZDNY GORODOK;MO-14
;15;CITY DISTRICT of ZVENIGOROD;MO-15
;16;CITY DISTRICT of IVANTEEVKA;MO-16
;21;CITY DISTRICT of KOLOMNA;MO-21
;22;CITY DISTRICT of KOROLEV;MO-22
;23;CITY DISTRICT of KOTELNIKI;MO-23
;24;CITY DISTRICT of LOBNYA;MO-24
;25;CITY DISTRICT of LYTKARINO;MO-25
;26;CITY DISTRICT LOSINO-PETROVSKY;MO-26
;27;KRASNOARMEYSK;MO-27
;28;ZATO MOLODEZHNY;MO-28
;34;OREKHOVO-ZUYEVO;MO-34
;36;CITY DISTRICT of PODOLSK;MO-36
;37;PROTVINO;MO-37
;39;PUSHCHINO;MO-39
;41;CITY DISTRICT of REUTOV;MO-41
;42;ROSHAL;MO-42
;44;SERPUKHOV;MO-44
;48;CITY DISTRICT of FRYAZINO;MO-48
;49;CITY DISTRICT of KHIMKI;MO-49
;50;CITY DISTRICT of CHERNOGOLOVKA;MO-50
;52;ELEKTROGORSK;MO-52
;54;CITY DISTRICT of ELECTROSTAL;MO-54
;56;CITY DISTRICT of KRASNOZNAMENSK;MO-56
;58;VOLOKOLAMSK AREA / incl. VOLOKOLAMSK /;MO-58
;59;VOSKRESENSKY AREA / incl. VOSKRESENSK /;MO-59
;60;DMITROVSKY AREA / incl. YAKHROMA;MO-60
;62;EGORYEVSKY AREA / incl. EGORYEVSK /;MO-62
;63;ZARAYSKY AREA / incl. ZARAYSK/;MO-63
;64;ISTRINSKY AREA / incl. DEDOVSK;MO-64
;65;CITY DISTRICT of KASHIRA;MO-65
;66;KLINSKY AREA / incl. VYSOKOVSK;MO-66
;67;KOLOMENSKY AREA;MO-67
;68;KRASNOGORSKY AREA / incl. KRASNOGORSK /;MO-68
;69;LENINSKY AREA / incl. VIDNOE /;MO-69
;70;LOTOSHINSKY AREA;MO-70
;71;LUKHOVITSKY AREA / incl. LUKHOVITSY /;MO-71
;72;LYUBERTSY AREA / incl. LYUBERTSY /;MO-72
;73;MOZHAISKY AREA / incl. MOZHAISK /;MO-73
;74;MYTISHCHI AREA / incl. MYTISCHI /;MO-74
;75;NARO-FOMINSKIY AREA / incl. APRELEVKA;MO-75
;76;NOGINSKY AREA / incl. ELEKTROUGLI;MO-76
;77;ODINTSOVSKY AREA / incl. ODINTSOVO /;MO-77
;78;OZYORSKY AREA / incl. OZERY/;MO-78
;79;OREKHOVO-ZUYEVSKY AREA / incl. DREZNA;MO-79
;80;PAVLOVO-POSADSKY AREA / incl. PAVLOVSK POSAD/;MO-80
;82;PUSHKINSKY AREA / incl. PUSHKINO /;MO-82
;83;RAMENSKY AREA / incl. RAMENSKOJE/;MO-83
;84;RUZSKY AREA / incl. RUZA/;MO-84
;85;SERGIYEVO-POSADSKY AREA / incl. KRASNOZAVODSK;MO-85
;86;SEREBRJANO-PRUDSKY AREA;MO-86
;87;SERPUKHOVSKY AREA;MO-87
;88;SOLNECHNOGORSKY AREA / incl. SOLNEChNOGORSK/;MO-88
;89;STUPINSKY AREA / incl. STUPINO/;MO-89
;90;TALDOMSKY AREA / incl. TALDOM/;MO-90
;92;SHATURSKY AREA / incl. SHATURA /;MO-92
;93;SHAKHOVSKOY AREA;MO-93
;94;SHCHELKOVO AREA / incl. SHCHELKOVO /;MO-94
;95; CHEKHOVSKY AREA / incl. CHEKHOV /;MO-95
MR;;Republic of Marij-El   (MR)   UA4S;
;1;YOSHKAR-OLA;MR-01
;2;VOLZHSK;MR-02
;3;KOZMODEMYANSK;MR-03
;4;VOLZHSKY AREA;MR-04
;5;GORNOMARIYSKY AREA;MR-05
;6;ZVENIGOVSKY AREA / incl. ZVENIGOVO/;MR-06
;7;KILEMARSKY AREA;MR-07
;8;KUZHENERSKY AREA;MR-08
;9;MARI-TUREKSKIY AREA;MR-09
;10;MEDVEDEVSKY AREA;MR-10
;11;MORKINSKY AREA;MR-11
;12;NOVOTOR'YALSKIY AREA;MR-12
;13;ORSHANSKY AREA;MR-13
;14;PARANGINSKY AREA;MR-14
;15;SERNURSKY AREA;MR-15
;16;SOVETSKY AREA ;MR-16
;17;YURINSKY AREA;MR-17
MU;;Murmanskaya oblast   (MU)   UA1Z;
;1;LENINSKY DISTRICT of MURMANSK;MU-01
;2;OKTIABRSKY DISTRICT of MURMANSK;MU-02
;3;PERVOMAJSKY DISTRICT of MURMANSK;MU-03
;4;APATITY;MU-04
;5;KANDALAKSHA AREA / incl. KANDALAKSHA /;MU-05
;6;KIROVSK;MU-06
;7;MONCHEGORSK;MU-07
;8;OLENEGORSK;MU-08
;9;POLYARNYE ZORI;MU-09
;10;ZATO ZAOZERSK;MU-10
;11;ZATO OSTROVNOJ;MU-11
;13;ZATO SEVEROMORSK;MU-13
;16;KOVDORSKY AREA;MU-16
;17;KOL`SKY AREA / incl. KOLA /;MU-17
;18;LOVOZERSKY AREA;MU-18
;19;PECHENGSKY AREA / incl. ZAPOLYARNY /;MU-19
;20;TERSKY AREA;MU-20
;21;ZATO VIDYAYEVO ;MU-21
;22;ZATO ALEKSANDROVSK / incl. GADZhIEVO;MU-22
NN;;Nizhegorodskaya oblast   (NN)   UA3T;
;1;AVTOZAVODSKY DISTRICT of NIZHNY NOVGOROD;NN-01
;2;KANAVINSKY DISTRICT of NIZHNY NOVGOROD;NN-02
;3;LENINSKY DISTRICT of NIZHNY NOVGOROD;NN-03
;4;MOSKOVSKY DISTRICT of NIZHNY NOVGOROD;NN-04
;5;NIZHEGORODSKY DISTRICT of NIZHNY NOVGOROD;NN-05
;6;PRIOKSKY DISTRICT of NIZHNY NOVGOROD;NN-06
;7;SOVETSKY DISTRICT of NIZHNY NOVGOROD;NN-07
;8;SORMOVSKY DISTRICT of NIZHNY NOVGOROD;NN-08
;9;CITY DISTRICT ARZAMAS;NN-09
;15;CITY DISTRICT DZERZHINSK;NN-15
;19;CITY DISTRICT SAROV;NN-19
;20;ARDATOVSKY AREA;NN-20
;21;ARZAMAS AREA;NN-21
;22;BALAKHNA AREA / incl. BALAKHNA /;NN-22
;23;BOGORODSKY AREA / incl. BOGORODSK /;NN-23
;24;BOLSHEBOLDINSKY AREA;NN-24
;25;BOLSHEMURASHKINSKY AREA;NN-25
;26;CITY DISTRICT of BOR;NN-26
;27;BUTURLINSKY AREA;NN-27
;28;VADSKY AREA;NN-28
;29;VARNAVINSKY AREA;NN-29
;30;VACHSKY AREA;NN-30
;31;VETLUZHSKY AREA / incl. VETLUGA /;NN-31
;32;VOZNESENSKY AREA;NN-32
;33;VOLODARSKY AREA / incl. VOLODARSK/;NN-33
;34;VOROTYNSKY AREA;NN-34
;35;VOSKRESENSKY DISTRICT;NN-35
;36;CITY DISTRICT VYKSA;NN-36
;37;GAGINSKY AREA;NN-37
;38;GORODETSKY AREA / incl. GORODETs;NN-38
;39;DALNEKONSTANTINOVSKY AREA;NN-39
;40;DIVEEVSKY AREA;NN-40
;41;KNYAGININSKY AREA / incl. KNYaGININO/;NN-41
;42;KOVERNINSKY AREA;NN-42
;43;KRASNOBAKOVSKY AREA;NN-43
;44;KRASNOOKTYABRSKY AREA;NN-44
;45;KSTOVSKY AREA / incl. KSTOVO/;NN-45
;46;CITY DISTRICT of KULEBAKI;NN-46
;47;LUKOYANOVSKY AREA / incl. LUKOYaNOV/;NN-47
;48;LYSKOVSKY AREA / incl. LYSKOVO/;NN-48
;49;CITY DISTRICT NAVASHINSKY;NN-49
;50;PAVLOVSK AREA / incl. PAVLOVO;NN-50
;51;CITY DISTRICT PERVOMAJSK;NN-51
;52;PEREVOZSKY AREA;NN-52
;53;PILNINSKY AREA;NN-53
;54;POCHINKOVSKY AREA;NN-54
;55;CITY DISTRICT SEMENOVSKY;NN-55
;56;SERGACHSKY AREA / incl. SERGACh/;NN-56
;57;SECHENOVSKY AREA;NN-57
;58;CITY DISTRICT SOKOLSKY;NN-58
;59;SOSNOVSKY AREA;NN-59
;60;SPASSKY AREA;NN-60
;61;TONKINSKY AREA;NN-61
;62;TONSHAYEVSKY AREA;NN-62
;63;URENSKY AREA / incl. UREN/;NN-63
;64;CITY DISTRICT of CHKALOVSK;NN-64
;65;SHARANGSKY AREA;NN-65
;66;SHATKOVSKY AREA;NN-66
;67;CITY DISTRICT of SHAKHUNYA;NN-67
NO;;Nenetsky Autonomous Okrug   (NO)   UA1P;
;1;NARYAN-MAR;NO-01
;2;ZAPOLJARNY AREA / incl. ISKATELEJ /;NO-02
;3;AMDERMA;NO-03
NS;;Novosibirskaya oblast   (NS)   UA9O;
;1;DZERZHINSKY DISTRICT of NOVOSIBIRSK ;NS-01
;2;ZHELEZNODOROZHNY DISTRICT of NOVOSIBIRSK;NS-02
;3;ZAYELTSOVSKY DISTRICT of NOVOSIBIRSK;NS-03
;4;KALININSKY DISTRICT of NOVOSIBIRSK;NS-04
;5;KIROVSKY DISTRICT of NOVOSIBIRSK;NS-05
;6;LENINSKY DISTRICT of NOVOSIBIRSK;NS-06
;7;OKTYABRSKY DISTRICT of NOVOSIBIRSK;NS-07
;8;PERVOMAJSKY DISTRICT of NOVOSIBIRSK;NS-08
;9;SOVETSKY DISTRICT of NOVOSIBIRSK;NS-09
;10;CENTRALNY DISTRICT of NOVOSIBIRSK;NS-10
;11;BAGANSKY AREA;NS-11
;12;BARABINSK AREA / incl. BARABINSK /;NS-12
;13;BOLOTNINSKY AREA / incl. BOLOTNOE /;NS-13
;14;VENGEROVSKY AREA;NS-14
;15;DOVOLENSKY AREA;NS-15
;16;ZDVINSKY AREA;NS-16
;17;ISKITIMSKY AREA;NS-17
;18;KARASUKSKY AREA / incl. KARASUK/;NS-18
;19;KARGATSKY AREA / incl. KARGAT/;NS-19
;20;KOLYVANSKY AREA;NS-20
;21;KOCHENEVSKY AREA;NS-21
;22;KOCHKOVSKY AREA;NS-22
;23;KRASNOZERSKY AREA;NS-23
;24;KUIBYSHEVSKY AREA / incl. KUIBYSHEV /;NS-24
;25;KUPINSKY AREA / incl. KUPINO/;NS-25
;26;KYSHTOVSKY AREA;NS-26
;27;MASLYANINSKY AREA;NS-27
;28;MOSZKOWSKI AREA;NS-28
;29;NOVOSIBIRSKY AREA;NS-29
;30;ORDYNSKY AREA;NS-30
;31;SEVERNY AREA;NS-31
;32;SUZUNSKY AREA;NS-32
;33;TATARSKY AREA / incl. TATARSK/;NS-33
;34;TOGUCHINSKY AREA / incl. TOGUChIN/;NS-34
;35;UBINSKY AREA;NS-35
;36;UST-TARKSKIY AREA;NS-36
;37;CHANOVSKY AREA;NS-37
;38;CHEREPANOVSKY AREA / incl. ChEREPANOVO/;NS-38
;39;CHISTOOZERNY AREA;NS-39
;40;CHULYM AREA / incl. CHULYM /;NS-40
;42;BERDSK;NS-42
;43;ISKITIM;NS-43
;45;OB;NS-45
;47;KOLTSOVO;NS-47
NV;;Novgorodskaya oblast   (NV)   UA1T;
;1;NOVGOROD;NV-01
;4;BATETSKY AREA;NV-04
;5;BOROVICHSKY AREA / incl. BOROVICHI /;NV-05
;6;VALDAISKY AREA / incl. VALDAI /;NV-06
;7;VOLOTOVSKY AREA;NV-07
;8;DEMYANSKY AREA;NV-08
;9;KRESTETSKY AREA;NV-09
;10;LYUBYTINSKY AREA;NV-10
;11;MALOVISHERSKY AREA / incl. MALAYA VISHERA /;NV-11
;12;MAREVSKY AREA;NV-12
;13;MOSHENSKOY AREA;NV-13
;14;NOVGORODSKY AREA;NV-14
;15;OKULOVSKY AREA / incl. OKULOVKA/;NV-15
;16;PARFINSKY AREA;NV-16
;17;PESTOVSKY AREA / incl. PESTOVO/;NV-17
;18;PODDORSKY AREA;NV-18
;19;SOLETSKY AREA / incl. SOLTsY/;NV-19
;20;STARORUSSKY AREA / incl. STARAJA RUSSA/;NV-20
;21;HVOYNINSKY AREA;NV-21
;22;HOLMSKY AREA / incl. HOLM /;NV-22
;23;CHUDOVSKY AREA / incl. CHUDOVO /;NV-23
;24;SHIMSKY AREA;NV-24
OB;;Orenburgskaya oblast   (OB)   UA9S;
;1;DZERZHINSKY DISTRICT of ORENBURG ;OB-01
;2;LENINSKY DISTRICT of ORENBURG;OB-02
;3;INDUSTRIALNY DISTRICT of ORENBURG;OB-03
;4;CENTRALNY DISTRICT of ORENBURG;OB-04
;5;LENINSKY DISTRICT of ORSK;OB-05
;6;OKTYABRSKY DISTRICT of ORSK;OB-06
;7;SOVETSKY DISTRICT of ORSK;OB-07
;9;BUGURUSLAN;OB-09
;10;BUZULUK;OB-10
;11;GUY;OB-11
;13;MEDNOGORSK;OB-13
;14;NOVOTROITSK;OB-14
;17;ABDULINSKY AREA / incl. ABDULINO/;OB-17
;18;ADAMOVSKY AREA;OB-18
;19;AKBULAKSKY AREA;OB-19
;20;ALEKSANDROVSKY AREA;OB-20
;21;ASEKEEVSKY AREA;OB-21
;22;BELYAEVSKY AREA;OB-22
;23;BUGURUSLANSKY AREA;OB-23
;24;BUZULUKSKY AREA;OB-24
;25;GAYSKY AREA;OB-25
;26;GRACHEVSKY AREA;OB-26
;27;DOMBAROVSKY AREA;OB-27
;28;ILEKSKY AREA;OB-28
;29;KVARKENSKY AREA;OB-29
;30;KRASNOGVARDEISKY AREA;OB-30
;31;KUVANDYKSKY AREA / incl. KUVANDYK/;OB-31
;32;KURMANAYEVSKY AREA;OB-32
;33;MATVEEVSKY AREA;OB-33
;34;NOVOORSKY AREA;OB-34
;35;NOVOSERGIYEVSKY AREA;OB-35
;36;OKTYABRSKY AREA;OB-36
;37;ORENBURGSKY AREA;OB-37
;38;PERVOMAJSKY AREA;OB-38
;39;PEREVOLOTSKY AREA;OB-39
;40;PONOMAREVSKY AREA;OB-40
;41;SAKMARSKY AREA;OB-41
;42;SARAKTASHSKY AREA;OB-42
;43;SVETLINSKY AREA;OB-43
;44;SEVERNY AREA;OB-44
;45;SOL-ILETSKIY AREA / incl. SOL-ILETsK/;OB-45
;46;SOROCHINSKY CITY DISTRICT;OB-46
;47;TASHLINSKY AREA;OB-47
;48;TOTSKY AREA;OB-48
;49;TYULGANSKY AREA;OB-49
;50;SHARLYKSKY AREA;OB-50
;51;YASNENSKY AREA / incl. YASNY /;OB-51
;53;ZATO KOMAROVSKIY;OB-53
OM;;Omskaya oblast   (OM)   UA9M;
;1;KIROVSKY DISTRICT of OMSK;OM-01
;2;LENINSKY DISTRICT of OMSK;OM-02
;3;OKTIABRSKY DISTRICT of OMSK;OM-03
;4;SOVETSKY DISTRICT of OMSK;OM-04
;5;CENTRALNY DISTRICT of OMSK;OM-05
;11;AZOVSKY NEMETSKY NATIONAL AREA;OM-11
;12;BOLSHERECHENSKY AREA;OM-12
;13;BOLSHEUKOVSKY AREA;OM-13
;14;GOR`KOVSKY AREA;OM-14
;15;ZNAMENSKY AREA;OM-15
;16;ISILKULSKY AREA / incl. ISILKUL/;OM-16
;17;KALACHINSKY AREA / incl. KALAChINSK/;OM-17
;18;KOLOSOVSKY AREA;OM-18
;19;KORMILOVSKY AREA;OM-19
;20;KRUTINSKY AREA;OM-20
;21;LUBINSKY AREA;OM-21
;22;MARYANOVSKY AREA;OM-22
;23;MOSKALENSKY AREA;OM-23
;24;MUROMTSEVSKY AREA;OM-24
;25;NAZYVAYEVSKY AREA / incl. NAZYVAEVSK/;OM-25
;26;NIZHNEOMSKY AREA;OM-26
;27;NOVOVARSHAVSKY AREA;OM-27
;28;ODESSKY AREA;OM-28
;29;OKONESHNIKOVSKY AREA;OM-29
;30;OMSKY AREA;OM-30
;31;PAVLOGRADSKY AREA;OM-31
;32;POLTAVSKY AREA;OM-32
;33;RUSSKO-POLYANSKY AREA;OM-33
;34;SARGATSKY AREA;OM-34
;35;SEDELNIKOVSKY AREA;OM-35
;36;TAVRICHESKY AREA;OM-36
;37;TARSKY AREA / incl. TARA /;OM-37
;38;TEVRIZSKY AREA;OM-38
;39;TYUKALINSKY AREA / incl. TYuKALINSK/;OM-39
;40;UST-ISHIMSKIY AREA;OM-40
;41;CHERLAKSKY AREA;OM-41
;42;SHERBAKULSKY AREA;OM-42
OR;;Orlovskaya oblast   (OR)   UA3E;
;1;ZHELEZNODOROZHNY DISTRICT of OREL;OR-01
;2;ZAVODSKOJ AREA of OREL;OR-02
;3;SEVERNY AREA of OREL;OR-03
;4;SOVETSKY DISTRICT of OREL;OR-04
;5;LIVNY;OR-05
;6;MTSENSK;OR-06
;7;BOLKHOVSKY AREA / incl. BOLHOV/;OR-07
;8;VERKHOVSKY AREA;OR-08
;9;GLAZUNOVSKY AREA;OR-09
;10;DMITROVSKY DISTRICT / incl. DMITROVSK-ORLOVSKIY/;OR-10
;11;DOLZHANSKY AREA;OR-11
;12;ZALEGOSHCHENSKY AREA;OR-12
;13;ZNAMENSKY AREA;OR-13
;14;KOLPNYANSKY AREA;OR-14
;15;KORSAKOVSKY AREA;OR-15
;16;KRASNOZORENSKY AREA;OR-16
;17;KROMSKY AREA;OR-17
;18;LIVENSKY AREA;OR-18
;19;MALOARKHANGEL`SKY AREA / incl. MALOARHANGELSK/;OR-19
;20;MTSENSK AREA;OR-20
;21;NOVODEREVENKOVSKY AREA;OR-21
;22;NOVOSILSKY AREA / incl. NOVOSIL/;OR-22
;23;ORLOVSKY AREA;OR-23
;24;POKROVSKY AREA;OR-24
;25;SVERDLOVSKY AREA;OR-25
;26;SOSKOVSKY AREA;OR-26
;27;TROSNYANSKY AREA;OR-27
;28;URITSKY AREA;OR-28
;29;HOTYNETSKY AREA;OR-29
;30;SHABLYKINSKY AREA;OR-30
PE;;Penzenskaya oblast   (PE)   UA4F;
;1;ZHELEZNODOROZHNY DISTRICT of PENZA;PE-01
;2;LENINSKY DISTRICT of PENZA;PE-02
;3;OKTYABRSKY DISTRICT of PENZA;PE-03
;4;PERVOMAJSKY DISTRICT of PENZA;PE-04
;6;KUZNETSK;PE-06
;8;ZATO ZARECHNY;PE-08
;9;BASHMAKOVSKY AREA;PE-09
;10;BEDNODEMYANOVSKY AREA / incl. BEDNODEMYaNOVSK/;PE-10
;11;BEKOVSKY AREA;PE-11
;12;BELINSKY AREA / incl. BELINSKY /;PE-12
;13;BESSONOVSKY AREA;PE-13
;14;VADINSKY AREA;PE-14
;15;GORODISHCHENSKY AREA / incl. GORODISCHE;PE-15
;16;ZEMETCHINSKY AREA;PE-16
;17;ISSINSKY AREA;PE-17
;18;KAMENSKY AREA / incl. KAMENKA /;PE-18
;19;KAMESHKIRSKY AREA;PE-19
;20;KOLYSHLEYSKY AREA;PE-20
;22;KUZNETSKY AREA;PE-22
;23;LOPATINSKY AREA;PE-23
;24;LUNINSKY AREA;PE-24
;25;MALOSERDOBINSKY AREA;PE-25
;26;MOKSHANSKY AREA;PE-26
;27;NAROVCHATSKY AREA;PE-27
;28;NEVERKINSKY AREA;PE-28
;29;NIZHNELOMOVSKY AREA / incl. NIZHNY LOMOV/;PE-29
;30;NIKOLSKY AREA / incl. NIKOLSK/;PE-30
;31;PACHELMSKY AREA;PE-31
;32;PENZENSKY AREA;PE-32
;33;SERDOBSKY AREA / incl. SERDOBSK/;PE-33
;34;SOSNOVOBORSK AREA;PE-34
;35;TAMALINSKY AREA;PE-35
;36;SHEMYSHEYSKY AREA;PE-36
PK;;Primorsky Kraj   (PK)   UA0L;
;1;LENINSKY DISTRICT of VLADIVOSTOK;PK-01
;2;PERVOMAJSKY DISTRICT of VLADIVOSTOK;PK-02
;3;PERVORECHENSKY DISTRICT of VLADIVOSTOK;PK-03
;4;SOVETSKY DISTRICT of VLADIVOSTOK;PK-04
;5;FRUNZENSKY DISTRICT of VLADIVOSTOK;PK-05
;6;ARSENYEV;PK-06
;7;ARTEM;PK-07
;8;DALNEGORSK;PK-08
;9;DALNERECHENSK;PK-09
;10;LESOZAVODSK;PK-10
;11;NAKHODKA;PK-11
;12;PARTIZANSK;PK-12
;13;SPASSK-DALNIY;PK-13
;14;USSURIISK DISTRICT;PK-14
;15;ZATO BOL`SHOJ KAMEN`;PK-15
;16;ZATO FOKINO;PK-16
;17;ANUCHINSKY AREA;PK-17
;18;DALNERECHENSKY AREA;PK-18
;19;KAVALEROVSKY AREA;PK-19
;20;KIROVSKY AREA;PK-20
;21;KRASNOARMEISKY DISTRICT;PK-21
;22;LAZOVSKY AREA;PK-22
;24;MIKHAYLOVSKY AREA;PK-24
;25;NADEZHDINSKY AREA;PK-25
;26;OKTYABRSKY AREA;PK-26
;27;OLGINSKY AREA;PK-27
;28;PARTIZANSKY AREA;PK-28
;29;POGRANICHNY AREA;PK-29
;30;POZHARSKY AREA;PK-30
;31;SPASSKY AREA;PK-31
;32;TERNEYSKY AREA;PK-32
;34;HANKAYSKY AREA;PK-34
;35;HASANSKY AREA;PK-35
;36;HOROLSKY AREA;PK-36
;37;CHERNIGOVSKY AREA;PK-37
;38;CHUGUYEVSKY AREA;PK-38
;39;SHKOTOVSKY AREA;PK-39
;40;YAKOVLEVSKY AREA;PK-40
PM;;Permskaya oblast   (PM)   UA9F;
;1;DZERZHINSKY DISTRICT of PERM;PM-01
;2;INDUSTRIALNY DISTRICT of PERM;PM-02
;3;KIROVSKY DISTRICT of PERM;PM-03
;4;LENINSKY DISTRICT of PERM;PM-04
;5;MOTOVILIKHINSKY DISTRICT of PERM;PM-05
;6;ORDZHONIKIDZEVSKY DISTRICT of PERM;PM-06
;7;SVERDLOVSKY DISTRICT of PERM;PM-07
;8;ALEKSANDROVSKY AREA / incl. ALEKSANDROVSK /;PM-08
;9;BEREZNIKI;PM-09
;10;GREMYACHINSKY AREA / incl. GREMYaChINSK/;PM-10
;11;GUBAKHINSKY AREA / incl. GUBAKHA /;PM-11
;13;KIZELOVSKY AREA / incl. KIZEL/;PM-13
;14;KRASNOKAMSKY AREA / incl. KRASNOKAMSK /;PM-14
;15;KUNGUR;PM-15
;17;SOLIKAMSK;PM-17
;20;BARDYMSKY AREA;PM-20
;21;BEREZOVSKY AREA;PM-21
;22;BOLSHESOSNOVSKY AREA;PM-22
;23;VERESHCHAGINSKY AREA / incl. VEREShchAGINO/;PM-23
;24;GORNOZAVODSKY AREA / incl. GORNOZAVODSK/;PM-24
;25;ELOVSKY AREA;PM-25
;26;ILYINSKY AREA / incl. ChERMOZ/;PM-26
;27;KARAGAYSKY AREA;PM-27
;28;KISHERTSKY AREA;PM-28
;29;KRASNOVISHERSKY DISTRICT / incl. KRASNOVIShERSK/;PM-29
;30;KUYEDINSKY AREA;PM-30
;31;KUNGURSKY AREA;PM-31
;32;LYSVENSKY AREA / incl. LYSVA/;PM-32
;33;NYTVENSKY AREA / incl. NYTVA /;PM-33
;34;OKTYABRSKY AREA;PM-34
;35;ORDINSKY AREA;PM-35
;36;OSINSKY AREA / incl. OSA /;PM-36
;37;OKHANSKY AREA / incl. OKHANSK/;PM-37
;38;OCHERSKY AREA / incl. OChER/;PM-38
;39;PERMSKY AREA;PM-39
;40;SIVINSKY AREA;PM-40
;41;SOLIKAMSKY AREA;PM-41
;42;SUKSUNSKY AREA;PM-42
;43;UINSKY AREA;PM-43
;44;USOLSKY AREA / incl. USOLYE /;PM-44
;45;CHASTINSKY AREA;PM-45
;46;CHERDYNSKY AREA / incl. ChERDYN/;PM-46
;47;CHERNUSHINSKY AREA / incl. ChERNUShKA/;PM-47
;48;CHUSOVSKOY AREA / incl. ChUSOVOY/;PM-48
;49;TCHAIKOVSKY AREA ;PM-49
;50;DOBRYANSKY AREA / incl. DOBRYaNKA/;PM-50
;51;ZATO ZVEZDNY ;PM-51
;52;KUDYMKAR;PM-52
;53;GAYNSKY AREA;PM-53
;54;KOSINSKY AREA;PM-54
;55;KOCHEVSKY AREA;PM-55
;56;KUDYMKARSKY AREA;PM-56
;57;YURLINSKY AREA;PM-57
;58;YUSVINSKY AREA;PM-58
PS;;Pskovskaya oblast   (PS)   UA1W;
;1;PSKOV;PS-01
;2;VELIKIYE LUKI;PS-02
;3;BEZHANITSKY AREA;PS-03
;4;VELIKIYE LUKI AREA;PS-04
;5;GDOVSKY AREA / incl. GDOV/;PS-05
;6;DEDOVICHSKY AREA;PS-06
;7;DNOVSKY AREA / incl. DNO /;PS-07
;8;KRASNOGORODSKY AREA;PS-08
;9;KUNYINSKY AREA;PS-09
;10;LOKNYANSKY AREA;PS-10
;11;NEVELSKY AREA / incl. NEVEL/;PS-11
;12;NOVORZHEVSKY AREA / incl. NOVORZhEV/;PS-12
;13;NOVOSOKOLNICHESKY AREA / incl. NOVOSOKOLNIKI /;PS-13
;14;OPOCHETSKY AREA / incl. OPOChKA/;PS-14
;15;OSTROVSKY AREA / incl. OSTROV /;PS-15
;16;PALKINSKY AREA;PS-16
;17;PECHORSKY AREA / incl. PECHORA /;PS-17
;18;PLUSSKY AREA;PS-18
;19;PORKHOVSKY AREA / incl. PORHOV/;PS-19
;20;PSKOVSKY AREA;PS-20
;21;PUSTOSHKINSKY AREA / incl. PUSTOShKA/;PS-21
;22;PUSHKINOGORSKY AREA;PS-22
;23;PYTALOVSKY AREA / incl. PYTALOVO/;PS-23
;24;SEBEZHSKY AREA / incl. SEBEZh/;PS-24
;25;STRUGO-KRASNENSKIY AREA;PS-25
;26;USVYATSKY AREA;PS-26
RA;;Ryazanskaya oblast   (RA)   UA3S;
;1;ZHELEZNODOROZHNY DISTRICT of RYAZAN;RA-01
;2;MOSKOVSKY DISTRICT of RYAZAN;RA-02
;3;OKTIABRSKY DISTRICT of RYAZAN;RA-03
;4;SOVETSKY DISTRICT of RYAZAN;RA-04
;5;KASIMOV;RA-05
;6;SASOVO;RA-06
;7;SKOPIN;RA-07
;8;ERMISHINSKY AREA;RA-08
;9;ZAKHAROVSKY AREA;RA-09
;10;KADOMSKY AREA;RA-10
;11;KASIMOVSKY AREA;RA-11
;12;KLEPIKOVSKY AREA / incl. SPAS-KLEPIKI/;RA-12
;13;KORABLINSKY AREA / incl. KORABLINO/;RA-13
;14;MILOSLAVSKY AREA;RA-14
;15;MIKHAYLOVSKY AREA / incl. MIKHAYLOV /;RA-15
;16;ALEKSANDRO-NEVSKIY AREA;RA-16
;17;PITELINSKY AREA;RA-17
;18;PRONSKY AREA / incl. NOVOMIChURINSK/;RA-18
;19;PUTYATINSKY AREA;RA-19
;20;RYBNOVSKY AREA / incl. RYBNOE /;RA-20
;21;RYAZHSKY AREA / incl. RYaZhSK/;RA-21
;22;RYAZANSKY AREA;RA-22
;23;SAPOZHKOVSKY AREA;RA-23
;24;SARAEVSKY AREA;RA-24
;25;SASOVSKY AREA;RA-25
;26;SKOPINSKY AREA;RA-26
;27;SPASSKY AREA / incl. SPASSK-RYaZANSKIY/;RA-27
;28;STAROZHILOVSKY AREA;RA-28
;29;UKHOLOVSKY AREA;RA-29
;30;CHUCHKOVSKY AREA;RA-30
;31;SHATSKY AREA / incl. ShATsK/;RA-31
;32;SHILOVSKY AREA;RA-32
RK;;Republic of Cremea   (KR)   UA6K  (Valid since 21.03.2014);
;1;ZHELEZNODOROZHNY DISTRICT of SIMFEROPOL;RK-01
;2;KIEVSKY AREA of SIMFEROPOL;RK-02
;3;CENTRALNY DISTRICT of SIMFEROPOL;RK-03
;4;ALUSHTA;RK-04
;5;ARMYANSK;RK-05
;6;DZHANKOJ;RK-06
;7;EVPATORIA;RK-07
;8;KERCH;RK-08
;9;KRASNOPEREKOPSK;RK-09
;10;SAKI;RK-10
;11;SUDAK;RK-11
;12;FEODOSIYA;RK-12
;13;YALTA;RK-13
;14;BAKHCHISARAISKY AREA;RK-14
;15;BELOGORSKY AREA;RK-15
;16;DZHANKOYSKY AREA;RK-16
;17;KIROVSKY AREA;RK-17
;18;KRASNOGVARDEISKY AREA;RK-18
;19;KRASNOPEREKOPSKY AREA;RK-19
;20;LENINSKY AREA;RK-20
;21;NIZHNEGORSKY AREA;RK-21
;22;PERVOMAJSKY AREA;RK-22
;23;RAZDOLNENSKY AREA;RK-23
;24;SAKSKY AREA;RK-24
;25;SIMFEROPOL`SKY AREA;RK-25
;26;SOVETSKY AREA ;RK-26
;27;CHERNOMORSKY AREA;RK-27
;28;BAKHCHISARAI;RK-28
;29;BELOGORSK;RK-29
RO;;Rostovskaya oblast   (RO)   UA6L;
;1;VOROSHILOVSKY DISTRICT of ROSTOV-ON-DON;RO-01
;2;ZHELEZNODOROZHNY DISTRICT of ROSTOV-ON-DON;RO-02
;3;KIROVSKY DISTRICT of ROSTOV-ON-DON;RO-03
;4;LENINSKY DISTRICT of ROSTOV-ON-DON;RO-04
;5;OKTYABRSKY DISTRICT of ROSTOV-ON-DON;RO-05
;6;PERVOMAJSKY DISTRICT of ROSTOV-ON-DON;RO-06
;7;PROLETARSKY DISTRICT of ROSTOV-ON-DON;RO-07
;8;SOVETSKY DISTRICT of ROSTOV-ON-DON;RO-08
;9;AZOV;RO-09
;10;BATAYSK;RO-10
;12;VOLGODONSK;RO-12
;13;GUKOVO;RO-13
;14;DONETSK;RO-14
;15;ZVEREVO;RO-15
;16;KAMENSK-SHAHTINSKIY;RO-16
;19;NOVOCHERKASSK;RO-19
;20;NOVOSHAKHTINSK;RO-20
;22;TAGANROG;RO-22
;23;SHAHTY;RO-23
;24;AZOVSKY AREA;RO-24
;25;AKSAYSKY AREA / incl. AKSAY /;RO-25
;26;BAGAYEVSKY AREA;RO-26
;27;BELOKALITVINSKY AREA / incl. BELAJA KALITVA/;RO-27
;28;BOKOVSKY AREA;RO-28
;29;VERKHNEDONSKOJ AREA;RO-29
;30;VESELOVSKY AREA;RO-30
;31;VOLGODONSKY AREA;RO-31
;32;DUBOVSKY AREA;RO-32
;33;EGORLYKSKY AREA;RO-33
;34;ZAVETINSKY AREA;RO-34
;35;ZERNOGRADSKY AREA / incl. ZERNOGRAD/;RO-35
;36;ZIMOVNIKOVSKY AREA;RO-36
;37;KAGALNITSKY AREA;RO-37
;38;KAMENSKY AREA;RO-38
;39;KASHARSKY AREA;RO-39
;40;KONSTANTINOVSKY AREA / incl. KONSTANTINOVSK/;RO-40
;41;KRASNOSULINSKY AREA / incl. KRASNY SULIN/;RO-41
;42;KUIBYSHEVSKY AREA;RO-42
;43;MARTYNOVSKY AREA;RO-43
;44;MATVEEVO-KURGANSKIY AREA;RO-44
;45;MILLEROVSKY AREA / incl. MILLEROVO/;RO-45
;46;MILYUTINSKY AREA;RO-46
;47;MOROZOVSKY AREA / incl. MOROZOVSK/;RO-47
;48;MYASNIKOVSKY AREA;RO-48
;49;NEKLINOVSKY AREA;RO-49
;50;OBLIVSKY AREA;RO-50
;51;OKTYABRSKY AREA;RO-51
;52;ORORLOVSKY AREA;RO-52
;53;PESCHANOKOPSKY AREA;RO-53
;54;PROLETARSKY AREA / incl. PROLETARSK/;RO-54
;55;REMONTNENSKY AREA;RO-55
;56;RODIONOVO-NESVETAYSKIY AREA;RO-56
;57;SALSKY AREA / incl. SALSK /;RO-57
;58;SEMIKARAKORSKY AREA / incl. SEMIKARAKORSK/;RO-58
;59;SOVETSKY AREA ;RO-59
;60;TARASOVSKY AREA;RO-60
;61;TATSINSKY AREA;RO-61
;62;UST-DONETSKIY AREA;RO-62
;63;TSELINSKY AREA;RO-63
;64;TSIMLYANSK AREA / incl. TSIMLYANSK /;RO-64
;65;CHERTKOVSKY AREA;RO-65
;66;SHOLOKHOVSKY AREA;RO-66
SA;;Saratovskaya oblast   (SA)   UA4C;
;1;VOLZHSKY DISTRICT of SARATOV;SA-01
;2;ZAVODSKOJ DISTRICT of SARATOV;SA-02
;3;KIROVSKY DISTRICT of SARATOV;SA-03
;4;LENINSKY DISTRICT of SARATOV;SA-04
;5;OKTYABRSKY DISTRICT of SARATOV;SA-05
;6;FRUNZENSKY DISTRICT of SARATOV;SA-06
;17;ZATO SHIHANY;SA-17
;19;ALEKSANDROVO-GAYSKIY AREA;SA-19
;20;ARKADAKSKY AREA / incl. ARKADAK/;SA-20
;21;ATKARSKY AREA;SA-21
;22;BAZARNO-KARABULAKSKY AREA;SA-22
;23;BALAKOVSKY AREA;SA-23
;24;BALASHOVSKY AREA;SA-24
;25;BALTAYSKY AREA;SA-25
;26;VOLSKY AREA;SA-26
;27;VOSKRESENSKY AREA;SA-27
;28;DERGACHEVSKY AREA;SA-28
;29;DUKHOVNITSKY AREA;SA-29
;30;EKATERINOVSKY AREA;SA-30
;31;ERSHOVSKY AREA / incl. ERSHOV /;SA-31
;32;IVANTEEVSKY AREA;SA-32
;33;KALININSKY AREA / incl. KALININSK/;SA-33
;34;KRASNOARMEISKY AREA;SA-34
;35;KRASNOKUTSKY AREA / incl. KRASNY KUT/;SA-35
;36;KRASNOPARTIZANSKY AREA;SA-36
;37;LYSOGORSKY AREA;SA-37
;38;MARKSSKY AREA;SA-38
;39;NOVOBURASSKY AREA;SA-39
;40;NOVOUZENSKY AREA / incl. NOVOUZENSK/;SA-40
;41;OZINSKY AREA;SA-41
;42;PERELYUBSKY AREA;SA-42
;43;PETROVSKY AREA;SA-43
;44;PITERSKY AREA;SA-44
;45;PUGACHEVSKY AREA;SA-45
;46;ROVENSKY AREA;SA-46
;47;ROMANOVSKY AREA;SA-47
;48;RTISHCHEVSKY AREA;SA-48
;49;SAMOYLOVSKY AREA;SA-49
;50;SARATOVSKY AREA;SA-50
;51;SOVETSKY AREA ;SA-51
;52;TATISHCHEVSKY AREA;SA-52
;53;TURKOVSKY AREA;SA-53
;54;FEDOROVSKY AREA;SA-54
;55;HVALYNSKY AREA;SA-55
;56;ENGELSSKY AREA;SA-56
;57;ZATO MIHAYLOVSKIY;SA-57
;58;ZATO SVETLY;SA-58
SE;;City of Sevastopol   (SE)   UA6R (Valid since 21.03.2014);
;1;GAGARINSKY DISTRICT of SEVASTOPOL;SE-01 
;2;LENINSKY DISTRICT of SEVASTOPOL ;SE-02 
;3;NAKHIMOVSKY DISTRICT of SEVASTOPOL;SE-03 
;4;BALAKLAVSKY DISTRICT of SEVASTOPOL / incl. INKERMAN/;SE-04 
SL;;Sakhalinskaya oblast   (SL)   UA0F;
;1;YUZHNO-SAKHALINSK;SL-01
;10;ALEKSANDROVSK-SAHALINSKIY AREA ;SL-10
;11;ANIVSKY AREA / incl. ANIVA /;SL-11
;12;DOLINSKY AREA / incl. DOLINSK/;SL-12
;13;KORSAKOVSKY AREA / incl. KORSAKOV /;SL-13
;14;KURILSKY AREA / incl. KURILSK/;SL-14
;15;MAKAROVSKY AREA / incl. MAKAROV /;SL-15
;16;NEVELSKY AREA / incl. NEVELSK;SL-16
;17;NOGLIKSKY AREA;SL-17
;18;OKHINSKY AREA / incl. OKHA/;SL-18
;19;PORONAYSKY AREA / incl. PORONAYSK;SL-19
;20;SEVERO-KURILSKY AREA / incl. SEVERO-KURILSK/;SL-20
;21;TOMARINSKY AREA / incl. TOMARI;SL-21
;22;TYMOVSKY AREA;SL-22
;23;UGLEGORSK AREA / incl. UGLEGORSK;SL-23
;24;HOLMSKY AREA / incl. KHOLMSK;SL-24
;25;JUZHNO-KURILSKY AREA;SL-25
;26;SMIRNYKHOVSKY AREA;SL-26
SM;;Smolenskaya oblast   (SM)   UA3L;
;1;ZADNEPROVSKY DISTRICT of SMOLENSK;SM-01
;2;LENINSKY DISTRICT of SMOLENSK;SM-02
;3;INDUSTRIALNY DISTRICT of SMOLENSK;SM-03
;4;DESNOGORSK;SM-04
;5;VELIZHSKY AREA / incl. VELIZh/;SM-05
;6;VYAZEMSKY AREA / incl. VYAZMA /;SM-06
;7;GAGARINSKY AREA / incl. GAGARIN /;SM-07
;8;GLINKOVSKY AREA             ;SM-08
;9;DEMIDOVSKY AREA / incl. DEMIDOV/;SM-09
;10;DOROGOBUZHSKY AREA / incl. DOROGOBUZh/;SM-10
;11;DUKHOVSHCHINSKY AREA / incl. DUHOVShchINA/;SM-11
;12;YELNINSKY AREA / incl. YELNYA /;SM-12
;13;ERSHICHSKY AREA;SM-13
;14;KARDYMOVSKY AREA;SM-14
;15;KRASNINSKY AREA;SM-15
;16;MONASTYRSHCHINSKY AREA;SM-16
;17;NOVODUGINSKY AREA;SM-17
;18;POCHINKOVSKY AREA / incl. POCHINOK /;SM-18
;19;ROSLAVLSKY AREA / incl. ROSLAVL/;SM-19
;20;RUDNYANSKY AREA / incl. RUDNYa/;SM-20
;21;SAFONOVSKY AREA / incl. SAFONOVO/;SM-21
;22;SMOLENSKY AREA;SM-22
;23;SYCHEVSKY AREA / incl. SYChEVKA/;SM-23
;24;TEMKINSKY AREA;SM-24
;25;UGRANSKY AREA;SM-25
;26;HISLAVICHSKY AREA;SM-26
;27;HOLM-ZHIRKOVSKIY AREA;SM-27
;28;SHUMYACHSKY AREA;SM-28
;29;YARTSEVSKY AREA / incl. YaRTsEVO/;SM-29
SO;;Republic of Northern Ossetia   (SO)   UA6J;
;1;ZATERECHNY DISTRICT of VLADIKAVKAZ;SO-01
;2;IRISTONSKY DISTRICT of VLADIKAVKAZ;SO-02
;3;INDUSTRIALNY DISTRICT of VLADIKAVKAZ;SO-03
;4;SEVEROZAPADNY DISTRICT of VLADIKAVKAZ;SO-04
;5;ALAGIRSKY AREA / incl. ALAGIR /;SO-05
;6;ARDONSKY AREA / incl. ARDON/;SO-06
;7;DIGORSKY AREA / incl. DIGORA/;SO-07
;8;IRAFSKY AREA;SO-08
;9;KIROVSKY AREA;SO-09
;10;MOZDOKSKY AREA / incl. MOZDOK /;SO-10
;11;PRAVOBEREZHNY AREA / incl. BESLAN /;SO-11
;12;PRIGORODNY AREA;SO-12
SP;;City of St.-Petersburg   (SP)   UA1A;
;1;ADMIRALTEISKY DISTRICT ST. PETERSBURG;SP-01
;2;VASILEOSTROVSKY DISTRICT ST. PETERSBURG;SP-02
;3;VYBORGSKY DISTRICT ST. PETERSBURG;SP-03
;4;KALININSKY DISTRICT ST. PETERSBURG;SP-04
;5;KIROVSKY DISTRICT ST. PETERSBURG;SP-05
;6;KOLPINO DISTRICT ST. PETERSBURG;SP-06
;7;KRASNOGVARDEISKY DISTRICT ST. PETERSBURG;SP-07
;8;KRASNOSELSKY DISTRICT ST. PETERSBURG;SP-08
;9;KRONSHTADT DISTRICT ST. PETERSBURG;SP-09
;10;KURORTNY DISTRICT ST. PETERSBURG;SP-10
;12;PRIMORSKY DISTRICT ST. PETERSBURG;SP-12
;13;MOSKOVSKY DISTRICT ST. PETERSBURG;SP-13
;14;NEVSKY DISTRICT ST. PETERSBURG;SP-14
;16;PETROGRADSKY DISTRICT ST. PETERSBURG;SP-16
;17;PETRODVORETS DISTRICT ST. PETERSBURG;SP-17
;18;PUSHKIN DISTRICT ST. PETERSBURG;SP-18
;19;FRUNZENSKY DISTRICT ST. PETERSBURG;SP-19
;20;CENTRALNY DISTRICT ST. PETERSBURG;SP-20
SR;;Samarskaya oblast   (SR)   UA4H;
;1;ZHELEZNODOROZHNY DISTRICT of SAMARA;SR-01
;2;KIROVSKY DISTRICT of SAMARA;SR-02
;3;KRASNOGLINSKY DISTRICT of SAMARA;SR-03
;4;KUIBYSHEVSKY DISTRICT of SAMARA;SR-04
;5;LENINSKY DISTRICT of SAMARA;SR-05
;6;OKTYABRSKY DISTRICT of SAMARA;SR-06
;7;INDUSTRIALNY DISTRICT of SAMARA;SR-07
;8;SAMARSKY DISTRICT of SAMARA;SR-08
;9;SOVETSKY DISTRICT of SAMARA;SR-09
;10;AVTOZAVODSKY DISTRICT of TOLYATTI;SR-10
;11;KOMSOMOLSKY DISTRICT of TOLYATTI;SR-11
;12;CENTRALNY DISTRICT of TOLYATTI;SR-12
;13;ZHIGULYOVSK;SR-13
;14;KINEL;SR-14
;15;NOVOKUYBYSHEVSK;SR-15
;16;OKTYABRSK;SR-16
;17;OTRADNY;SR-17
;18;POKHVISTNEVO;SR-18
;19;SYZRAN;SR-19
;20;CHAPAEVSK;SR-20
;21;ALEXEYEVSKY AREA;SR-21
;22;BEZENCHUKSKY AREA;SR-22
;23;BOGATOVSKY AREA;SR-23
;24;BOLSHEGLUSHITSKY AREA;SR-24
;25;BOLSHECHERNIGOVSKY AREA;SR-25
;26;BORSKY AREA;SR-26
;27;VOLZHSKY AREA;SR-27
;28;ELKHOVSKY AREA;SR-28
;29;ISAKLINSKY AREA;SR-29
;30;KAMYSHLINSKY AREA;SR-30
;31;KINELSKY AREA;SR-31
;32;KINEL-CHERKASSKIY AREA;SR-32
;33;KLYAVLINSKY AREA;SR-33
;34;KOSHKINSKY AREA;SR-34
;35;KRASNOARMEISKY AREA;SR-35
;36;KRASNOYARSK AREA;SR-36
;37;NEFTEGORSKY AREA / incl. NEFTEGORSK/;SR-37
;38;PESTRAVSKY AREA;SR-38
;39;POKHVISTNEVSKY AREA;SR-39
;40;PRIVOLZHSKY AREA;SR-40
;41;SERGIYEVSKY AREA;SR-41
;42;STAVROPOLSKY AREA;SR-42
;43;SYZRANSKY AREA;SR-43
;44;HVOROSTYANSKY AREA;SR-44
;45;CHELNO-VERSHINSKIY AREA;SR-45
;46;SHENTALINSKY AREA;SR-46
;47;SHIGONSKY AREA;SR-47
ST;;Stavropolsky Kraj   (ST)   UA6H;
;1;LENINSKY DISTRICT of STAVROPOL;ST-01
;2;OKTYABRSKY DISTRICT of STAVROPOL;ST-02
;3;INDUSTRIALNY REGION of STAVROPOL;ST-03
;4;BUDYONOVSK;ST-04
;5;GEORGIYEVSK;ST-05
;6;ESSENTUKI;ST-06
;7;ZHELEZNOVODSK;ST-07
;8;KISLOVODSK;ST-08
;9;LERMONTOV;ST-09
;11;NEVINNOMYSSK;ST-11
;12;PYATIGORSK;ST-12
;13;ALEKSANDROVSKY AREA;ST-13
;14;ANDROPOVSKY AREA;ST-14
;15;APANASENKOVSKY AREA;ST-15
;16;ARZGIRSKY AREA;ST-16
;17;BLAGODARNENSKY AREA / incl. BLAGODARNY /;ST-17
;18;BUDENNOVSKY AREA;ST-18
;19;GEORGIEVSKY AREA;ST-19
;20;GRACHEVSKY AREA;ST-20
;21;IZOBILNENSKY AREA / incl. IZOBILNY /;ST-21
;22;IPATOVSKY AREA / incl. IPATOVO/;ST-22
;23;KIROVSKY AREA / incl. NOVOPAVLOVSK/;ST-23
;24;KOCHUBEEVSKY AREA;ST-24
;25;KRASNOGVARDEISKY AREA;ST-25
;26;KURSKY AREA;ST-26
;27;LEVOKUMSKY AREA;ST-27
;28;MINERALNYE VODY CITY DISTRICT;ST-28
;29;NEFTEKUMSKY AREA / incl. NEFTEKUMSK/;ST-29
;30;NOVOALEKSANDROVSKY AREA / incl. NOVOALEKSANDROVSK/;ST-30
;31;NOVOSELITSKY AREA;ST-31
;32;PETROVSKY AREA / incl. SVETLOGRAD/;ST-32
;33;PREDGORNY AREA;ST-33
;34;SOVETSKY AREA  / incl. ZELENOKUMSK/;ST-34
;35;STEPNOVSKY AREA;ST-35
;36;TRUNOVSKY AREA;ST-36
;37;TURKMENSKY AREA;ST-37
;38;SHPAKOVSKY AREA;ST-38
SV;;Sverdlovskaya oblast   (SV)   UA9C;
;1;VERKH-ISETSKY DISTRICT of EKATERINBURG;SV-01
;2;ZHELEZNODOROZHNY DISTRICT of EKATERINBURG;SV-02
;3;KIROVSKY DISTRICT of EKATERINBURG;SV-03
;4;LENINSKY DISTRICT of EKATERINBURG;SV-04
;5;OKTYABRSKY DISTRICT of EKATERINBURG;SV-05
;6;ORDZHONIKIDZEVSKY DISTRICT of EKATERINBURG;SV-06
;7;CHKALOVSKY DISTRICT of EKATERINBURG;SV-07
;8;KRASNOGORSK DISTRICT of KAMENSK-URALSKY;SV-08
;9;SINARSKY DISTRICT of KAMENSK-URALSKY;SV-09
;10;DZERZHINSKY DISTRICT of NIZHNI TAGIL;SV-10
;11;LENINSKY DISTRICT of NIZHNI TAGIL;SV-11
;12;TAGILSTROYEVSKY DISTRICT of NIZHNI TAGIL;SV-12
;13;CITY OF ALAPAEVSK;SV-13
;14;ARTEMOVSKY CITY DISTRICT;SV-14
;15;ASBESTOVSKY CITY DISTRICT;SV-15
;16;BEREZOVSKY CITY DISTRICT;SV-16
;17;BOGDANOVICH CITY DISTRICT;SV-17
;18;VERHNAYA PYSHMA CITY DISTRICT;SV-18
;19;VERKHNESALDINSKY CITY DISTRICT;SV-19
;20;CITY DISTRICT ZARECHNY;SV-20
;21;IVDEL CITY DISTRICT;SV-21
;22;CITY OF IRBIT;SV-22
;23;KAMYSHLOVSKY CITY DISTRICT;SV-23
;24;KARPINSK CITY DISTRICT;SV-24
;25;KACHKANAR CITY DISTRICT;SV-25
;26;KIROVGRAD CITY DISTRICT;SV-26
;27;KRASNOTURYINSK CITY DISTRICT;SV-27
;28;KRASNOURALSK CITY DISTRICT;SV-28
;29;KUSHVA CITY DISTRICT;SV-29
;30;NEVYANSK CITY DISTRICT;SV-30
;31;NIZHNYAYA SALDA CITY DISTRICT;SV-31
;32;NIZHNYAYA TURA CITY DISTRICT;SV-32
;33;PERVOURALSK CITY DISTRICT;SV-33
;34;POLEVSKOY CITY DISTRICT;SV-34
;35;REVDA CITY DISTRICT;SV-35
;36;REZHEVSKY CITY DISTRICT;SV-36
;37;SEVEROURALSK CITY DISTRICT;SV-37
;38;SEROV CITY DISTRICT;SV-38
;39;SUHOJ LOG CITY DISTRICT;SV-39
;40;TAVDINSKY CITY DISTRICT;SV-40
;41;ZATO LESNOJ;SV-41
;42;NOVOURALSK CITY DISTRICT;SV-42
;43;ALAPAEVSK CITY DISTRICT;SV-43
;45;ARTINSKY CITY DISTRICT;SV-45
;46;ACHITSKY CITY DISTRICT;SV-46
;47;BAYKALOVSKY AREA;SV-47
;48;BELOYARSK CITY DISTRICT;SV-48
;51;VERKHOTURSKY CITY DISTRICT;SV-51
;52;GARINSKY CITY DISTRICT;SV-52
;53;IRBITSKY EDUCATION;SV-53
;54;KAMENSK CITY DISTRICT;SV-54
;55;KAMYSHLOVSKY AREA;SV-55
;56;KRASNOUFIMSKY DISTRICT;SV-56
;58;NIZHNESERGINSKY AREA;SV-58
;60;GORNOURALSKY CITY DISTRICT;SV-60
;61;PYSHMINSKY CITY DISTRICT;SV-61
;64;SLOBODO-TURINSKIY AREA;SV-64
;66;SYSERTSKY CITY DISTRICT;SV-66
;67;TABORINSKY AREA;SV-67
;69;TALITSKY CITY DISTRICT;SV-69
;70;TUGULYMSKY CITY DISTRICT;SV-70
;71;TURINSKY CITY DISTRICT;SV-71
;72;SHALINSKY CITY DISTRICT;SV-72
;74;KRASNOUFIMSK CITY DISTRICT;SV-74
;76;NOVAYA LYALYA CITY DISTRICT;SV-76
;77;ZATO SVOBODNY;SV-77
;78;ZATO URAL`SKY;SV-78
;79;ARAMILSKY CITY DISTRICT;SV-79
;80;BISERTSKY CITY DISTRICT;SV-80
;81;VERHNEE DUBROVO CITY DISTRICT;SV-81
;82;VERH-NEYVINSKIY CITY DISTRICT;SV-82
;83;VERHNY TAGIL CITY DISTRICT;SV-83
;84;VERHNYAYA TURA CITY DISTRICT;SV-84
;85;VOLCHANSKY CITY DISTRICT;SV-85
;86;DEGTYARSK CITY DISTRICT;SV-86
;87;MALYSHEVSKY CITY DISTRICT;SV-87
;88;MAKHNEVSKY MUNICIPALITY;SV-88
;89;PELYM CITY DISTRICT;SV-89
;90;REFTINSKY CITY DISTRICT;SV-90
;91;SOSVINSKY CITY DISTRICT;SV-91
;92;SREDNEURALSK CITY DISTRICT;SV-92
;93;STAROUTKINSK CITY DISTRICT;SV-93
TA;;Republic of Tatarstan   (TA)   UA4P;
;1;AVIASTROITELNY DISTRICT of KAZAN;TA-01
;2;VAKHITOVSKY DISTRICT of KAZAN;TA-02
;3;KIROVSKY DISTRICT of KAZAN;TA-03
;4;MOSKOVSKY DISTRICT of KAZAN;TA-04
;5;NOVO-SAVINOVSKY DISTRICT of KAZAN;TA-05
;6;PRIVOLZHSKY DISTRICT of KAZAN;TA-06
;7;SOVETSKY DISTRICT of KAZAN;TA-07
;20;AGRYZSKY AREA / incl. AGRYZ/;TA-20
;21;AZNAKAYEVSKY AREA / incl. AZNAKAEVO /;TA-21
;22;AKSUBAYEVSKY AREA;TA-22
;23;AKTANYSHSKY AREA;TA-23
;24;ALEXEYEVSKY AREA;TA-24
;25;ALKEEVSKY AREA;TA-25
;26;ALMETYEVSK AREA / incl. ALMETYEVSK /;TA-26
;27;APASTOVSKY AREA;TA-27
;28;ARSKY AREA;TA-28
;29;ATNINSKY AREA;TA-29
;30;BAVLINSKY AREA / incl. BAVLY /;TA-30
;31;BALTASINSKY AREA;TA-31
;32;BUGUL`MINSKY AREA / incl. BUGULMA /;TA-32
;33;BUINSKY AREA / incl. BUINSK /;TA-33
;34;VERKHNEUSLONSKY AREA;TA-34
;35;VYSOKOGORSKY AREA;TA-35
;36;DROZHZHANOVSKY AREA;TA-36
;37;ELABUZHSKY AREA / incl. ELABUGA /;TA-37
;38;ZAINSKY AREA / incl. ZAINSK /;TA-38
;39;ZELENODOLSKY AREA / incl. ZELENODOLSK /;TA-39
;40;KAYBITSKY AREA;TA-40
;41;KAMSKO-USTINSKIY AREA;TA-41
;42;KUKMORSKY AREA;TA-42
;43;LAISHEVSKY AREA;TA-43
;44;LENINOGORSKY AREA / incl. LENINOGORSK /;TA-44
;45;MAMADYSHSKY AREA / incl. MAMADYSh/;TA-45
;46;MENDELEEVSKY AREA / incl. MENDELEEVSK/;TA-46
;47;MENZELINSKY AREA / incl. MENZELINSK/;TA-47
;48;MUSLYUMOVO AREA;TA-48
;49;NIZHNEKAMSKY AREA / incl. NIZHNEKAMSK /;TA-49
;50;NOVOSHESHMINSKY AREA;TA-50
;51;NURLATSKY AREA / incl. NURLAT /;TA-51
;52;PESTRECHINSKY AREA;TA-52
;53;RYBNO-SLOBODSKY AREA;TA-53
;54;SABINSKY AREA;TA-54
;55;SARMANOVSKY AREA;TA-55
;56;SPASSKY AREA / incl. BOLGAR /;TA-56
;57;TETYUSHSKY AREA / incl. TETYuShI/;TA-57
;58;TUKAYEVSKY AREA;TA-58
;59;TYULYACHINSKY AREA;TA-59
;60;CHEREMSHANSKY AREA;TA-60
;61;CHISTOPOLSKY AREA / incl. CHISTOPOL /;TA-61
;62;YUTAZINSKY AREA;TA-62
;64;AVTOZAVODSKOJ DISTRICT of NABEREZHNYE CHELNY;TA-64
;65;KOMSOMOLSKY DISTRICT of NABEREZHNYE CHELNY;TA-65
;66;CENTRALNY DISTRICT of NABEREZHNYE CHELNY;TA-66
TB;;Tambovskaya oblast   (TB)   UA3R;
;1;LENINSKY DISTRICT of TAMBOV;TB-01
;2;OKTYABRSKY DISTRICT of TAMBOV;TB-02
;3;SOVETSKY DISTRICT of TAMBOV;TB-03
;4;KIRSANOV;TB-04
;5;KOTOVSK;TB-05
;6;MICHURINSK;TB-06
;7;MORSHANSK;TB-07
;8;RASSKAZOVO;TB-08
;9;UVAROVO;TB-09
;10;BONDARSKY AREA;TB-10
;11;GAVRILOVSKY AREA;TB-11
;12;ZHERDEVSKY AREA / incl. ZhERDEVKA/;TB-12
;13;ZNAMENSKY AREA;TB-13
;14;INZHAVINSKY AREA;TB-14
;15;KIRSANOVSKY AREA;TB-15
;16;MICHURINSK AREA;TB-16
;17;MORDOVSKY AREA;TB-17
;18;MORSHANSKY AREA;TB-18
;19;MUCHKAPSKY AREA;TB-19
;20;NIKIFOROVSKY AREA;TB-20
;21;PERVOMAJSKY AREA;TB-21
;22;PETROVSKY AREA;TB-22
;23;PICHAYEVSKY AREA;TB-23
;24;RASSKAZOVSKY AREA;TB-24
;25;RZHAKSINSKY AREA;TB-25
;26;SAMPURSKY AREA;TB-26
;27;SOSNOVSKY AREA;TB-27
;28;STAROYURYEVSKY AREA;TB-28
;29;TAMBOVSKY AREA;TB-29
;30;TOKAREVSKY AREA;TB-30
;31;UVAROVSKY AREA;TB-31
;32;UMETSKY AREA;TB-32
TL;;Tul`skaya oblast   (TL)   UA3P;
;1;ZARECHNY DISTRICT of TULA;TL-01
;2;PRIVOKZAL`NY DISTRICT of TULA;TL-02
;3;PROLETARSKY DISTRICT of TULA;TL-03
;4;SOVIETSKY DISTRICT of TULA;TL-04
;5;CENTRALNY DISTRICT of TULA;TL-05
;8;DONSKOY / incl. SEVERO-ZADONSK/;TL-08
;11;CITY DISTRICT NOVOMOSKOVSK;TL-11
;14;CITY ALEKSIN;TL-14
;15;ARSENYEVSKY AREA;TL-15
;16;BELEVSKY AREA / incl. BELEV/;TL-16
;17;BOGORODITSKY AREA / incl. BOGORODITsK/;TL-17
;18;VENEVSKY AREA / incl. BEHEB/;TL-18
;19;VOLOVSKY AREA;TL-19
;20;DUBENSKII AREA;TL-20
;21;CITY EFREMOV;TL-21
;22;ZAOKSKY AREA;TL-22
;23;KAMENSKY AREA     ;TL-23
;24;KIMOVSKY AREA / incl. KIMOVSK/;TL-24
;25;KIREEVSKY AREA / incl. KIREEVSK;TL-25
;26;KURKINSKY AREA;TL-26
;29;ODOEVSKY AREA;TL-29
;30;PLAVSKY AREA / incl. PLAVSK/;TL-30
;31;SUVOROVSKY AREA / incl. SUVOROV;TL-31
;32;TEPLO-OGAREVSKY AREA;TL-32
;33;UZLOVSKY AREA / incl. UZLOVAYA /;TL-33
;34;CHERNENSKY AREA;TL-34
;35;SHCHEKINSKY AREA / incl. ShchEKINO;TL-35
;36;YASNOGORSKY AREA / incl. YaSNOGORSK/;TL-36
;37;NOVOGUROVSKY;TL-37
;38;SLAVNY;TL-38
TN;;Tyumenskaya oblast   (TN)   UA9L;
;1;KALININSKY DISTRICT of TYUMEN;TN-01
;2;LENINSKY DISTRICT of TYUMEN;TN-02
;3;CENTRALNY DISTRICT of TYUMEN;TN-03
;4;ZAVODOUKOVSKY CITY DISTRICT;TN-04
;5;ISHIM;TN-05
;6;TOBOLSK;TN-06
;7;YALUTOROVSK;TN-07
;8;ABATSKY AREA;TN-08
;9;ARMIZONSKY AREA;TN-09
;10;AROMASHEVSKY AREA;TN-10
;11;BERDYUZHSKY AREA;TN-11
;12;VAGAYSKY AREA;TN-12
;13;VIKULOVSKY AREA;TN-13
;14;GOLYSHMANOVSKY AREA;TN-14
;16;ISETSKY AREA;TN-16
;17;ISHIMSKY AREA;TN-17
;18;KAZANSKY AREA;TN-18
;19;NIZHNETAVDINSKY AREA;TN-19
;20;OMUTINSKY AREA;TN-20
;21;SLADKOVSKY AREA;TN-21
;22;SOROKINSKY AREA;TN-22
;23;TOBOLSKY AREA;TN-23
;24;TYUMENSKY AREA;TN-24
;25;UVATSKY AREA;TN-25
;26;UPOROVSKY AREA;TN-26
;27;YURGINSKY AREA;TN-27
;28;YALUTOROVSKY AREA;TN-28
;29;YARKOVSKY AREA;TN-29
;30;EAST DISTRICT of TYUMEN;TN-30
TO;;Tomskaya oblast   (TO)   UA9H;
;1;KIROVSKY DISTRICT of TOMSK;TO-01
;2;LENINSKY DISTRICT of TOMSK;TO-02
;3;OKTYABRSKY DISTRICT of TOMSK;TO-03
;4;SOVETSKY DISTRICT of TOMSK;TO-04
;7;KEDROVY;TO-07
;8;STREZHEVOJ;TO-08
;9;ZATO SEVERSK;TO-09
;10;ALEKSANDROVSKY AREA;TO-10
;11;ASINOVSKY AREA / incl. ASINO/;TO-11
;12;BAKCHARSKY AREA;TO-12
;13;VERKHNEKETSKY AREA;TO-13
;14;ZYRJANSKY AREA;TO-14
;15;KARGASOKSKY AREA;TO-15
;16;KOZHEVNIKOVSKY AREA;TO-16
;17;KOLPASHEVSKY AREA / incl. KOLPAShEVO/;TO-17
;18;KRIVOSHEINSKY AREA;TO-18
;19;MOLCHANOVSKY AREA;TO-19
;20;PARABELSKY AREA;TO-20
;21;PERVOMAJSKY AREA;TO-21
;22;TEGULDETSKY AREA;TO-22
;23;TOMSKY AREA;TO-23
;24;CHAINSKY AREA;TO-24
;25;SHEGARSKY AREA;TO-25
TU;;Republic of Tuva   (TU)   UA0Y;
;1;KYZYL;TU-01
;2;AK-DOVURAK;TU-02
;3;BAY-TAYGINSKIY KOZHUUN;TU-03
;4;BARUN-HEMCHIKSKY KOZHUUN;TU-04
;5;DZUN-HEMCHIKSKY KOZHUUN / incl. ChADAN/;TU-05
;6;KAA-HEMSKY KOZHUUN;TU-06
;7;KYZYLSKY KOZHUUN;TU-07
;8;MONGUN-TAYGINSKY KOZHUUN;TU-08
;9;OVYURSKY KOZHUUN;TU-09
;10;PIY-HEMSKIY KOZHUUN / incl. TURAN /;TU-10
;11;SUT-HOLSKIY KOZHUUN;TU-11
;12;TANDINSKY KOZHUUN;TU-12
;13;TES-HEMSKY KOZHUUN;TU-13
;14;TODZHINSKY KOZHUUN;TU-14
;15;ULUG-HEMSKY KOZHUUN / incl. ShAGONAR/;TU-15
;16;CHAA-HOLSKY KOZHUUN;TU-16
;17;CHEDI-HOLSKY KOZHUUN;TU-17
;18;ERZINSKY KOZHUUN;TU-18
;19;TERE-HOLSKIY KOZHUUN;TU-19
TV;;Tverskaya oblast   (TV)   UA3I;
;1;ZAVOLZHYE DISTRICT of TVER;TV-01
;2;MOSKOVSKY DISTRICT of TVER;TV-02
;3;PROLETARSKY DISTRICT of TVER;TV-03
;4;CENTRALNY DISTRICT of TVER;TV-04
;7;VYSHNY VOLOCHEK;TV-07
;9;KIMRY;TV-09
;13;RZHEV;TV-13
;14;TORZHOK;TV-14
;16;ANDREAPOLSKY AREA / incl. ANDREAPOL /;TV-16
;17;BEZHETSKY AREA / incl. BEZHETSK /;TV-17
;18;BELSKY AREA / incl. White /;TV-18
;19;BOLOGOVSKY AREA / incl. BOLOGOYE /;TV-19
;20;VESYEGONSKY AREA / incl. VESEGONSK/;TV-20
;21;VYSHNEVOLOTSKY AREA;TV-21
;22;ZHARKOVSKY AREA;TV-22
;23;ZAPADNODVINSKY AREA / incl. ZAPADNAJA DVINA /;TV-23
;24;ZUBTSOVSKY AREA / incl. ZUBTSOV /;TV-24
;25;KALININSKY AREA;TV-25
;26;KALYAZINSKY AREA / incl. KALYAZIN /;TV-26
;27;KASHINSKY AREA / incl. KAShIN/;TV-27
;28;KESOVOGORSKY AREA;TV-28
;29;KIMRSKY AREA;TV-29
;30;KONAKOVSKY AREA / incl. KONAKOVO /;TV-30
;31;KRASNOKHOLMSKY AREA / incl. KRASNYJ HOLM /;TV-31
;32;KUVSHINOVSKY AREA / incl. KUVShINOVO/;TV-32
;33;LESNOJ AREA;TV-33
;34;LIKHOSLAVLSKY AREA / incl. LIHOSLAVL/;TV-34
;35;MAKSATIKHINSKY AREA;TV-35
;36;MOLOKOVSKY AREA;TV-36
;37;NELIDOVSKY AREA / incl. NELIDOVO/;TV-37
;38;OLENINSKY AREA;TV-38
;39;OSTASHKOVSKY AREA / incl. OSTAShKOV/;TV-39
;40;PENOVSKY AREA;TV-40
;41;RAMESHKOVSKY AREA;TV-41
;42;RZHEVSKY AREA;TV-42
;43;SANDOVSKY AREA;TV-43
;44;SELIZHAROVSKY AREA;TV-44
;45;SONKOVSKY AREA;TV-45
;46;SPIROVSKY AREA;TV-46
;47;STARITSKY AREA / incl. STARITsA/;TV-47
;48;TORZHOKSKY AREA;TV-48
;49;TOROPETSKY AREA / incl. TOROPETs/;TV-49
;50;UDOMLYA AREA / incl. UDOMLYA /;TV-50
;51;FIROVSKY AREA;TV-51
;52;ZATO SOLNECHNY;TV-52
;53;ZATO OZERNY;TV-53
UD;;Republic of Udmurtia   (UD)   UA4W;
;1;INDUSTRIALNY DISTRICT of IZHEVSK ;UD-01
;2;LENINSKY DISTRICT of IZHEVSK;UD-02
;3;OKTYABRSKY DISTRICT of IZHEVSK;UD-03
;4;PERVOMAJSKY DISTRICT of IZHEVSK;UD-04
;5;USTINOVSKY DISTRICT of IZHEVSK;UD-05
;6;VOTKINSK;UD-06
;7;GLAZOV;UD-07
;8;MOZHGA;UD-08
;9;SARAPUL;UD-09
;10;ALNASHSKY AREA;UD-10
;11;BALEZINSKY AREA;UD-11
;12;VAVOZHSKY AREA;UD-12
;13;VOTKINSKY AREA;UD-13
;14;GLAZOVSKY AREA;UD-14
;15;GRAKHOVSKY AREA;UD-15
;16;DEBESSKY AREA;UD-16
;17;ZAVYALOVSKY AREA;UD-17
;18;IGRINSKY AREA;UD-18
;19;KAMBARSKY AREA / incl. KAMBARKA/;UD-19
;20;KEZSKY AREA;UD-20
;21;KIZNERSKY AREA;UD-21
;22;KIYASOVSKY AREA;UD-22
;23;KRASNOGORSKY AREA;UD-23
;24;MALOPURGINSKY AREA;UD-24
;25;MOZHGINSKY AREA;UD-25
;26;SARAPULSKY AREA;UD-26
;27;SELTINSKY AREA;UD-27
;28;SYUMSINSKY AREA;UD-28
;29;UVINSKY AREA;UD-29
;30;SHARKANSKY AREA;UD-30
;31;YUKAMENSKY AREA;UD-31
;32;YAKSHUR-BODINSKIY AREA;UD-32
;33;YARSKY AREA;UD-33
;34;KARAKULINSKY AREA;UD-34
UL;;Ulyanovskaya oblast   (UL)   UA4L;
;1;ZHELEZNODOROZHNY DISTRICT of ULYANOVSK;UL-01
;2;ZAVOLZHSKY DISTRICT of ULYANOVSK;UL-02
;3;ZASVIYAZHSKY DISTRICT of ULYANOVSK;UL-03
;4;LENINSKY DISTRICT of ULYANOVSK;UL-04
;6;DIMITROVGRAD;UL-06
;7;BAZARNOSYZGANSKY AREA;UL-07
;8;BARYSHSKY AREA / incl. BARYSH /;UL-08
;9;VESHKAYMSKY AREA;UL-09
;10;INZENSKY AREA / incl. INZA/;UL-10
;11;KARSUNSKY AREA;UL-11
;12;KUZOVATOVSKY AREA;UL-12
;13;MAJNSKY AREA;UL-13
;14;MELEKESSKY AREA;UL-14
;15;NIKOLAEVSKY AREA;UL-15
;16;NOVOMALYKLINSKY AREA;UL-16
;17;NOVOSPASSKY AREA;UL-17
;18;PAVLOVSKY AREA;UL-18
;19;RADISHCHEVSKY AREA;UL-19
;20;SENGILEEVSKY AREA / incl. SENGILEY/;UL-20
;21;STAROKULATKINSKY AREA;UL-21
;22;STAROMAJNSKY AREA;UL-22
;23;SURSKY AREA;UL-23
;24;TERENGULSKY AREA;UL-24
;25;ULYANOVSKY AREA;UL-25
;26;TSILNINSKY AREA;UL-26
;27;CHERDAKLINSKY AREA;UL-27
;28;NOVOULYANOVSK;UL-28
VG;;Volgogradskaya oblast   (VG)   UA4A;
;1;VOROSHILOVSKY DISTRICT of VOLGOGRAD;VG-01
;2;DZERZHINSKY DISTRICT of VOLGOGRAD;VG-02
;3;KIROVSKY DISTRICT of VOLGOGRAD;VG-03
;4;KRASNOARMEISKY DISTRICT of VOLGOGRAD;VG-04
;5;KRASNOOKTYABRSKY DISTRICT of VOLGOGRAD;VG-05
;6;SOVETSKY DISTRICT of VOLGOGRAD;VG-06
;7;TRAKTOROZAVODSKY DISTRICT of VOLGOGRAD;VG-07
;8;CENTRALNY DISTRICT of VOLGOGRAD;VG-08
;9;VOLZHSKY;VG-09
;10;KAMYSHIN;VG-10
;11;CITY DISTRICT CITY OF MIKHAILOVKA;VG-11
;12;URYUPINSK;VG-12
;13;FROLOVO;VG-13
;14;ALEXEYEVSKY AREA;VG-14
;15;BYKOVSKY AREA;VG-15
;16;GORODISHCHENSKY AREA;VG-16
;17;DANILOVSKY AREA;VG-17
;18;DUBOVSKY AREA / incl. DUBOVKA/;VG-18
;19;ELANSKY AREA;VG-19
;20;ZHIRNOVSKY AREA / incl. ZhIRNOVSK/;VG-20
;21;ILOVLINSKY AREA;VG-21
;22;KALACHEVSKY AREA / incl. KALACh-NA-DONU/;VG-22
;23;KAMYSHINSKY AREA / incl. PETROV VAL /;VG-23
;24;KIKVIDZENSKY AREA;VG-24
;25;KLETSKY AREA;VG-25
;26;KOTELNIKOVSKY AREA / incl. KOTELNIKOVO/;VG-26
;27;KOTOVSKY AREA / incl. KOTOVO /;VG-27
;28;KUMYLZHENSKY AREA;VG-28
;29;LENINSKY AREA / incl. LENINSK /;VG-29
;31;NEKHAYEVSKY AREA;VG-31
;32;NIKOLAEVSKY AREA / incl. NIKOLAEVSK /;VG-32
;33;NOVOANNINSKY AREA / incl. NOVOANNINSKIY/;VG-33
;34;NOVONIKOLAEVSKY AREA;VG-34
;35;OKTYABRSKY AREA;VG-35
;36;OLKHOVSKY AREA;VG-36
;37;PALLASOVSKY AREA / incl. PALLASOVKA/;VG-37
;38;RUDNYANSKY AREA;VG-38
;39;SVETLOYARSKY AREA;VG-39
;40;SERAFIMOVICHSKY AREA / incl. SERAFIMOVICH /;VG-40
;41;SREDNEAKHTUBINSKY AREA / incl. KRASNOSLOBODSK/;VG-41
;42;STAROPOLTAVSKY AREA;VG-42
;43;SUROVIKINSKY AREA / incl. SUROVIKINO/;VG-43
;44;URYUPINSK AREA;VG-44
;45;FROLOVSKY AREA;VG-45
;46;CHERNYSHKOVSKY AREA;VG-46
VL;;Vladimirskaya oblast   (VL)   UA3V;
;1;LENINSKY DISTRICT of VLADIMIR ;VL-01
;2;OKTYABRSKY DISTRICT of VLADIMIR;VL-02
;3;FRUNZENSKY DISTRICT of VLADIMIR;VL-03
;6;GUS-KHRUSTALNY;VL-06
;7;KOVROV;VL-07
;9;MUROM;VL-09
;12;RADUZHNY;VL-12
;13;ALEKSANDROVSKY AREA / incl. ALEXANDROV;VL-13
;14;VYAZNIKOVSKY AREA /incl. of VYAZNIKI/;VL-14
;15;GOROKHOVETSKY AREA / incl. GOROHOVETs/;VL-15
;16;GUS-KHRUSTALNY AREA;VL-16
;17;KAMESHKOVSKY AREA / incl. KAMEShKOVO/;VL-17
;18;KIRZHACHSKY AREA / incl. KIRZHACH /;VL-18
;19;KOVROVSKY AREA;VL-19
;20;KOLCHUGINSKY AREA / incl. KOLChUGINO/;VL-20
;21;MELENKOVSKY AREA / incl. MELENKI/;VL-21
;22;MUROMSKY AREA;VL-22
;23;PETUSHINSKY AREA / incl. PETUSHKI;VL-23
;24;SELIVANOVSKY AREA;VL-24
;25;SOBINSKY AREA / incl. SOBINKA;VL-25
;26;SUDOGODSKY AREA / incl. SUDOGDA/;VL-26
;27;SUZDALSKY AREA / incl. SUZDAL /;VL-27
;28;YuREV-POLSKIY AREA / incl. YuREV-POLSKIY/;VL-28
VO;;Vologodskaya oblast   (VO)   UA1Q;
;1;VOLOGDA;VO-01
;4;CHEREPOVETS;VO-04
;5;BABAYEVSKY AREA / incl. BABAYEVO /;VO-05
;6;BABUSHKINSKY AREA;VO-06
;7;BELOZERSKY AREA / incl. BELOZERSK /;VO-07
;8;VASHKINSKY AREA;VO-08
;9;VELIKOUSTYZHSKY AREA / incl. VELIKIY USTYUG;VO-09
;10;VERKHOVAZHSKY AREA;VO-10
;11;VOZHEGODSKY AREA;VO-11
;12;VOLOGODSKY AREA;VO-12
;13;VYTEGORSKY AREA / incl. VYTEGRA /;VO-13
;14;GRYAZOVETSKY AREA / incl. GRYaZOVETs/;VO-14
;15;KADUYSKY AREA;VO-15
;16;KIRILLOVSKY AREA / incl. KIRILLOV/;VO-16
;17;KICHMENGSKO-GORODETSKY AREA;VO-17
;18;MEZHDURECHENSKY AREA;VO-18
;19;NIKOLSKY AREA / incl. NIKOLSK/;VO-19
;20;NYUKSENSKY AREA;VO-20
;21;SOKOLSKY AREA / incl. Falcon;VO-21
;22;SYAMZHENSKY AREA;VO-22
;23;TARNOGSKY AREA;VO-23
;24;TOTEMSKY AREA / incl. TOT`MA/;VO-24
;25;UST-KUBINSKIY AREA;VO-25
;26;USTYUZHENSKY AREA / incl. USTYUZHNA /;VO-26
;27;HAROVSKY AREA / incl. HAROVSK /;VO-27
;28;CHAGODOSHCHENSKY AREA;VO-28
;29;CHEREPOVETSKY AREA;VO-29
;30;SHEKSNINSKY AREA;VO-30
VR;;Voronezhskaya oblast   (VR)   UA3Q;
;1;ZHELEZNODOROZHNY DISTRICT of VORONEZH;VR-01
;2;KOMINTERNOVSKY DISTRICT of VORONEZH;VR-02
;3;LEVOBEREZHNY DISTRICT of VORONEZH;VR-03
;4;LENINSKY DISTRICT of VORONEZH;VR-04
;5;SOVETSKY DISTRICT of VORONEZH;VR-05
;6;CENTRALNY DISTRICT of VORONEZH;VR-06
;7;BORISOGLEBSK CITY DISTRICT;VR-07
;9;NOVOVORONEZH;VR-09
;13;ANNINSKY AREA;VR-13
;14;BOBROVSKY AREA / incl. BOBROV /;VR-14
;15;BOGUCHARSKY AREA / incl. BOGUChAR/;VR-15
;17;BUTURLINOVSKY AREA / incl. BUTURLINOVKA/;VR-17
;18;VERKHNEMAMONSKY AREA;VR-18
;19;VERKHNEKHAVSKY AREA;VR-19
;20;VOROBYEVSKY AREA;VR-20
;21;GRIBANOVSKY AREA;VR-21
;22;KALACHEEVSKY AREA / incl. KALACH /;VR-22
;23;KAMENSKY AREA;VR-23
;24;KANTEMIROVSKY AREA;VR-24
;25;KASHIRSKY AREA;VR-25
;26;LISKINSKY AREA / incl. LISKI/;VR-26
;27;NIZHNEDEVITSKY AREA;VR-27
;28;NOVOUSMANSKY AREA;VR-28
;29;NOVOKHOPERSKY AREA / incl. NOVOHOPERSK/;VR-29
;30;OLKHOVATSKY AREA;VR-30
;31;OSTROGOZHSKY AREA / incl. OSTROGOZhSK/;VR-31
;32;PAVLOVSKY AREA / incl. PAVLOVSK/;VR-32
;33;PANINSKY AREA;VR-33
;34;PETROPAVLOVSKY AREA;VR-34
;35;POVORINSKY AREA / incl. POVORINO/;VR-35
;36;PODGORENSKY AREA;VR-36
;37;RAMONSKY AREA;VR-37
;38;REPYEVSKY AREA;VR-38
;39;ROSSOSHANSKY AREA / incl. ROSSOSH /;VR-39
;40;SEMILUKSKY AREA / incl. SEMILUKI/;VR-40
;41;TALOVSKY AREA;VR-41
;42;TERNOVSKY AREA;VR-42
;43;HOKHOLSKY AREA;VR-43
;44;ERTILSKY AREA / incl. ERTIL/;VR-44
YA;;Republic of Yakutia   (YA)   UA0Q;
;1;YAKUTSK;YA-01
;6;ABYJSKY AREA;YA-06
;7;ALDANSKY AREA / incl. ALDAN;YA-07
;8;ALLAIHOVSKY AREA;YA-08
;9;AMGINSKY AREA;YA-09
;10;ANABARSKY NATIONAL AREA;YA-10
;11;BULUNSKY AREA;YA-11
;12;VERKHNEVILYUYSKY AREA;YA-12
;13;VERKHNEKOLYMSKY AREA;YA-13
;14;VERKHOYANSKY AREA / incl. VERKHOYANSK /;YA-14
;15;VILYUYSKY AREA / incl. VILYuYSK/;YA-15
;16;GORNY AREA;YA-16
;17;ZHIGANSKY AREA;YA-17
;18;KOBYAYSKY AREA;YA-18
;19;LENSKY AREA / incl. LENSK /;YA-19
;20;MEGINO-KANGALASSKY AREA;YA-20
;21;MIRNINSKY AREA / incl. MIRNY;YA-21
;22;MOMSKY NATIONAL AREA;YA-22
;23;NAMSKY AREA;YA-23
;24;NIZHNEKOLYMSKY AREA;YA-24
;25;NYURBINSKY AREA / incl. NYuRBA/;YA-25
;26;OJMJAKONSKY AREA;YA-26
;27;OLEKMINSKY AREA / incl. OLEKMINSK/;YA-27
;28;OLENEKSKY NATIONAL AREA;YA-28
;29;SREDNEKOLYMSKY AREA / incl. SREDNEKOLYMSK/;YA-29
;30;SUNTARSKY AREA;YA-30
;31;TATTINSKY AREA;YA-31
;32;TOMPONSKY AREA;YA-32
;33;UST-ALDANSKIY AREA;YA-33
;34;UST-MAYSKIY AREA;YA-34
;35;UST-YANSKIY AREA;YA-35
;36;HANGALASSKY AREA / incl. POKROVSK /;YA-36
;37;CHURAPCHINSKY AREA;YA-37
;38;EVENO-BYTANTAJSKY NATIONAL AREA;YA-38
;39;NERYUNGRINSKY AREA / incl. NERYuNGRI/;YA-39
;40;ZHATAJ;YA-40
YN;;Yamalo-Nenetsky Autonomous Okrug   (YN)   UA9K;
;1;SALEKHARD;YN-01
;2;GUBKINSKY;YN-02
;3;LABYTNANGI;YN-03
;4;MURAVLENKO;YN-04
;6;NOVYJ URENGOY;YN-06
;7;NOYABRSK;YN-07
;8;KRASNOSELKUPSKY AREA;YN-08
;9;NADYMSKY AREA / incl. NADYM / ;YN-09
;10;PRIURAL`SKY AREA;YN-10
;11;PUROVSKY AREA;YN-11
;12;TAZOVSKY DISTRICT;YN-12
;13;SHURYSHKARSKY AREA;YN-13
;14;YAMALSKY AREA;YN-14
YR;;Yaroslavskaya oblast   (YR)   UA3M;
;1;DZERZHINSKY DISTRICT of YAROSLAVL;YR-01
;2;ZAVOLZHSKY DISTRICT of YAROSLAVL;YR-02
;3;KIROVSKY DISTRICT of YAROSLAVL;YR-03
;4;KRASNOPEREKOPSKY DISTRICT of YAROSLAVL;YR-04
;5;LENINSKY DISTRICT of YAROSLAVL;YR-05
;6;FRUNZENSKY DISTRICT of YAROSLAVL;YR-06
;7;PERESLAVL-ZALESSKY;YR-07
;9;RYBINSK;YR-09
;12;BOLSHESELSKY AREA;YR-12
;13;BORISOGLEBSKY AREA;YR-13
;14;BREYTOVSKY AREA;YR-14
;15;GAVRILOV-YaMSKY AREA / incl. GAVRILOV-YaM/;YR-15
;16;DANILOVSKY AREA / incl. DANILOV /;YR-16
;17;LYUBIMSKY AREA / incl. LYUBIM /;YR-17
;18;MYSHKINSKY AREA / incl. MYShKIN/;YR-18
;19;NEKOUZSKY AREA;YR-19
;20;NEKRASOVSKY AREA;YR-20
;21;PERVOMAJSKY AREA;YR-21
;22;PERESLAVSKY AREA;YR-22
;23;POSHEKHONSKY AREA / incl. POSHEKHON`E /;YR-23
;24;ROSTOVSKY AREA / incl. ROSTOV /;YR-24
;25;RYBINSKY AREA;YR-25
;26;TUTAYEVSKY AREA / incl. TUTAEV /;YR-26
;27;UGLICHSKY AREA / incl. UGLICH /;YR-27
;28;YAROSLAVSKY AREA;YR-28
ZK;;Zabajkal`sky Kraj   (ZK)   UA0U;
;1;ZHELEZNODOROZHNY DISTRICT of CHITA;ZK-01
;2;INGODINSKY DISTRICT of CHITA;ZK-02
;3;CENTRALNY DISTRICT of CHITA;ZK-03
;4;CHERNOVSKY DISTRICT of CHITA;ZK-04
;8;PETROVSK-ZABAYKALSKIY;ZK-08
;9;AKSHINSKY AREA;ZK-09
;10;ALEKSANDROVO-ZAVODSKIY AREA;ZK-10
;11;BALEJSKY AREA / incl. BALEY/;ZK-11
;12;BORZINSKY AREA / incl. BORZYa/;ZK-12
;13;GAZIMURO-ZAVODSKY AREA;ZK-13
;14;TRANSBAIKALSKY AREA;ZK-14
;15;KALARSKY AREA;ZK-15
;16;KALGANSKY AREA;ZK-16
;17;KARYMSKY AREA;ZK-17
;18;KRASNOKAMENSKY AREA / incl. KRASNOKAMENSK /;ZK-18
;19;KRASNOCHIKOYSKY AREA;ZK-19
;20;KYRINSKY AREA;ZK-20
;21;MOGOCHINSKY AREA / incl. MOGOChA/;ZK-21
;22;NERCHINSKY AREA / incl. NERCHINSK /;ZK-22
;23;NERCHINSKO-ZAVODSKY AREA;ZK-23
;24;OLOVYANNINSKY AREA;ZK-24
;25;ONONSKY AREA;ZK-25
;26;PETROVSK-ZABAYKALSKY AREA;ZK-26
;27;PRIARGUNSKY AREA;ZK-27
;28;SRETENSKY AREA / incl. SRETENSK /;ZK-28
;29;TUNGIRO-OLEKMINSKIY AREA;ZK-29
;30;ULETOVSKY AREA;ZK-30
;31;HILOKSKY AREA / incl. HILOK/;ZK-31
;32;CHERNYSHEVSKY AREA;ZK-32
;33;CHITINSKY AREA;ZK-33
;34;SHELOPUGINSKY AREA;ZK-34
;35;SHILKINSKY AREA / incl. SHILKA /;ZK-35
;36;TUNGOKOCHENSKY AREA;ZK-36
;37;AGINSKY AREA;ZK-37
;38;DULDURGINSKY AREA;ZK-38
;39;MOGOYTUYSKY AREA;ZK-39
;40;AGINSKOE;ZK-40
;41;ZATO POSELOK GORNY;ZK-41
