AB-01;ZK-37
AB-02;ZK-38
AB-03;ZK-39
AO-05;AO-07
AR-08;AR-23
AR-27;AR-26
BA-09;BA-33
BA-10;BA-36
BA-11;BA-38
BA-12;BA-40
BA-13;BA-42
BA-14;BA-47
BA-15;BA-49
BA-16;BA-55
BA-18;BA-64
BA-24;BA-73
BA-25;BA-75
BA-26;BA-81
BO-03;BO-08
BO-04;BO-11
BO-07;BO-27
BO-15;BO-05
BO-25;BO-06
BR-05;BR-14
CB-11;CB-34
CB-16;CB-39
CB-17;CB-40
CB-18;CB-41
CB-24;CB-49
CK-03;CK-02
CK-09;CK-05
CN-07;CN-14
CN-08;CN-20
CN-09;CN-22
EV-01;KK-67
EV-02;KK-67
EV-03;KK-67
HM-02;HM-15
IR-07;IR-20
IR-08;IR-22
IR-10;IR-34
IR-12;IR-37
IR-16;IR-41
IR-18;IR-45
IV-08;IV-27
KA-01;KA-03
KA-04;KA-05
KE-17;KE-30
KE-26;KE-40
KE-36;KE-22
KG-04;KG-15
KK-13;KK-54
KK-14;KK-59
KL-02;KL-11
KL-03;KL-12
KL-05;KL-18
KL-06;KL-22
KL-09;KL-19
KM-15;KM-02
KM-16;KM-05
KO-21;KO-01
KP-01;PM-52
KP-02;PM-53
KP-03;PM-54
KP-04;PM-55
KP-05;PM-56
KP-06;PM-57
KP-07;PM-58
KR-14;KR-28
KR-17;KR-33
KR-18;KR-34
KR-19;KR-40
KR-20;KR-43
KR-21;KR-52
KR-22;KR-57
KR-23;KR-58
KR-25;KR-12
KT-02;KT-06
KY-01;KT-11
KY-02;KT-12
KY-03;KT-13
KY-04;KT-14
LO-01;LO-20
LO-02;LO-22
LO-03;LO-23
LO-04;LO-24
LO-05;LO-25
LO-06;LO-26
LO-07;LO-26
LO-08;LO-27
LO-09;LO-28
LO-10;LO-29
LO-11;LO-31
LO-12;LO-20
LO-13;LO-32
LO-14;LO-33
LO-15;LO-34
LO-17;LO-35
LO-18;LO-36
LO-19;LO-28
LO-37;LO-23
MD-04;MD-17
MD-05;MD-22
MO-05;MO-59
MO-07;MO-60
MO-11;MO-62
MO-12;MO-01
MO-17;MO-64
MO-18;MO-65
MO-19;MO-36
MO-20;MO-66
MO-29;MO-74
MO-30;MO-75
MO-31;MO-76
MO-32;MO-77
MO-33;MO-78
MO-35;MO-80
MO-38;MO-82
MO-40;MO-83
MO-43;MO-85
MO-45;MO-88
MO-46;MO-89
MO-47;MA-12
MO-51;MO-92
MO-53;MA-11
MO-55;MO-22
MO-57;MO-01
MO-61;MO-09
MO-81;MO-36
MO-91;MO-49
MU-12;MU-22
MU-14;MU-22
MU-15;MU-22
NN-10;NN-22
NN-11;NN-23
NN-12;NN-26
NN-13;NN-36
NN-14;NN-38
NN-16;NN-45
NN-17;NN-46
NN-18;NN-50
NS-41;NS-12
NS-44;NS-24
NV-02;NV-05
NV-03;NV-20
OB-08;OB-17
OB-12;OB-31
OB-15;OB-46
OB-16;OB-51
OB-52;OB-45
OM-06;OM-16
OM-07;OM-17
OM-08;OM-25
OM-09;OM-37
OM-10;OM-39
PE-05;PE-18
PE-07;PE-33
PE-21;PE-32
PK-23;PK-10
PK-33;PK-14
PM-12;PM-50
PM-16;PM-32
PM-18;PM-49
PM-19;PM-48
RO-11;RO-27
RO-17;RO-41
RO-18;RO-45
RO-21;RO-57
SA-07;SA-21
SA-08;SA-23
SA-09;SA-24
SA-10;SA-26
SA-11;SA-34
SA-12;SA-38
SA-13;SA-43
SA-14;SA-45
SA-15;SA-48
SA-16;SA-55
SA-18;SA-56
SL-02;SL-10
SL-03;SL-12
SL-04;SL-13
SL-05;SL-16
SL-06;SL-18
SL-07;SL-19
SL-08;SL-23
SL-09;SL-24
SL-27;SL-19
SP-11;SP-17
SP-15;SP-18
ST-10;ST-28
SV-44;SV-14
SV-49;SV-17
SV-50;SV-19
SV-57;SV-30
SV-59;SV-76
SV-62;SV-36
SV-63;SV-38
SV-65;SV-39
SV-68;SV-40
SV-75;SV-60
TA-08;TA-21
TA-09;TA-26
TA-10;TA-30
TA-11;TA-32
TA-12;TA-37
TA-13;TA-38
TA-14;TA-39
TA-15;TA-44
TA-17;TA-49
TA-18;TA-51
TA-19;TA-61
TA-63;TA-33
TL-06;TL-14
TL-07;TL-17
TL-09;TL-21
TL-10;TL-24
TL-12;TL-33
TL-13;TL-35
TL-28;TL-11
TM-01;KK-65
TM-02;KK-65
TM-03;KK-65
TM-04;KK-65
TM-05;KK-65
TN-15;TN-04
TO-05;TO-11
TO-06;TO-17
TV-05;TV-17
TV-06;TV-19
TV-08;TV-27
TV-10;TV-30
TV-11;TV-37
TV-12;TV-39
TV-15;TV-50
UL-05;UL-08
UO-01;IR-48
UO-02;IR-49
UO-03;IR-50
UO-04;IR-51
UO-05;IR-52
UO-06;IR-53
VG-30;VG-11
VL-04;VL-13
VL-05;VL-14
VL-08;VL-20
VL-10;VL-25
VL-11;VL-27
VO-02;VO-09
VO-03;VO-21
VR-08;VR-26
VR-10;VR-31
VR-11;VR-35
VR-12;VR-39
VR-16;VR-07
YA-02;YA-21
YA-03;YA-39
YA-04;YA-25
YA-05;YA-36
YN-05;YN-09
YR-08;YR-24
YR-10;YR-26
YR-11;YR-27
ZK-05;ZK-11
ZK-06;ZK-12
ZK-07;ZK-18
