AK;;ALASKA
;FOUR;Fourth JD
;ONE;First JD
;THRE;Third JD
;TWO;Second JD
AL;;ALABAMA
;AUTA;Autauga
;BALD;Baldwin
;BARB;Barbour
;BIBB;Bibb
;BLOU;Blount
;BULL;Bullock
;BUTL;Butler
;CHIL;Chilton
;CHMB;Chambers
;CHOC;Choctaw
;CHOU;Calhoun
;CKEE;Cherokee
;CLAY;Clay
;CLEB;Cleburne
;CLRK;Clarke
;COFF;Coffee
;COLB;Colbert
;CONE;Conecuh
;COOS;Coosa
;COVI;Covington
;CREN;Crenshaw
;CULM;Cullman
;DALE;Dale
;DKLB;De Kalb
;DLLS;Dallas
;ELMO;Elmore
;ESCA;Escambia
;ETOW;Etowah
;FAYE;Fayette
;FRNK;Franklin
;GENE;Geneva
;GREE;Greene
;HALE;Hale
;HNRY;Henry
;HOUS;Houston
;JEFF;Jefferson
;JKSN;Jackson
;LAMA;Lamar
;LAUD;Lauderdale
;LAWR;Lawrence
;LEE;Lee
;LIME;Limestone
;LOWN;Lowndes
;MACO;Macon
;MARI;Marion
;MDSN;Madison
;MGMY;Montgomery
;MNRO;Monroe
;MOBI;Mobile
;MORG;Morgan
;MRGO;Marengo
;MRSH;Marshall
;PERR;Perry
;PICK;Pickens
;PIKE;Pike
;RAND;Randolph
;RSSL;Russell
;SCLR;Saint Clair
;SHEL;Shelby
;SUMT;Sumter
;TDEG;Talladega
;TPOO;Tallapoosa
;TUSC;Tuscaloosa
;WASH;Washington
;WINS;Winston
;WLCX;Wilcox
;WLKR;Walker
AR;;ARKANSAS
;ARKA;Arkansas
;ASHL;Ashley
;BAXT;Baxter
;BNTN;Benton
;BOON;Boone
;BRAD;Bradley
;CHIC;Chicot
;CHOU;Calhoun
;CLAY;Clay
;CLEB;Cleburne
;CLEV;Cleveland
;CLRK;Clark
;COLU;Columbia
;CONW;Conway
;CRAI;Craighead
;CRAW;Crawford
;CRIT;Crittenden
;CROL;Carroll
;CROS;Cross
;DESH;Desha
;DLLS;Dallas
;DREW;Drew
;FAUL;Faulkner
;FRNK;Franklin
;FULT;Fulton
;GARL;Garland
;GRAN;Grant
;GREE;Greene
;HEMP;Hempstead
;HOTS;Hot Spring
;HOWA;Howard
;INDE;Independence
;IZAR;Izard
;JEFF;Jefferson
;JKSN;Jackson
;JOHN;Johnson
;LAFA;Lafayette
;LAWR;Lawrence
;LEE;Lee
;LINC;Lincoln
;LITT;Little River
;LOGA;Logan
;LONO;Lonoke
;MARI;Marion
;MDSN;Madison
;MGMY;Montgomery
;MILL;Miller
;MISS;Mississippi
;MNRO;Monroe
;NEVA;Nevada
;NEWT;Newton
;OUAC;Ouachita
;PERR;Perry
;PHIL;Phillips
;PIKE;Pike
;POIN;Poinsett
;POLK;Polk
;POPE;Pope
;PRAI;Prairie
;PULA;Pulaski
;RAND;Randolph
;SALI;Saline
;SCTT;Scott
;SEAR;Searcy
;SEBA;Sebastian
;SEVI;Sevier
;SFRA;Saint Francis
;SHAR;Sharp
;STON;Stone
;UNIO;Union
;VANB;Van Buren
;WASH;Washington
;WHIT;White
;WOOD;Woodruff
;YELL;Yell
AZ;;ARIZONA
;APAC;Apache
;COCH;Cochise
;COCO;Coconino
;GILA;Gila
;GRAH;Graham
;GREE;Greenlee
;LAPA;La Paz
;MARI;Maricopa
;MOHA;Mohave
;NAVA;Navajo
;PIMA;Pima
;PNAL;Pinal
;SCRU;Santa Cruz
;YAVA;Yavapai
;YUMA;Yuma
CA;;CALIFORNIA
;ALAM;Alameda
;ALPI;Alpine
;AMAD;Amador
;BUTT;Butte
;CALA;Calaveras
;COLU;Colusa
;CONT;Contra Costa
;DELN;Del Norte
;ELDO;El Dorado
;FRES;Fresno
;GLEN;Glenn
;HUMB;Humboldt
;IMPE;Imperial
;INYO;Inyo
;KERN;Kern
;KING;Kings
;LAKE;Lake
;LASS;Lassen
;LOSA;Los Angeles
;MADE;Madera
;MARN;Marin
;MARP;Mariposa
;MDOC;Modoc
;MEND;Mendocino
;MERC;Merced
;MONO;Mono
;MONT;Monterey
;NAPA;Napa
;NEVA;Nevada
;ORNG;Orange
;PLAC;Placer
;PLUM;Plumas
;RIVE;Riverside
;SACR;Sacramento
;SBAR;Santa Barbara
;SBER;San Bernardino
;SBNT;San Benito
;SCLR;Santa Clara
;SCRU;Santa Cruz
;SDGO;San Diego
;SFRA;San Francisco
;SHAS;Shasta
;SIER;Sierra
;SISK;Siskiyou
;SJOA;San Joaquin
;SLOB;San Luis Obispo
;SMAT;San Mateo
;SOLA;Solano
;SONO;Sonoma
;STAN;Stanislaus
;SUTT;Sutter
;TEHA;Tehama
;TRIN;Trinity
;TULA;Tulare
;TUOL;Tuolumne
;VENT;Ventura
;YOLO;Yolo
;YUBA;Yuba
CO;;COLORADO
;ADMS;Adams
;ALAM;Alamosa
;ARAP;Arapahoe
;ARCH;Archuleta
;BACA;Baca
;BENT;Bent
;BOUL;Boulder
;BROO;Broomfield
;CHAF;Chaffee
;CHEY;Cheyenne
;CLEA;Clear Creek
;CONE;Conejos
;COST;Costilla
;CROW;Crowley
;CUST;Custer
;DELT;Delta
;DENV;Denver
;DGLS;Douglas
;DOLO;Dolores
;EAGL;Eagle
;ELBE;Elbert
;ELPA;El Paso
;FREM;Fremont
;GARF;Garfield
;GILP;Gilpin
;GRAN;Grand
;GUNN;Gunnison
;HINS;Hinsdale
;HUER;Huerfano
;JEFF;Jefferson
;JKSN;Jackson
;KIOW;Kiowa
;KITC;Kit Carson
;LAKE;Lake
;LAPL;La Plata
;LARI;Larimer
;LASA;Las Animas
;LINC;Lincoln
;LOGA;Logan
;MESA;Mesa
;MINE;Mineral
;MOFF;Moffat
;MONT;Montrose
;MORG;Morgan
;MZUM;Montezuma
;OTER;Otero
;OURA;Ouray
;PARK;Park
;PHIL;Phillips
;PITK;Pitkin
;PROW;Prowers
;PUEB;Pueblo
;RBLA;Rio Blanco
;RGRA;Rio Grande
;ROUT;Routt
;SAGU;Saguache
;SEDG;Sedgwick
;SJUA;San Juan
;SMIG;San Miguel
;SUMM;Summit
;TELL;Teller
;WASH;Washington
;WELD;Weld
;YUMA;Yuma
CT;;CONNECTICUT
;FAIR;Fairfield
;HART;Hartford
;LITC;Litchfield
;MIDD;Middlesex
;NHAV;New Haven
;NLON;New London
;TOLL;Tolland
;WIND;Windham
DE;;DELAWARE
;KENT;Kent
;NEWC;New Castle
;SUSS;Sussex
FL;;FLORIDA
;ALAC;Alachua
;BAKE;Baker
;BAY;Bay
;BRAD;Bradford
;BREV;Brevard
;BROW;Broward
;CHLT;Charlotte
;CHOU;Calhoun
;CITR;Citrus
;CLAY;Clay
;COLL;Collier
;COLU;Columbia
;DESO;De Soto
;DIXI;Dixie
;DUVA;Duval
;ESCA;Escambia
;FLAG;Flagler
;FRNK;Franklin
;GADS;Gadsden
;GILC;Gilchrist
;GLAD;Glades
;GULF;Gulf
;HAMI;Hamilton
;HARD;Hardee
;HEND;Hendry
;HERN;Hernando
;HIGH;Highlands
;HILL;Hillsborough
;HOLM;Holmes
;INDI;Indian River
;JEFF;Jefferson
;JKSN;Jackson
;LAFA;Lafayette
;LAKE;Lake
;LEE;Lee
;LEON;Leon
;LEVY;Levy
;LIBE;Liberty
;MANA;Manatee
;MARI;Marion
;MART;Martin
;MDSN;Madison
;MIAM;Miami Dade
;MNRO;Monroe
;NASS;Nassau
;OKAL;Okaloosa
;OKEE;Okeechobee
;ORNG;Orange
;OSCE;Osceola
;PALM;Palm Beach
;PASC;Pasco
;PINE;Pinellas
;POLK;Polk
;PUTN;Putnam
;SARA;Sarasota
;SEMI;Seminole
;SJON;Saint Johns
;SLUC;Saint Lucie
;SROS;Santa Rosa
;SUMT;Sumter
;SUWA;Suwannee
;TAYL;Taylor
;UNIO;Union
;VOLU;Volusia
;WAKU;Wakulla
;WALT;Walton
;WASH;Washington
GA;;GEORGIA
;APPL;Appling
;ATKI;Atkinson
;BACO;Bacon
;BAKE;Baker
;BALD;Baldwin
;BANK;Banks
;BARR;Barrow
;BENH;Ben Hill
;BERR;Berrien
;BIBB;Bibb
;BLEC;Bleckley
;BRAN;Brantley
;BROO;Brooks
;BRTO;Bartow
;BRYA;Bryan
;BULL;Bulloch
;BURK;Burke
;BUTT;Butts
;CAND;Candler
;CATO;Catoosa
;CHAM;Chatham
;CHAR;Charlton
;CHOO;Chattahoochee
;CHOU;Calhoun
;CKEE;Cherokee
;CLAY;Clay
;CLIN;Clinch
;CLRK;Clarke
;CLYT;Clayton
;CMDN;Camden
;COBB;Cobb
;COFF;Coffee
;COLQ;Colquitt
;COLU;Columbia
;COOK;Cook
;COWE;Coweta
;CRAW;Crawford
;CRIS;Crisp
;CROL;Carroll
;CTOG;Chattooga
;DADE;Dade
;DAWS;Dawson
;DECA;Decatur
;DGLS;Douglas
;DGTY;Dougherty
;DKLB;De Kalb
;DODG;Dodge
;DOOL;Dooly
;EARL;Early
;ECHO;Echols
;EFFI;Effingham
;ELBE;Elbert
;EMAN;Emanuel
;EVAN;Evans
;FANN;Fannin
;FAYE;Fayette
;FLOY;Floyd
;FORS;Forsyth
;FRNK;Franklin
;FULT;Fulton
;GILM;Gilmer
;GLAS;Glascock
;GLYN;Glynn
;GORD;Gordon
;GRDY;Grady
;GREE;Greene
;GWIN;Gwinnett
;HABE;Habersham
;HALL;Hall
;HANC;Hancock
;HART;Hart
;HEAR;Heard
;HNRY;Henry
;HOUS;Houston
;HRAL;Haralson
;HRRS;Harris
;IRWI;Irwin
;JASP;Jasper
;JDAV;Jeff Davis
;JEFF;Jefferson
;JENK;Jenkins
;JKSN;Jackson
;JOHN;Johnson
;JONE;Jones
;LAMA;Lamar
;LANI;Lanier
;LAUR;Laurens
;LEE;Lee
;LIBE;Liberty
;LINC;Lincoln
;LONG;Long
;LOWN;Lowndes
;LUMP;Lumpkin
;MACO;Macon
;MARI;Marion
;MCIN;McIntosh
;MDSN;Madison
;MDUF;McDuffie
;MERI;Meriwether
;MGMY;Montgomery
;MILL;Miller
;MITC;Mitchell
;MNRO;Monroe
;MORG;Morgan
;MURR;Murray
;MUSC;Muscogee
;NEWT;Newton
;OCON;Oconee
;OGLE;Oglethorpe
;PAUL;Paulding
;PEAC;Peach
;PICK;Pickens
;PIER;Pierce
;PIKE;Pike
;POLK;Polk
;PULA;Pulaski
;PUTN;Putnam
;QUIT;Quitman
;RABU;Rabun
;RAND;Randolph
;RICH;Richmond
;ROCK;Rockdale
;SCHL;Schley
;SCRE;Screven
;SEMI;Seminole
;SPAL;Spalding
;STEW;Stewart
;STPH;Stephens
;SUMT;Sumter
;TALB;Talbot
;TALI;Taliaferro
;TATT;Tattnall
;TAYL;Taylor
;TELF;Telfair
;THOM;Thomas
;TIFT;Tift
;TOOM;Toombs
;TOWN;Towns
;TREU;Treutlen
;TROU;Troup
;TRRL;Terrell
;TURN;Turner
;TWIG;Twiggs
;UNIO;Union
;UPSO;Upson
;WALT;Walton
;WARE;Ware
;WASH;Washington
;WAYN;Wayne
;WEBS;Webster
;WHEE;Wheeler
;WHFD;Whitfield
;WHIT;White
;WILK;Wilkes
;WKSN;Wilkinson
;WLCX;Wilcox
;WLKR;Walker
;WORT;Worth
;WRRN;Warren
HI;;HAWAII
;HAWA;HAWAII
;HONO;Honolulu
;KALA;Kalawao
;KAUA;Kauai
;MAUI;Maui
IA;;IOWA
;ADAI;Adair
;ADMS;Adams
;ALLA;Allamakee
;APPA;Appanoose
;AUDU;Audubon
;BLAC;Black Hawk
;BNTN;Benton
;BOON;Boone
;BREM;Bremer
;BUCH;Buchanan
;BUEN;Buena Vista
;BUTL;Butler
;CASS;Cass
;CEDA;Cedar
;CERR;Cerro Gordo
;CHIC;Chickasaw
;CHOU;Calhoun
;CKEE;Cherokee
;CLAY;Clay
;CLIN;Clinton
;CLRK;Clarke
;CLYT;Clayton
;CRAW;Crawford
;CROL;Carroll
;DAVI;Davis
;DECA;Decatur
;DELA;Delaware
;DESM;Des Moines
;DICK;Dickinson
;DLLS;Dallas
;DUBU;Dubuque
;EMME;Emmet
;FAYE;Fayette
;FLOY;Floyd
;FREM;Fremont
;FRNK;Franklin
;GREE;Greene
;GRUN;Grundy
;GUTH;Guthrie
;HAMI;Hamilton
;HANC;Hancock
;HNRY;Henry
;HOWA;Howard
;HRDI;Hardin
;HRSN;Harrison
;HUMB;Humboldt
;IDA;Ida
;IOWA;Iowa
;JASP;Jasper
;JEFF;Jefferson
;JKSN;Jackson
;JOHN;Johnson
;JONE;Jones
;KEOK;Keokuk
;KOSS;Kossuth
;LEE;Lee
;LINN;Linn
;LOUI;Louisa
;LUCA;Lucas
;LYON;Lyon
;MAHA;Mahaska
;MARI;Marion
;MDSN;Madison
;MGMY;Montgomery
;MILL;Mills
;MITC;Mitchell
;MNRO;Monroe
;MONO;Monona
;MRSH;Marshall
;MUSC;Muscatine
;OBRI;O'Brien
;OSCE;Osceola
;PAGE;Page
;PALO;Palo Alto
;PLYM;Plymouth
;POCA;Pocahontas
;POLK;Polk
;POTT;Pottawattamie
;POWE;Poweshiek
;RING;Ringgold
;SAC;Sac
;SCTT;Scott
;SHEL;Shelby
;SIOU;Sioux
;STOR;Story
;TAMA;Tama
;TAYL;Taylor
;UNIO;Union
;VANB;Van Buren
;WAPE;Wapello
;WASH;Washington
;WAYN;Wayne
;WBGO;Winnebago
;WEBS;Webster
;WNSH;Winneshiek
;WOOD;Woodbury
;WORT;Worth
;WRIG;Wright
;WRRN;Warren
ID;;IDAHO
;ADA;Ada
;ADMS;Adams
;BANN;Bannock
;BEAR;Bear Lake
;BENE;Benewah
;BING;Bingham
;BLAI;Blaine
;BNNR;Bonner
;BOIS;Boise
;BOUN;Boundary
;BUTT;Butte
;BVIL;Bonneville
;CAMA;Camas
;CANY;Canyon
;CARI;Caribou
;CASS;Cassia
;CLEA;Clearwater
;CLRK;Clark
;CUST;Custer
;ELMO;Elmore
;FREM;Fremont
;FRNK;Franklin
;GEM;Gem
;GOOD;Gooding
;IDAH;Idaho
;JEFF;Jefferson
;JERO;Jerome
;KOOT;Kootenai
;LATA;Latah
;LEMH;Lemhi
;LEWI;Lewis
;LINC;Lincoln
;MDSN;Madison
;MINI;Minidoka
;NEZP;Nez Perce
;ONEI;Oneida
;OWYH;Owyhee
;PAYE;Payette
;POWE;Power
;SHOS;Shoshone
;TETO;Teton
;TWIN;TwFalls
;VLLY;Valley
;WASH;Washington
IL;;ILLINOIS
;ADMS;Adams
;ALEX;Alexander
;BOND;Bond
;BOON;Boone
;BRWN;Brown
;BURE;Bureau
;CASS;Cass
;CHAM;Champaign
;CHOU;Calhoun
;CHRI;Christian
;CLAY;Clay
;CLIN;Clinton
;CLRK;Clark
;COLE;Coles
;COOK;Cook
;CRAW;Crawford
;CROL;Carroll
;CUMB;Cumberland
;DEWI;De Witt
;DGLS;Douglas
;DKLB;De Kalb
;DUPA;Du Page
;EDGA;Edgar
;EDWA;Edwards
;EFFI;Effingham
;FAYE;Fayette
;FORD;Ford
;FRNK;Franklin
;FULT;Fulton
;GALL;Gallatin
;GREE;Greene
;GRUN;Grundy
;HAMI;Hamilton
;HANC;Hancock
;HEND;Henderson
;HNRY;Henry
;HRDI;Hardin
;IROQ;Iroquois
;JASP;Jasper
;JEFF;Jefferson
;JERS;Jersey
;JKSN;Jackson
;JODA;Jo Daviess
;JOHN;Johnson
;KANE;Kane
;KANK;Kankakee
;KEND;Kendall
;KNOX;Knox
;LAKE;Lake
;LASA;La Salle
;LAWR;Lawrence
;LEE;Lee
;LIVI;Livingston
;LOGA;Logan
;MACO;Macon
;MARI;Marion
;MASO;Mason
;MASS;Massac
;MCDO;McDonough
;MCUP;Macoupin
;MDSN;Madison
;MENA;Menard
;MERC;Mercer
;MGMY;Montgomery
;MHEN;McHenry
;MLEA;McLean
;MNRO;Monroe
;MORG;Morgan
;MOUL;Moultrie
;MRSH;Marshall
;OGLE;Ogle
;PEOR;Peoria
;PERR;Perry
;PIAT;Piatt
;PIKE;Pike
;POPE;Pope
;PULA;Pulaski
;PUTN;Putnam
;RAND;Randolph
;RICH;Richland
;ROCK;Rock Island
;SALI;Saline
;SANG;Sangamon
;SCLR;Saint Clair
;SCTT;Scott
;SHEL;Shelby
;SHUY;Schuyler
;STAR;Stark
;STPH;Stephenson
;TAZE;Tazewell
;UNIO;Union
;VRML;Vermilion
;WABA;Wabash
;WASH;Washington
;WAYN;Wayne
;WBGO;Winnebago
;WHIT;White
;WILL;Will
;WMSN;Williamson
;WOOD;Woodford
;WRRN;Warren
;WSID;Whiteside
IN;;INDIANA
;ADMS;Adams
;ALLE;Allen
;BART;Bartholomew
;BLAC;Blackford
;BNTN;Benton
;BOON;Boone
;BRWN;Brown
;CASS;Cass
;CLAY;Clay
;CLIN;Clinton
;CLRK;Clark
;CRAW;Crawford
;CROL;Carroll
;DAVI;Daviess
;DEAR;Dearborn
;DECA;Decatur
;DELA;Delaware
;DKLB;De Kalb
;DUBO;Dubois
;ELKH;Elkhart
;FAYE;Fayette
;FLOY;Floyd
;FOUN;Fountain
;FRNK;Franklin
;FULT;Fulton
;GIBS;Gibson
;GRAN;Grant
;GREE;Greene
;HAMI;Hamilton
;HANC;Hancock
;HEND;Hendricks
;HNRY;Henry
;HOWA;Howard
;HRSN;Harrison
;HUNT;Huntington
;JASP;Jasper
;JAY;Jay
;JEFF;Jefferson
;JENN;Jennings
;JKSN;Jackson
;JOHN;Johnson
;KNOX;Knox
;KOSC;Kosciusko
;LAGR;Lagrange
;LAKE;Lake
;LAPO;La Porte
;LAWR;Lawrence
;MARI;Marion
;MART;Martin
;MDSN;Madison
;MGMY;Montgomery
;MIAM;Miami
;MNRO;Monroe
;MORG;Morgan
;MRSH;Marshall
;NEWT;Newton
;NOBL;Noble
;OHIO;Ohio
;ORNG;Orange
;OWEN;Owen
;PARK;Parke
;PERR;Perry
;PIKE;Pike
;PORT;Porter
;POSE;Posey
;PULA;Pulaski
;PUTN;Putnam
;RAND;Randolph
;RIPL;Ripley
;RUSH;Rush
;SCTT;Scott
;SHEL;Shelby
;SJOS;Saint Joseph
;SPEN;Spencer
;STAR;Starke
;STEU;Steuben
;SULL;Sullivan
;SWIT;Switzerland
;TIPP;Tippecanoe
;TIPT;Tipton
;UNIO;Union
;VAND;Vanderburgh
;VIGO;Vigo
;VRML;Vermillion
;WABA;Wabash
;WASH;Washington
;WAYN;Wayne
;WHIT;White
;WLLS;Wells
;WRCK;Warrick
;WRRN;Warren
;WTLY;Whitley
KS;;KANSAS
;ALLE;Allen
;ANDE;Anderson
;ATCH;Atchison
;BARB;Barber
;BOUR;Bourbon
;BRTO;Barton
;BRWN;Brown
;BUTL;Butler
;CHAS;Chase
;CHEY;Cheyenne
;CHTQ;Chautauqua
;CKEE;Cherokee
;CLAY;Clay
;CLOU;Cloud
;CLRK;Clark
;CMCH;Comanche
;COFF;Coffey
;COWL;Cowley
;CRAW;Crawford
;DECA;Decatur
;DGLS;Douglas
;DICK;Dickinson
;DONI;Doniphan
;EDWA;Edwards
;ELIS;Ellis
;ELK;Elk
;ELSW;Ellsworth
;FINN;Finney
;FORD;Ford
;FRNK;Franklin
;GEAR;Geary
;GOVE;Gove
;GRAH;Graham
;GRAN;Grant
;GRAY;Gray
;GREE;Greeley
;GRWD;Greenwood
;HAMI;Hamilton
;HARP;Harper
;HARV;Harvey
;HASK;Haskell
;HODG;Hodgeman
;JEFF;Jefferson
;JEWE;Jewell
;JKSN;Jackson
;JOHN;Johnson
;KEAR;Kearny
;KING;Kingman
;KIOW;Kiowa
;LABE;Labette
;LANE;Lane
;LEAV;Leavenworth
;LINC;Lincoln
;LINN;Linn
;LOGA;Logan
;LYON;Lyon
;MARI;Marion
;MCPH;McPherson
;MEAD;Meade
;MGMY;Montgomery
;MIAM;Miami
;MITC;Mitchell
;MORR;Morris
;MORT;Morton
;MRSH;Marshall
;NEMA;Nemaha
;NEOS;Neosho
;NESS;Ness
;NRTN;Norton
;OSAG;Osage
;OSBO;Osborne
;OTTA;Ottawa
;PAWN;Pawnee
;PHIL;Phillips
;POTT;Pottawatomie
;PRAT;Pratt
;RAWL;Rawlins
;RENO;Reno
;REPU;Republic
;RICE;Rice
;RILE;Riley
;ROOK;Rooks
;RSSL;Russell
;RUSH;Rush
;SALI;Saline
;SCTT;Scott
;SEDG;Sedgwick
;SEWA;Seward
;SHAW;Shawnee
;SHRD;Sheridan
;SHRM;Sherman
;SMIT;Smith
;STAF;Stafford
;STAN;Stanton
;STEV;Stevens
;SUMN;Sumner
;THOM;Thomas
;TREG;Trego
;WABA;Wabaunsee
;WALL;Wallace
;WASH;Washington
;WICH;Wichita
;WILS;Wilson
;WOOD;Woodson
;WYAN;Wyandotte
KY;;KENTUCKY
;ADAI;Adair
;ALLE;Allen
;ANDE;Anderson
;BARR;Barren
;BATH;Bath
;BELL;Bell
;BLRD;Ballard
;BOON;Boone
;BOUR;Bourbon
;BOYD;Boyd
;BRAC;Bracken
;BREA;Breathitt
;BREC;Breckinridge
;BULL;Bullitt
;BUTL;Butler
;BYLE;Boyle
;CALO;Calloway
;CAMP;Campbell
;CARL;Carlisle
;CART;Carter
;CASE;Casey
;CHRI;Christian
;CLAY;Clay
;CLDW;Caldwell
;CLIN;Clinton
;CLRK;Clark
;CRIT;Crittenden
;CROL;Carroll
;CUMB;Cumberland
;DAVI;Daviess
;EDMO;Edmonson
;ELLI;Elliott
;ESTI;Estill
;FAYE;Fayette
;FLEM;Fleming
;FLOY;Floyd
;FRNK;Franklin
;FULT;Fulton
;GARR;Garrard
;GLTN;Gallatin
;GNUP;Greenup
;GRAN;Grant
;GRAV;Graves
;GRAY;Grayson
;GREE;Green
;HANC;Hancock
;HART;Hart
;HEND;Henderson
;HICK;Hickman
;HNRY;Henry
;HOPK;Hopkins
;HRDI;Hardin
;HRLN;Harlan
;HRSN;Harrison
;JEFF;Jefferson
;JESS;Jessamine
;JKSN;Jackson
;JOHN;Johnson
;KENT;Kenton
;KNOT;Knott
;KNOX;Knox
;LARU;Larue
;LAWR;Lawrence
;LEE;Lee
;LESL;Leslie
;LETC;Letcher
;LEWI;Lewis
;LINC;Lincoln
;LIVI;Livingston
;LOGA;Logan
;LREL;Laurel
;LYON;Lyon
;MAGO;Magoffin
;MARI;Marion
;MART;Martin
;MASO;Mason
;MCRE;McCreary
;MCRK;McCracken
;MDSN;Madison
;MEAD;Meade
;MENI;Menifee
;MERC;Mercer
;METC;Metcalfe
;MGMY;Montgomery
;MLEA;McLean
;MNRO;Monroe
;MORG;Morgan
;MRSH;Marshall
;MUHL;Muhlenberg
;NELS;Nelson
;NICH;Nicholas
;OHIO;Ohio
;OLDH;Oldham
;OWEN;Owen
;OWSL;Owsley
;PEND;Pendleton
;PERR;Perry
;PIKE;Pike
;POWE;Powell
;PULA;Pulaski
;ROBE;Robertson
;ROCK;Rockcastle
;ROWA;Rowan
;RSSL;Russell
;SCTT;Scott
;SHEL;Shelby
;SIMP;Simpson
;SPEN;Spencer
;TAYL;Taylor
;TODD;Todd
;TRGG;Trigg
;TRIM;Trimble
;UNIO;Union
;WASH;Washington
;WAYN;Wayne
;WEBS;Webster
;WHIT;Whitley
;WOLF;Wolfe
;WOOD;Woodford
;WRRN;Warren
LA;;LOUISIANA
;ACAD;Acadia
;ALLE;Allen
;ASCE;Ascension
;ASSU;Assumption
;AVOY;Avoyelles
;BEAU;Beauregard
;BIEN;Bienville
;BOSS;Bossier
;CADD;Caddo
;CALC;Calcasieu
;CAME;Cameron
;CATA;Catahoula
;CLAI;Claiborne
;CLDW;Caldwell
;CONC;Concordia
;DESO;De Soto
;EBAT;East Baton Rouge
;ECAR;East Carroll
;EFEL;East Feliciana
;EVAN;Evangeline
;FRNK;Franklin
;GRAN;Grant
;IBIA;Iberia
;IBVL;Iberville
;JDAV;Jefferson Davis
;JEFF;Jefferson
;JKSN;Jackson
;LAFA;Lafayette
;LAFO;Lafourche
;LASA;La Salle
;LINC;Lincoln
;LIVI;Livingston
;MDSN;Madison
;MORE;Morehouse
;NATC;Natchitoches
;ORLE;Orleans
;OUAC;Ouachita
;PLAQ;Plaquemines
;POIN;Pointe Coupee
;RAPI;Rapides
;REDR;Red River
;RICH;Richland
;SABI;Sabine
;SBER;Saint Bernard
;SCHA;Saint Charles
;SHEL;Saint Helena
;SJAM;Saint James
;SJON;Saint John Baptist
;SLAN;Saint Landry
;SMRT;Saint Martin
;SMRY;Saint Mary
;STAM;Saint Tammany
;TANG;Tangipahoa
;TENS;Tensas
;TERR;Terrebonne
;UNIO;Union
;VERN;Vernon
;VRML;Vermilion
;WASH;Washington
;WBAT;West Baton Rouge
;WCAR;West Carroll
;WEBS;Webster
;WFEL;West Feliciana
;WINN;Winn
MA;;MASSACHUSETTS
;BARN;Barnstable
;BERK;Berkshire
;BRIS;Bristol
;DUKE;Dukes
;ESSE;Essex
;FRNK;Franklin
;HMDN;Hampden
;HMPS;Hampshire
;MIDD;Middlesex
;NANT;Nantucket
;NORF;Norfolk
;PLYM;Plymouth
;SUFF;Suffolk
;WORC;Worcester
MD;;MARYLAND
;ALLE;Allegany
;ANNE;AnArundel
;BALT;Baltimore
;BLTC;Baltimore City
;CALV;Calvert
;CARO;Caroline
;CECI;Cecil
;CHAR;Charles
;CROL;Carroll
;DORC;Dorchester
;FRED;Frederick
;GARR;Garrett
;HARF;Harford
;HOWA;Howard
;KENT;Kent
;MGMY;Montgomery
;PRIN;Prince George's
;QUEE;Queen Anne's
;SMRY;Saint Mary's
;SOME;Somerset
;TALB;Talbot
;WASH;Washington
;WICO;Wicomico
;WORC;Worcester
ME;;MAINE
;ANDR;Androscoggin
;AROO;Aroostook
;CUMB;Cumberland
;FRNK;Franklin
;HANC;Hancock
;KENN;Kennebec
;KNOX;Knox
;LINC;Lincoln
;OXFO;Oxford
;PENO;Penobscot
;PISC;Piscataquis
;SAGA;Sagadahoc
;SOME;Somerset
;WALD;Waldo
;WASH;Washington
;YORK;York
MI;;MICHIGAN
;ALCO;Alcona
;ALGR;Alger
;ALLG;Allegan
;ALPE;Alpena
;ANTR;Antrim
;AREN;Arenac
;BARA;Baraga
;BAY;Bay
;BENZ;Benzie
;BERR;Berrien
;BRAN;Branch
;BRRY;Barry
;CASS;Cass
;CHEB;Cheboygan
;CHIP;Chippewa
;CHLV;Charlevoix
;CHOU;Calhoun
;CLAR;Clare
;CLIN;Clinton
;CRAW;Crawford
;DELT;Delta
;DICK;Dickinson
;EATO;Eaton
;EMME;Emmet
;GENE;Genesee
;GLAD;Gladwin
;GOGE;Gogebic
;GRAT;Gratiot
;GRTR;Grand Traverse
;HILL;Hillsdale
;HOUG;Houghton
;HURO;Huron
;INGH;Ingham
;IONI;Ionia
;IOSC;Iosco
;IRON;Iron
;ISAB;Isabella
;JKSN;Jackson
;KALA;Kalamazoo
;KALK;Kalkaska
;KENT;Kent
;KEWE;Keweenaw
;LAKE;Lake
;LAPE;Lapeer
;LEEL;Leelanau
;LENA;Lenawee
;LIVI;Livingston
;LUCE;Luce
;MACK;Mackinac
;MANI;Manistee
;MARQ;Marquette
;MASO;Mason
;MCMB;Macomb
;MDLD;Midland
;MECO;Mecosta
;MENO;Menominee
;MISS;Missaukee
;MNRO;Monroe
;MONT;Montmorency
;MTCM;Montcalm
;MUSK;Muskegon
;NEWA;Newaygo
;OAKL;Oakland
;OCEA;Oceana
;OGEM;Ogemaw
;ONTO;Ontonagon
;OSCE;Osceola
;OSCO;Oscoda
;OTSE;Otsego
;OTTA;Ottawa
;PRES;Presque Isle
;ROSC;Roscommon
;SAGI;Saginaw
;SANI;Sanilac
;SCHO;Schoolcraft
;SCLR;Saint Clair
;SHIA;Shiawassee
;SJOS;Saint Joseph
;TUSC;Tuscola
;VANB;Van Buren
;WASH;Washtenaw
;WAYN;Wayne
;WEXF;Wexford
MN;;MINNESOTA
;AITK;Aitkin
;ANOK;Anoka
;BECK;Becker
;BELT;Beltrami
;BIGS;Big Stone
;BLUE;Blue Earth
;BNTN;Benton
;BRWN;Brown
;CARL;Carlton
;CARV;Carver
;CASS;Cass
;CHIP;Chippewa
;CHIS;Chisago
;CLAY;Clay
;CLEA;Clearwater
;COOK;Cook
;COTT;Cottonwood
;CROW;Crow Wing
;DAKO;Dakota
;DGLS;Douglas
;DODG;Dodge
;FARI;Faribault
;FILL;Fillmore
;FREE;Freeborn
;GOOD;Goodhue
;GRAN;Grant
;HENN;Hennepin
;HOUS;Houston
;HUBB;Hubbard
;ISAN;Isanti
;ITAS;Itasca
;JKSN;Jackson
;KANA;Kanabec
;KAND;Kandiyohi
;KITT;Kittson
;KOOC;Koochiching
;LACQ;Lac qui Parle
;LAKE;Lake
;LESU;Le Sueur
;LINC;Lincoln
;LWOO;Lake of the Woods
;LYON;Lyon
;MAHN;Mahnomen
;MART;Martin
;MCLE;McLeod
;MEEK;Meeker
;MILL;Mille Lacs
;MORR;Morrison
;MOWE;Mower
;MRSH;Marshall
;MURR;Murray
;NICO;Nicollet
;NOBL;Nobles
;NORM;Norman
;OLMS;Olmsted
;OTTE;Otter Tail
;PENN;Pennington
;PINE;Pine
;PIPE;Pipestone
;POLK;Polk
;POPE;Pope
;REDL;Red Lake
;REDW;Redwood
;RENV;Renville
;RICE;Rice
;RMSY;Ramsey
;ROCK;Rock
;ROSE;Roseau
;SCTT;Scott
;SHER;Sherburne
;SIBL;Sibley
;SLOU;Saint Louis
;STEA;Stearns
;STEE;Steele
;STEV;Stevens
;SWIF;Swift
;TODD;Todd
;TRAV;Traverse
;WABA;Wabasha
;WADN;Wadena
;WASH;Washington
;WATO;Watonwan
;WILK;Wilkin
;WINO;Winona
;WRIG;Wright
;WSCA;Waseca
;YELL;Yellow Medicine
MO;;MISSOURI
;ADAI;Adair
;ANDR;Andrew
;ATCH;Atchison
;AUDR;Audrain
;BARR;Barry
;BATE;Bates
;BNTN;Benton
;BOLL;Bollinger
;BOON;Boone
;BRTO;Barton
;BUCH;Buchanan
;BUTL;Butler
;CALL;Callaway
;CAPE;Cape Girardeau
;CART;Carter
;CASS;Cass
;CEDA;Cedar
;CHAR;Chariton
;CHRI;Christian
;CLAY;Clay
;CLDW;Caldwell
;CLIN;Clinton
;CLRK;Clark
;CMDN;Camden
;COLE;Cole
;COOP;Cooper
;CRAW;Crawford
;CROL;Carroll
;DADE;Dade
;DAVI;Daviess
;DENT;Dent
;DGLS;Douglas
;DKLB;De Kalb
;DLLS;Dallas
;DUNK;Dunklin
;FRNK;Franklin
;GASC;Gasconade
;GNTY;Gentry
;GREE;Greene
;GRUN;Grundy
;HICK;Hickory
;HNRY;Henry
;HOLT;Holt
;HOWA;Howard
;HOWE;Howell
;HRSN;Harrison
;IRON;Iron
;JASP;Jasper
;JEFF;Jefferson
;JKSN;Jackson
;JOHN;Johnson
;KNOX;Knox
;LACL;Laclede
;LAFA;Lafayette
;LAWR;Lawrence
;LEWI;Lewis
;LINC;Lincoln
;LINN;Linn
;LIVI;Livingston
;MACO;Macon
;MARI;Marion
;MCDO;McDonald
;MDSN;Madison
;MERC;Mercer
;MGMY;Montgomery
;MILL;Miller
;MISS;Mississippi
;MNRO;Monroe
;MONI;Moniteau
;MORG;Morgan
;MRES;Maries
;NEWM;New Madrid
;NEWT;Newton
;NODA;Nodaway
;OREG;Oregon
;OSAG;Osage
;OZAR;Ozark
;PEMI;Pemiscot
;PERR;Perry
;PETT;Pettis
;PHEL;Phelps
;PIKE;Pike
;PLAT;Platte
;POLK;Polk
;PULA;Pulaski
;PUTN;Putnam
;RALL;Ralls
;RAND;Randolph
;RAY; Ray
;REYN;Reynolds
;RIPL;Ripley
;SALI;Saline
;SCHA;Saint Charles
;SCLR;Saint Clair
;SCTL;Scotland
;SCTT;Scott
;SFRA;Saint Francois
;SGEN;Ste. Genevieve
;SHAN;Shannon
;SHEL;Shelby
;SHUY;Schuyler
;SLCY;Saint Louis City
;SLOU;Saint Louis
;STDD;Stoddard
;STON;Stone
;SULL;Sullivan
;TANE;Taney
;TEXA;Texas
;VERN;Vernon
;WASH;Washington
;WAYN;Wayne
;WEBS;Webster
;WORT;Worth
;WRIG;Wright
;WRRN;Warren
MS;;MISSISSIPPI
;ADMS;Adams
;ALCO;Alcorn
;AMIT;Amite
;ATTA;Attala
;BNTN;Benton
;BOLI;Bolivar
;CHIC;Chickasaw
;CHOC;Choctaw
;CHOU;Calhoun
;CLAI;Claiborne
;CLAY;Clay
;CLRK;Clarke
;COAH;Coahoma
;COPI;Copiah
;COVI;Covington
;CROL;Carroll
;DESO;De Soto
;FORR;Forrest
;FRNK;Franklin
;GEOR;George
;GREE;Greene
;GREN;Grenada
;HANC;Hancock
;HIND;Hinds
;HOLM;Holmes
;HRSN;Harrison
;HUMP;Humphreys
;ISSA;Issaquena
;ITAW;Itawamba
;JASP;Jasper
;JDAV;Jefferson Davis
;JEFF;Jefferson
;JKSN;Jackson
;JONE;Jones
;KEMP;Kemper
;LAFA;Lafayette
;LAMA;Lamar
;LAUD;Lauderdale
;LAWR;Lawrence
;LEAK;Leake
;LEE;Lee
;LEFL;Leflore
;LINC;Lincoln
;LOWN;Lowndes
;MARI;Marion
;MDSN;Madison
;MGMY;Montgomery
;MNRO;Monroe
;MRSH;Marshall
;NESH;Neshoba
;NEWT;Newton
;NOXU;Noxubee
;OKTI;Oktibbeha
;PANO;Panola
;PERR;Perry
;PIKE;Pike
;PRIV;Pearl River
;PTOC;Pontotoc
;PTSS;Prentiss
;QUIT;Quitman
;RANK;Rankin
;SCTT;Scott
;SHAR;Sharkey
;SIMP;Simpson
;SMIT;Smith
;STON;Stone
;SUNF;Sunflower
;TALL;Tallahatchie
;TATE;Tate
;TIPP;Tippah
;TISH;Tishomingo
;TUNI;Tunica
;UNIO;Union
;WALT;Walthall
;WASH;Washington
;WAYN;Wayne
;WEBS;Webster
;WINS;Winston
;WKSN;Wilkinson
;WRRN;Warren
;YALO;Yalobusha
;YZOO;Yazoo
MT;;MONTANA
;BEAV;Beaverhead
;BIGH;Big Horn
;BLAI;Blaine
;BROA;Broadwater
;CARB;Carbon
;CART;Carter
;CASC;Cascade
;CHOU;Chouteau
;CUST;Custer
;DANI;Daniels
;DAWS;Dawson
;DEER;Deer Lodge
;FALL;Fallon
;FERG;Fergus
;FLAT;Flathead
;GALL;Gallatin
;GARF;Garfield
;GLAC;Glacier
;GOLD;Golden Valley
;GRAN;Granite
;HILL;Hill
;JEFF;Jefferson
;JUDI;Judith Basin
;LAKE;Lake
;LEWI;Lewis and Clark
;LIBE;Liberty
;LINC;Lincoln
;MCON;McCone
;MDSN;Madison
;MEAG;Meagher
;MINE;Mineral
;MISS;Missoula
;MUSS;Musselshell
;PARK;Park
;PETR;Petroleum
;PHIL;Phillips
;POND;Pondera
;POWD;Powder River
;POWE;Powell
;PRAI;Prairie
;RAVA;Ravalli
;RICH;Richland
;ROOS;Roosevelt
;ROSE;Rosebud
;SAND;Sanders
;SHRD;Sheridan
;SILV;Silver Bow
;STIL;Stillwater
;SWEE;Sweet Grass
;TETO;Teton
;TOOL;Toole
;TREA;Treasure
;VLLY;Valley
;WHEA;Wheatland
;WIBA;Wibaux
;YELL;Yellowstone
NC;;NORTH CAROLINA
;ALAM;Alamance
;ALEX;Alexander
;ALLE;Alleghany
;ANSO;Anson
;ASHE;Ashe
;AVER;Avery
;BEAU;Beaufort
;BERT;Bertie
;BLAD;Bladen
;BRUN;Brunswick
;BUNC;Buncombe
;BURK;Burke
;CABA;Cabarrus
;CART;Carteret
;CASW;Caswell
;CATA;Catawba
;CHAM;Chatham
;CHOW;Chowan
;CKEE;Cherokee
;CLAY;Clay
;CLDW;Caldwell
;CLEV;Cleveland
;CMDN;Camden
;COLU;Columbus
;CRAV;Craven
;CUMB;Cumberland
;CURR;Currituck
;DARE;Dare
;DUPL;Duplin
;DURH;Durham
;DVIE;Davie
;DVSN;Davidson
;EDGE;Edgecombe
;FORS;Forsyth
;FRNK;Franklin
;GAST;Gaston
;GATE;Gates
;GRAH;Graham
;GRAN;Granville
;GREE;Greene
;GUIL;Guilford
;HALI;Halifax
;HARN;Harnett
;HAYW;Haywood
;HEND;Henderson
;HOKE;Hoke
;HRTF;Hertford
;HYDE;Hyde
;IRED;Iredell
;JKSN;Jackson
;JOHN;Johnston
;JONE;Jones
;LEE;Lee
;LENO;Lenoir
;LINC;Lincoln
;MACO;Macon
;MART;Martin
;MCDO;McDowell
;MDSN;Madison
;MECK;Mecklenburg
;MGMY;Montgomery
;MITC;Mitchell
;MOOR;Moore
;NASH;Nash
;NEWH;New Hanover
;NHMP;Northampton
;ONSL;Onslow
;ORNG;Orange
;PAML;Pamlico
;PASQ;Pasquotank
;PEND;Pender
;PERQ;Perquimans
;PERS;Person
;PITT;Pitt
;POLK;Polk
;RAND;Randolph
;RHAM;Rockingham
;RICH;Richmond
;ROBE;Robeson
;ROWA;Rowan
;RUTH;Rutherford
;SAMP;Sampson
;SCTL;Scotland
;STAN;Stanly
;STOK;Stokes
;SURR;Surry
;SWAI;Swain
;TRAN;Transylvania
;TYRR;Tyrrell
;UNIO;Union
;VANC;Vance
;WAKE;Wake
;WASH;Washington
;WATA;Watauga
;WAYN;Wayne
;WILK;Wilkes
;WILS;Wilson
;WRRN;Warren
;YADK;Yadkin
;YANC;Yancey
ND;;NORTH DAKOTA
;ADMS;Adams
;BARN;Barnes
;BENS;Benson
;BILL;Billings
;BOTT;Bottineau
;BOWM;Bowman
;BURK;Burke
;BURL;Burleigh
;CASS;Cass
;CAVA;Cavalier
;DICK;Dickey
;DIVI;Divide
;DUNN;Dunn
;EDDY;Eddy
;EMMO;Emmons
;FOST;Foster
;GFOR;Grand Forks
;GOLD;Golden Valley
;GRAN;Grant
;GRIG;Griggs
;HETT;Hettinger
;KIDD;Kidder
;LAMO;La Moure
;LOGA;Logan
;MCIN;McIntosh
;MCKE;McKenzie
;MCLE;McLean
;MERC;Mercer
;MHEN;McHenry
;MORT;Morton
;MOUN;Mountrail
;NELS;Nelson
;OLIV;Oliver
;PEMB;Pembina
;PIER;Pierce
;RANS;Ransom
;RENV;Renville
;RICH;Richland
;RMSY;Ramsey
;ROLE;Rolette
;SARG;Sargent
;SHRD;Sheridan
;SIOU;Sioux
;SLOP;Slope
;STAR;Stark
;STEE;Steele
;STUT;Stutsman
;TOWN;Towner
;TRAI;Traill
;WALS;Walsh
;WARD;Ward
;WILL;Williams
;WLLS;Wells
NE;;NEBRASKA
;ADMS;Adams
;ANTE;Antelope
;ARTH;Arthur
;BANN;Banner
;BLAI;Blaine
;BOON;Boone
;BOXB;Box Butte
;BOYD;Boyd
;BRWN;Brown
;BUFF;Buffalo
;BURT;Burt
;BUTL;Butler
;CASS;Cass
;CEDA;Cedar
;CHAS;Chase
;CHER;Cherry
;CHEY;Cheyenne
;CLAY;Clay
;COLF;Colfax
;CUMI;Cuming
;CUST;Custer
;DAKO;Dakota
;DAWE;Dawes
;DAWS;Dawson
;DEUE;Deuel
;DGLS;Douglas
;DIXO;Dixon
;DODG;Dodge
;DUND;Dundy
;FILL;Fillmore
;FRNK;Franklin
;FRON;Frontier
;FURN;Furnas
;GAGE;Gage
;GARD;Garden
;GARF;Garfield
;GOSP;Gosper
;GRAN;Grant
;GREE;Greeley
;HALL;Hall
;HAMI;Hamilton
;HAYE;Hayes
;HITC;Hitchcock
;HOLT;Holt
;HOOK;Hooker
;HOWA;Howard
;HRLN;Harlan
;JEFF;Jefferson
;JOHN;Johnson
;KEAR;Kearney
;KEIT;Keith
;KEYA;Keya Paha
;KIMB;Kimball
;KNOX;Knox
;LINC;Lincoln
;LNCS;Lancaster
;LOGA;Logan
;LOUP;Loup
;MCPH;McPherson
;MDSN;Madison
;MERR;Merrick
;MORR;Morrill
;NANC;Nance
;NEMA;Nemaha
;NUCK;Nuckolls
;OTOE;Otoe
;PAWN;Pawnee
;PERK;Perkins
;PHEL;Phelps
;PIER;Pierce
;PLAT;Platte
;POLK;Polk
;REDW;Red Willow
;RICH;Richardson
;ROCK;Rock
;SALI;Saline
;SARP;Sarpy
;SAUN;Saunders
;SCOT;Scotts Bluff
;SEWA;Seward
;SHRD;Sheridan
;SHRM;Sherman
;SIOU;Sioux
;STAN;Stanton
;THAY;Thayer
;THOM;Thomas
;THUR;Thurston
;VLLY;Valley
;WASH;Washington
;WAYN;Wayne
;WEBS;Webster
;WHEE;Wheeler
;YORK;York
NH;;NEW HAMPSHIRE
;BELK;Belknap
;CHES;Cheshire
;COOS;Coos
;CROL;Carroll
;GRAF;Grafton
;HILL;Hillsborough
;MERR;Merrimack
;RHAM;Rockingham
;STRA;Strafford
;SULL;Sullivan
NJ;;NEW JERSEY
;ATLA;Atlantic
;BERG;Bergen
;BURL;Burlington
;CAPE;Cape May
;CMDN;Camden
;CUMB;Cumberland
;ESSE;Essex
;GLOU;Gloucester
;HUDS;Hudson
;HUNT;Hunterdon
;MERC;Mercer
;MIDD;Middlesex
;MONM;Monmouth
;MORR;Morris
;OCEA;Ocean
;PASS;Passaic
;SALE;Salem
;SOME;Somerset
;SUSS;Sussex
;UNIO;Union
;WRRN;Warren
NM;;NEW MEXICO
;BERN;Bernalillo
;CATR;Catron
;CHAV;Chaves
;CIBO;Cibola
;COLF;Colfax
;CURR;Curry
;DEBA;De Baca
;DONA;Dona Ana
;EDDY;Eddy
;GRAN;Grant
;GUAD;Guadalupe
;HIDA;Hidalgo
;HRDG;Harding
;LEA;Lea
;LINC;Lincoln
;LOSA;Los Alamos
;LUNA;Luna
;MCKI;McKinley
;MORA;Mora
;OTER;Otero
;QUAY;Quay
;RIOA;Rio Arriba
;ROOS;Roosevelt
;SAFE;Santa Fe
;SAND;Sandoval
;SIER;Sierra
;SJUA;San Juan
;SMIG;San Miguel
;SOCO;Socorro
;TAOS;Taos
;TORR;Torrance
;UNIO;Union
;VALE;Valencia
NV;;NEVADA
;;Carson City
;CHUR;Churchill
;CLRK;Clark
;DGLS;Douglas
;ELKO;Elko
;ESME;Esmeralda
;EURE;Eureka
;HUMB;Humboldt
;LAND;Lander
;LINC;Lincoln
;LYON;Lyon
;MINE;Mineral
;NYE;Nye
;PERS;Pershing
;STOR;Storey
;WASH;Washoe
;WHIT;White Pine
NY;;NEW YORK
;ALBA;Albany
;ALLE;Allegany
;BRON;Bronx
;BROO;Broome
;CATT;Cattaraugus
;CAYU;Cayuga
;CHAU;Chautauqua
;CHMG;Chemung
;CLIN;Clinton
;CNGO;Chenango
;COLU;Columbia
;CORT;Cortland
;DELA;Delaware
;DUTC;Dutchess
;ERIE;Erie
;ESSE;Essex
;FRNK;Franklin
;FULT;Fulton
;GENE;Genesee
;GREE;Greene
;HAMI;Hamilton
;HERK;Herkimer
;JEFF;Jefferson
;KING;Kings
;LEWI;Lewis
;LIVI;Livingston
;MDSN;Madison
;MGMY;Montgomery
;MNRO;Monroe
;NASS;Nassau
;NEWY;New York
;NIAG;Niagara
;ONEI;Oneida
;ONON;Onondaga
;ONTA;Ontario
;ORLE;Orleans
;ORNG;Orange
;OSWE;Oswego
;OTSE;Otsego
;PUTN;Putnam
;QUEE;Queens
;RENS;Rensselaer
;RICH;Richmond
;ROCK;Rockland
;SARA;Saratoga
;SCHH;Schoharie
;SCHN;Schenectady
;SENE;Seneca
;SHUY;Schuyler
;SLAW;Saint Lawrence
;STEU;Steuben
;SUFF;Suffolk
;SULL;Sullivan
;TIOG;Tioga
;TOMP;Tompkins
;ULST;Ulster
;WASH;Washington
;WAYN;Wayne
;WEST;Westchester
;WRRN;Warren
;WYOM;Wyoming
;YATE;Yates
OH;;OHIO
;ADMS;Adams
;ALLE;Allen
;ASHL;Ashland
;ASHT;Ashtabula
;ATHE;Athens
;AUGL;Auglaize
;BELM;Belmont
;BRWN;Brown
;BUTL;Butler
;CHAM;Champaign
;CLER;Clermont
;CLIN;Clinton
;CLRK;Clark
;COLU;Columbiana
;COSH;Coshocton
;CRAW;Crawford
;CROL;Carroll
;CUYA;Cuyahoga
;DARK;Darke
;DEFI;Defiance
;DELA;Delaware
;ERIE;Erie
;FAIR;Fairfield
;FAYE;Fayette
;FRNK;Franklin
;FULT;Fulton
;GALL;Gallia
;GEAU;Geauga
;GREE;Greene
;GUER;Guernsey
;HAMI;Hamilton
;HANC;Hancock
;HIGH;Highland
;HNRY;Henry
;HOCK;Hocking
;HOLM;Holmes
;HRDI;Hardin
;HRSN;Harrison
;HURO;Huron
;JEFF;Jefferson
;JKSN;Jackson
;KNOX;Knox
;LAKE;Lake
;LAWR;Lawrence
;LICK;Licking
;LOGA;Logan
;LRAI;Lorain
;LUCA;Lucas
;MAHO;Mahoning
;MARI;Marion
;MDSN;Madison
;MEDI;Medina
;MEIG;Meigs
;MERC;Mercer
;MGMY;Montgomery
;MIAM;Miami
;MNRO;Monroe
;MORG;Morgan
;MORW;Morrow
;MUSK;Muskingum
;NOBL;Noble
;OTTA;Ottawa
;PAUL;Paulding
;PCKA;Pickaway
;PERR;Perry
;PIKE;Pike
;PORT;Portage
;PREB;Preble
;PUTN;Putnam
;RICH;Richland
;ROSS;Ross
;SAND;Sandusky
;SCIO;Scioto
;SENE;Seneca
;SHEL;Shelby
;STAR;Stark
;SUMM;Summit
;TRUM;Trumbull
;TUSC;Tuscarawas
;UNIO;Union
;VANW;Van Wert
;VINT;Vinton
;WASH;Washington
;WAYN;Wayne
;WILL;Williams
;WOOD;Wood
;WRRN;Warren
;WYAN;Wyandot
OK;;OKLAHOMA
;ADAI;Adair
;ALFA;Alfalfa
;ATOK;Atoka
;BEAV;Beaver
;BECK;Beckham
;BLAI;Blaine
;BRYA;Bryan
;CADD;Caddo
;CANA;Canadian
;CART;Carter
;CHOC;Choctaw
;CIMA;Cimarron
;CKEE;Cherokee
;CLEV;Cleveland
;CMCH;Comanche
;COAL;Coal
;COTT;Cotton
;CRAI;Craig
;CREK;Creek
;CUST;Custer
;DELA;Delaware
;DEWE;Dewey
;ELIS;Ellis
;GARF;Garfield
;GARV;Garvin
;GRAN;Grant
;GRDY;Grady
;GREE;Greer
;HARM;Harmon
;HARP;Harper
;HASK;Haskell
;HUGH;Hughes
;JEFF;Jefferson
;JKSN;Jackson
;JOHN;Johnston
;KAY;Kay
;KING;Kingfisher
;KIOW;Kiowa
;LATI;Latimer
;LEFL;Le Flore
;LINC;Lincoln
;LOGA;Logan
;LOVE;Love
;MAJO;Major
;MAYE;Mayes
;MCIN;McIntosh
;MCLA;McClain
;MCUR;McCurtain
;MRSH;Marshall
;MURR;Murray
;MUSK;Muskogee
;NOBL;Noble
;NOWA;Nowata
;OKFU;Okfuskee
;OKLA;Oklahoma
;OKMU;Okmulgee
;OSAG;Osage
;OTTA;Ottawa
;PAWN;Pawnee
;PAYN;Payne
;PITT;Pittsburg
;POTT;Pottawatomie
;PTOC;Pontotoc
;PUSH;Pushmataha
;RMIL;Roger Mills
;ROGE;Rogers
;SEMI;Seminole
;SEQU;Sequoyah
;STPH;Stephens
;TEXA;Texas
;TILL;Tillman
;TULS;Tulsa
;WAGO;Wagoner
;WASH;Washington
;WODS;Woods
;WSHA;Washita
;WWRD;Woodward
OR;;OREGON
;BAKE;Baker
;BNTN;Benton
;CLAC;Clackamas
;CLAT;Clatsop
;COLU;Columbia
;COOS;Coos
;CROO;Crook
;CURR;Curry
;DESC;Deschutes
;DGLS;Douglas
;GILL;Gilliam
;GRAN;Grant
;HARN;Harney
;HOOD;Hood River
;JEFF;Jefferson
;JKSN;Jackson
;JOSE;Josephine
;KLAM;Klamath
;LAKE;Lake
;LANE;Lane
;LINC;Lincoln
;LINN;Linn
;MALH;Malheur
;MARI;Marion
;MORW;Morrow
;MULT;Multnomah
;POLK;Polk
;SHRM;Sherman
;TILL;Tillamook
;UMAT;Umatilla
;UNIO;Union
;WALL;Wallowa
;WASC;Wasco
;WASH;Washington
;WHEE;Wheeler
;YAMH;Yamhill
PA;;PENNSYLVANIA
;ADMS;Adams
;ALLE;Allegheny
;ARMS;Armstrong
;BEAV;Beaver
;BEDF;Bedford
;BERK;Berks
;BLAI;Blair
;BRAD;Bradford
;BUCK;Bucks
;BUTL;Butler
;CAME;Cameron
;CARB;Carbon
;CENT;Centre
;CHES;Chester
;CLAR;Clarion
;CLEA;Clearfield
;CLIN;Clinton
;CMBR;Cambria
;COLU;Columbia
;CRAW;Crawford
;CUMB;Cumberland
;DAUP;Dauphin
;DELA;Delaware
;ELK;Elk
;ERIE;Erie
;FAYE;Fayette
;FORE;Forest
;FRNK;Franklin
;FULT;Fulton
;GREE;Greene
;HUNT;Huntingdon
;INDI;Indiana
;JEFF;Jefferson
;JUNI;Juniata
;LACK;Lackawanna
;LAWR;Lawrence
;LEBA;Lebanon
;LEHI;Lehigh
;LNCS;Lancaster
;LUZE;Luzerne
;LYCO;Lycoming
;MCKE;McKean
;MERC;Mercer
;MGMY;Montgomery
;MIFF;Mifflin
;MNRO;Monroe
;MONT;Montour
;NHMP;Northampton
;NUMB;Northumberland
;PERR;Perry
;PHIL;Philadelphia
;PIKE;Pike
;POTT;Potter
;SHUY;Schuylkill
;SNYD;Snyder
;SOME;Somerset
;SULL;Sullivan
;SUSQ;Susquehanna
;TIOG;Tioga
;UNIO;Union
;VENA;Venango
;WASH;Washington
;WAYN;Wayne
;WEST;Westmoreland
;WRRN;Warren
;WYOM;Wyoming
;YORK;York
RI;;RHODE ISLAND
;BRIS;Bristol
;KENT;Kent
;NEWP;Newport
;PROV;Providence
;WASH;Washington
SC;;SOUTH CAROLINA
;ABBE;Abbeville
;AIKE;Aiken
;ALLE;Allendale
;ANDE;Anderson
;BAMB;Bamberg
;BARN;Barnwell
;BEAU;Beaufort
;BERK;Berkeley
;CHAR;Charleston
;CHES;Chester
;CHFD;Chesterfield
;CHOU;Calhoun
;CKEE;Cherokee
;CLRN;Clarendon
;COLL;Colleton
;DARL;Darlington
;DILL;Dillon
;DORC;Dorchester
;EDGE;Edgefield
;FAIR;Fairfield
;FLOR;Florence
;GEOR;Georgetown
;GRWD;Greenwood
;GVIL;Greenville
;HAMP;Hampton
;HORR;Horry
;JASP;Jasper
;KERS;Kershaw
;LAUR;Laurens
;LEE;Lee
;LEXI;Lexington
;LNCS;Lancaster
;MARI;Marion
;MARL;Marlboro
;MCOR;McCormick
;NEWB;Newberry
;OCON;Oconee
;ORNG;Orangeburg
;PICK;Pickens
;RICH;Richland
;SALU;Saluda
;SPAR;Spartanburg
;SUMT;Sumter
;UNIO;Union
;WILL;Williamsburg
;YORK;York
SD;;SOUTH DAKOTA
;AURO;Aurora
;BEAD;Beadle
;BENN;Bennett
;BONH;Bon Homme
;BROO;Brookings
;BRUL;Brule
;BRWN;Brown
;BUFF;Buffalo
;BUTT;Butte
;CAMP;Campbell
;CHAR;Charles Mix
;CLAY;Clay
;CLRK;Clark
;CODI;Codington
;CORS;Corson
;CUST;Custer
;DAVI;Davison
;DAY; Day
;DEUE;Deuel
;DEWY;Dewey
;DGLS;Douglas
;EDMU;Edmunds
;FALL;Fall River
;FAUL;Faulk
;GRAN;Grant
;GREG;Gregory
;HAAK;Haakon
;HAML;Hamlin
;HAND;Hand
;HNSN;Hanson
;HRDG;Harding
;HUGH;Hughes
;HUTC;Hutchinson
;HYDE;Hyde
;JERA;Jerauld
;JKSN;Jackson
;JONE;Jones
;KING;Kingsbury
;LAKE;Lake
;LAWR;Lawrence
;LINC;Lincoln
;LYMA;Lyman
;MCOO;McCook
;MCPH;McPherson
;MEAD;Meade
;MELL;Mellette
;MINE;Miner
;MINN;Minnehaha
;MOOD;Moody
;MRSH;Marshall
;PENN;Pennington
;PERK;Perkins
;POTT;Potter
;ROBE;Roberts
;SANB;Sanborn
;SHAN;Shannon
;SPIN;Spink
;STAN;Stanley
;SULL;Sully
;TODD;Todd
;TRIP;Tripp
;TURN;Turner
;UNIO;Union
;WALW;Walworth
;YANK;Yankton
;ZIEB;Ziebach
TN;;TENNESSEE
;ANDE;Anderson
;BEDF;Bedford
;BLED;Bledsoe
;BLOU;Blount
;BNTN;Benton
;BRAD;Bradley
;CAMP;Campbell
;CANN;Cannon
;CART;Carter
;CHEA;Cheatham
;CHES;Chester
;CLAI;Claiborne
;CLAY;Clay
;COCK;Cocke
;COFF;Coffee
;CROC;Crockett
;CROL;Carroll
;CUMB;Cumberland
;DECA;Decatur
;DICK;Dickson
;DKLB;De Kalb
;DVSN;Davidson
;DYER;Dyer
;FAYE;Fayette
;FENT;Fentress
;FRNK;Franklin
;GIBS;Gibson
;GILE;Giles
;GRAI;Grainger
;GREE;Greene
;GRUN;Grundy
;HAMB;Hamblen
;HAMI;Hamilton
;HANC;Hancock
;HAWK;Hawkins
;HAYW;Haywood
;HDMN;Hardeman
;HEND;Henderson
;HICK;Hickman
;HNRY;Henry
;HOUS;Houston
;HRDI;Hardin
;HUMP;Humphreys
;JEFF;Jefferson
;JKSN;Jackson
;JOHN;Johnson
;KNOX;Knox
;LAKE;Lake
;LAUD;Lauderdale
;LAWR;Lawrence
;LEWI;Lewis
;LINC;Lincoln
;LOUD;Loudon
;MACO;Macon
;MARI;Marion
;MAUR;Maury
;MCMI;McMinn
;MCNA;McNairy
;MDSN;Madison
;MEIG;Meigs
;MGMY;Montgomery
;MNRO;Monroe
;MOOR;Moore
;MORG;Morgan
;MRSH;Marshall
;OBIO;Obion
;OVER;Overton
;PERR;Perry
;PICK;Pickett
;POLK;Polk
;PUTN;Putnam
;RHEA;Rhea
;ROAN;Roane
;ROBE;Robertson
;RUTH;Rutherford
;SCTT;Scott
;SEQU;Sequatchie
;SEVI;Sevier
;SHEL;Shelby
;SMIT;Smith
;STEW;Stewart
;SULL;Sullivan
;SUMN;Sumner
;TIPT;Tipton
;TROU;Trousdale
;UNIC;Unicoi
;UNIO;Union
;VANB;Van Buren
;WASH;Washington
;WAYN;Wayne
;WEAK;Weakley
;WHIT;White
;WILS;Wilson
;WMSN;Williamson
;WRRN;Warren
TX;;TEXAS
;ANDE;Anderson
;ANDR;Andrews
;ANGL;Angelina
;ARAN;Aransas
;ARCH;Archer
;ARMS;Armstrong
;ATAS;Atascosa
;AUST;Austin
;BAIL;Bailey
;BAND;Bandera
;BAYL;Baylor
;BEE;Bee
;BELL;Bell
;BEXA;Bexar
;BLAN;Blanco
;BORD;Borden
;BOSQ;Bosque
;BOWI;Bowie
;BREW;Brewster
;BRIS;Briscoe
;BROO;Brooks
;BRWN;Brown
;BSTP;Bastrop
;BURL;Burleson
;BURN;Burnet
;BZIA;Brazoria
;BZOS;Brazos
;CAME;Cameron
;CAMP;Camp
;CASS;Cass
;CAST;Castro
;CHAN;Callahan
;CHIL;Childress
;CHMB;Chambers
;CHOU;Calhoun
;CKEE;Cherokee
;CLAY;Clay
;CLDW;Caldwell
;CLLN;Collin
;CMCH;Comanche
;COCH;Cochran
;COKE;Coke
;COLE;Coleman
;COLO;Colorado
;COMA;Comal
;CONC;Concho
;COOK;Cooke
;CORY;Coryell
;COTT;Cottle
;CRAN;Crane
;CROC;Crockett
;CROS;Crosby
;CSON;Carson
;CULB;Culberson
;CWTH;Collingsworth
;DAWS;Dawson
;DEAF;Deaf Smith
;DELT;Delta
;DEWI;De Witt
;DICK;Dickens
;DIMM;Dimmit
;DLLM;Dallam
;DLLS;Dallas
;DNTN;Denton
;DONL;Donley
;DUVA;Duval
;EAST;Eastland
;ECTO;Ector
;EDWA;Edwards
;ELIS;Ellis
;ELPA;El Paso
;ERAT;Erath
;FANN;Fannin
;FAYE;Fayette
;FISH;Fisher
;FLLS;Falls
;FLOY;Floyd
;FOAR;Foard
;FORT;Fort Bend
;FREE;Freestone
;FRIO;Frio
;FRNK;Franklin
;GALV;Galveston
;GANS;Gaines
;GARZ;Garza
;GLAS;Glasscock
;GLSP;Gillespie
;GOLI;Goliad
;GONZ;Gonzales
;GRAY;Gray
;GREG;Gregg
;GRIM;Grimes
;GRSN;Grayson
;GUAD;Guadalupe
;HALE;Hale
;HALL;Hall
;HAMI;Hamilton
;HANS;Hansford
;HART;Hartley
;HASK;Haskell
;HAYS;Hays
;HDMN;Hardeman
;HEMP;Hemphill
;HEND;Henderson
;HIDA;Hidalgo
;HILL;Hill
;HOCK;Hockley
;HOOD;Hood
;HOPK;Hopkins
;HOUS;Houston
;HOWA;Howard
;HRDI;Hardin
;HRRS;Harris
;HRSN;Harrison
;HUDS;Hudspeth
;HUNT;Hunt
;HUTC;Hutchinson
;IRIO;Irion
;JACK;Jack
;JASP;Jasper
;JDAV;Jeff Davis
;JEFF;Jefferson
;JIMH;Jim Hogg
;JIMW;Jim Wells
;JKSN;Jackson
;JOHN;Johnson
;JONE;Jones
;KARN;Karnes
;KAUF;Kaufman
;KEND;Kendall
;KENT;Kent
;KERR;Kerr
;KIMB;Kimble
;KING;King
;KINN;Kinney
;KLEB;Kleberg
;KNDY;Kenedy
;KNOX;Knox
;LAMA;Lamar
;LAMB;Lamb
;LAMP;Lampasas
;LASA;La Salle
;LAVC;Lavaca
;LEE; Lee
;LEON;Leon
;LIBE;Liberty
;LIME;Limestone
;LIPS;Lipscomb
;LIVE;Live Oak
;LLAN;Llano
;LOVI;Loving
;LUBB;Lubbock
;LYNN;Lynn
;MARI;Marion
;MART;Martin
;MASO;Mason
;MATA;Matagorda
;MAVE;Maverick
;MCCU;McCulloch
;MCLE;McLennan
;MCMU;McMullen
;MDLD;Midland
;MDSN;Madison
;MEDI;Medina
;MENA;Menard
;MGMY;Montgomery
;MGUE;Montague
;MILA;Milam
;MILL;Mills
;MITC;Mitchell
;MOOR;Moore
;MORR;Morris
;MOTL;Motley
;NACO;Nacogdoches
;NAVA;Navarro
;NEWT;Newton
;NOLA;Nolan
;NUEC;Nueces
;OCHI;Ochiltree
;OLDH;Oldham
;ORNG;Orange
;PALO;Palo Pinto
;PANO;Panola
;PARK;Parker
;PECO;Pecos
;POLK;Polk
;POTT;Potter
;PRES;Presidio
;PRMR;Parmer
;RAIN;Rains
;RAND;Randall
;RBSN;Robertson
;REAG;Reagan
;REAL;Real
;REDR;Red River
;REEV;Reeves
;REFU;Refugio
;ROBE;Roberts
;ROCK;Rockwall
;RUNN;Runnels
;RUSK;Rusk
;SABI;Sabine
;SANA;San Augustine
;SCHL;Schleicher
;SCUR;Scurry
;SHAC;Shackelford
;SHEL;Shelby
;SHRM;Sherman
;SJAC;San Jacinto
;SMIT;Smith
;SOME;Somervell
;SPAT;San Patricio
;SSAB;San Saba
;STAR;Starr
;STER;Sterling
;STON;Stonewall
;STPH;Stephens
;SUTT;Sutton
;SWIS;Swisher
;TARR;Tarrant
;TAYL;Taylor
;THRO;Throckmorton
;TITU;Titus
;TOMG;Tom Green
;TRAV;Travis
;TRIN;Trinity
;TRRL;Terrell
;TRRY;Terry
;TYLE;Tyler
;UPSH;Upshur
;UPTO;Upton
;UVAL;Uvalde
;VALV;Val Verde
;VANZ;Van Zandt
;VICT;Victoria
;WALL;Waller
;WARD;Ward
;WASH;Washington
;WEBB;Webb
;WHAR;Wharton
;WHEE;Wheeler
;WICH;Wichita
;WILB;Wilbarger
;WILS;Wilson
;WINK;Winkler
;WISE;Wise
;WLCY;Willacy
;WLKR;Walker
;WMSN;Williamson
;WOOD;Wood
;YOAK;Yoakum
;YOUN;Young
;ZAPA;Zapata
;ZAVA;Zavala
UT;;UTAH
;BEAV;Beaver
;BOXE;Box Elder
;CACH;Cache
;CARB;Carbon
;DAGG;Daggett
;DAVI;Davis
;DUCH;Duchesne
;EMER;Emery
;GARF;Garfield
;GRAN;Grand
;IRON;Iron
;JUAB;Juab
;KANE;Kane
;MILL;Millard
;MORG;Morgan
;PIUT;Piute
;RICH;Rich
;SALT;Salt Lake
;SANP;Sanpete
;SEVI;Sevier
;SJUA;San Juan
;SUMM;Summit
;TOOE;Tooele
;UINT;Uintah
;UTAH;Utah
;WASA;Wasatch
;WASH;Washington
;WAYN;Wayne
;WEBE;Weber
VA;;VIRGINIA
;ACCO;Accomack
;ALBE;Albemarle
;ALLE;Alleghany
;AMEL;Amelia
;AMHE;Amherst
;APPO;Appomattox
;ARLI;Arlington
;AUGU;Augusta
;BATH;Bath
;BEDF;Bedford
;BLAN;Bland
;BOTE;Botetourt
;BRUN;Brunswick
;BUCH;Buchanan
;BUCK;Buckingham
;CAMP;Campbell
;CARO;Caroline
;CCTY;Charles City
;CHFD;Chesterfield
;CHLT;Charlotte
;CLRK;Clarke
;CRAI;Craig
;CROL;Carroll
;CULP;Culpeper
;CUMB;Cumberland
;DICK;Dickenson
;DINW;Dinwiddie
;ESSE;Essex
;FAIR;Fairfax
;FAUQ;Fauquier
;FLOY;Floyd
;FLUV;Fluvanna
;FRED;Frederick
;FRNK;Franklin
;GILE;Giles
;GLOU;Gloucester
;GOOC;Goochland
;GRAY;Grayson
;GREE;Greene
;GVIL;Greensville
;HALI;Halifax
;HANO;Hanover
;HENR;Henrico
;HIGH;Highland
;HNRY;Henry
;ISLE;Isle of Wight
;JAME;James City
;KGEO;King George
;KQUE;King and Queen
;KWIL;King William
;LEE;Lee
;LNCS;Lancaster
;LOUD;Loudoun
;LOUI;Louisa
;LUNE;Lunenburg
;MATH;Mathews
;MDSN;Madison
;MECK;Mecklenburg
;MGMY;Montgomery
;MIDD;Middlesex
;NELS;Nelson
;NEWK;New Kent
;NHMP;Northampton
;NOTT;Nottoway
;NUMB;Northumberland
;ORNG;Orange
;PAGE;Page
;PATR;Patrick
;PEDW;Prince Edward
;PGEO;Prince George
;PITT;Pittsylvania
;POWH;Powhatan
;PULA;Pulaski
;PWIL;Prince William
;RAPP;Rappahannock
;RHAM;Rockingham
;RICH;Richmond
;RKBR;Rockbridge
;ROAN;Roanoke
;RSSL;Russell
;SCTT;Scott
;SHEN;Shenandoah
;SMYT;Smyth
;SOUT;Southampton
;SPOT;Spotsylvania
;STAF;Stafford
;SURR;Surry
;SUSX;Sussex
;TAZE;Tazewell
;WASH;Washington
;WEST;Westmoreland
;WISE;Wise
;WRRN;Warren
;WYTH;Wythe
;YORK;York
VT;;VERMONT
;ADDI;Addison
;BENN;Bennington
;CALE;Caledonia
;CHIT;Chittenden
;ESSE;Essex
;FRNK;Franklin
;GRAN;Grand Isle
;LAMO;Lamoille
;ORLE;Orleans
;ORNG;Orange
;RUTL;Rutland
;WASH;Washington
;WHAM;Windham
;WIND;Windsor
WA;;WASHINGTON
;ADMS;Adams
;ASOT;Asotin
;BNTN;Benton
;CHEL;Chelan
;CLAL;Clallam
;CLRK;Clark
;COLU;Columbia
;COWL;Cowlitz
;DGLS;Douglas
;FERR;Ferry
;FRNK;Franklin
;GARF;Garfield
;GRAN;Grant
;GRAY;Grays Harbor
;ISLA;Island
;JEFF;Jefferson
;KING;King
;KITS;Kitsap
;KITT;Kittitas
;KLIC;Klickitat
;LEWI;Lewis
;LINC;Lincoln
;MASO;Mason
;OKAN;Okanogan
;PACI;Pacific
;PEND;Pend Oreille
;PIER;Pierce
;SJUA;San Juan
;SKAM;Skamania
;SKGT;Skagit
;SNOH;Snohomish
;SPOK;Spokane
;STEV;Stevens
;THUR;Thurston
;WAHK;Wahkiakum
;WALL;Walla Walla
;WCOM;Whatcom
;WHIT;Whitman
;YAKI;Yakima
WI;;WISCONSIN
;ADMS;Adams
;ASHL;Ashland
;BARR;Barron
;BAYF;Bayfield
;BRWN;Brown
;BUFF;Buffalo
;BURN;Burnett
;CALU;Calumet
;CHIP;Chippewa
;CLRK;Clark
;COLU;Columbia
;CRAW;Crawford
;DANE;Dane
;DGLS;Douglas
;DODG;Dodge
;DOOR;Door
;DUNN;Dunn
;EAUC;Eau Claire
;FLOR;Florence
;FOND;Fond du Lac
;FORE;Forest
;GRAN;Grant
;GREE;Green
;GRLK;Green Lake
;IOWA;Iowa
;IRON;Iron
;JEFF;Jefferson
;JKSN;Jackson
;JUNE;Juneau
;KEWA;Kewaunee
;KNSH;Kenosha
;LACR;La Crosse
;LAFA;Lafayette
;LANG;Langlade
;LINC;Lincoln
;MARI;Marinette
;MARQ;Marquette
;MENO;Menominee
;MILW;Milwaukee
;MNRO;Monroe
;MTHN;Marathon
;MWOC;Manitowoc
;OCON;Oconto
;ONEI;Oneida
;OUTA;Outagamie
;OZAU;Ozaukee
;PEPI;Pepin
;PIER;Pierce
;POLK;Polk
;PORT;Portage
;PRIC;Price
;RACI;Racine
;RICH;Richland
;ROCK;Rock
;RUSK;Rusk
;SAUK;Sauk
;SAWY;Sawyer
;SCRX;Saint Croix
;SHAW;Shawano
;SHEB;Sheboygan
;TAYL;Taylor
;TREM;Trempealeau
;VERN;Vernon
;VILA;Vilas
;WALW;Walworth
;WASH;Washington
;WAUK;Waukesha
;WAUP;Waupaca
;WAUS;Waushara
;WBGO;Winnebago
;WOOD;Wood
;WSHB;Washburn
WV;;WEST VIRGINIA
;BARB;Barbour
;BERK;Berkeley
;BOON;Boone
;BRAX;Braxton
;BROO;Brooke
;CABE;Cabell
;CHOU;Calhoun
;CLAY;Clay
;DODD;Doddridge
;FAYE;Fayette
;GILM;Gilmer
;GRAN;Grant
;GREE;Greenbrier
;HAMP;Hampshire
;HANC;Hancock
;HARD;Hardy
;HRSN;Harrison
;JEFF;Jefferson
;JKSN;Jackson
;KANA;Kanawha
;LEWI;Lewis
;LINC;Lincoln
;LOGA;Logan
;MARI;Marion
;MASO;Mason
;MCDO;McDowell
;MERC;Mercer
;MINE;Mineral
;MING;Mingo
;MNRO;Monroe
;MONO;Monongalia
;MORG;Morgan
;MRSH;Marshall
;NICH;Nicholas
;OHIO;Ohio
;PEND;Pendleton
;PLEA;Pleasants
;POCA;Pocahontas
;PRES;Preston
;PUTN;Putnam
;RALE;Raleigh
;RAND;Randolph
;RITC;Ritchie
;ROAN;Roane
;SUMM;Summers
;TAYL;Taylor
;TUCK;Tucker
;TYLE;Tyler
;UPSH;Upshur
;WAYN;Wayne
;WEBS;Webster
;WETZ;Wetzel
;WIRT;Wirt
;WOOD;Wood
;WYOM;Wyoming
WY;;WYOMING
;ALBA;Albany
;BIGH;Big Horn
;CAMP;Campbell
;CARB;Carbon
;CONV;Converse
;CROO;Crook
;FREM;Fremont
;GOSH;Goshen
;HOTS;Hot Springs
;JOHN;Johnson
;LARA;Laramie
;LINC;Lincoln
;NATR;Natrona
;NIOB;Niobrara
;PARK;Park
;PLAT;Platte
;SHRD;Sheridan
;SUBL;Sublette
;SWEE;Sweetwater
;TETO;Teton
;UINT;Uinta
;WASH;Washakie
;WEST;Weston
