Halden;LA0CX,LA1BU,LA1FX,LA1OF,LA1SJA,LA1SM,LA1UR,LA2F,LA2KIA,LA2KO,LA2LIA,LA2QF,LA3EW,LA3NHA,LA3QL,LA3TAA,LA3TL,LA3UL,LA3VL,LA3XU,LA5FGA,LA5JBA,LA5LBA,LA5TX,LA5YDA,LA5ZSA,LA6BB,LA6LB,LA6OMA,LA6QMA,LA6SAA,LA7HV,LA7PS,LA7RS,LA8COA,LA8EHA,LA8GHA,LA8HHA,LA8RFA,LA8TN,LA8WU,LA8ZI,LA8ZIA,LA9AIA,LA9EN,LA9FN,LA9GN,LA9GP,LA9H,LA9HN,LA9IV,LA9LPA,LA9MJ,LA9PJ,LA9QJ,LA9WF,LA9WO,LB5TD
Moss;LA1BKPK,LA1FDM,LA1HBA,LA1YKA,LA2BO,LA2KG,LA2MIA,LA2XEA,LA3QAA,LA3RX,LA3SPA,LA3XPA,LA3YU,LA4AA,LA5EAA,LA5EC,LA5ITA,LA5LEA,LA5M,LA5NBA,LA5RP,LA5UU,LA6AFA,LA6CAA,LA6FK,LA6TMA,LA6VJA,LA6YQ,LA7CL,LA7IPA,LA7JAA,LA7WKA,LA7YIA,LA8EJ,LA8MNA,LA8XJ,LA9HDA,LA9KFA,LA9MPA,LB3WE,LB5GC,LB5RD
Sarpsborg;LA0GE,LA1CIA,LA1MG,LA1PGA,LA1QCA,LA1SFS,LA2AW,LA2DGA,LA2SU,LA3OX,LA3PPA,LA4AF,LA4CBA,LA4IFA,LA4OIA,LA4UM,LA5B,LA5C,LA5MBA,LA5RBA,LA5RQ,LA5VQ,LA6ALA,LA6CM,LA6GIA,LA6RFA,LA6SMA,LA6UJA,LA6YL,LA8DOA,LA8KNA,LA8LNA,LA8MY,LA8ONA,LA8YIA,LA9BIA,LA9MRA,LA9MT,LA9NPA,LA9VHA,LA9VKA,LA9YAA,LB1TC,LB4VE,LB5KE,LB8TE
Fredrikstad;LA0CK,LA1DJA,LA1EU,LA1GY,LA1JBA,LA1LAA,LA1MBA,LA1TFA,LA1UIA,LA1VCA,LA1VFA,LA1WFA,LA1WI,LA1XFA,LA2FN,LA2LDA,LA2TV,LA3CS,LA3CW,LA3GKA,LA3NV,LA3OKA,LA3QBA,LA3ZO,LA4BFA,LA4KM,LA4MLA,LA4NIA,LA4NLA,LA4QT,LA4WX,LA4ZY,LA5CBA,LA5F,LA5IBA,LA5NJA,LA5VF,LA5WQ,LA5YTA,LA6BLA,LA6CLA,LA6JU,LA6KIA,LA6KU,LA6KV,LA6NMA,LA6PB,LA6PMA,LA6QP,LA6QY,LA6YIA,LA6ZHA,LA6ZIA,LA7AQ,LA7BQ,LA7GQ,LA7NM,LA7SC,LA7UIA,LA7VE,LA7XK,LA7YC,LA8BX,LA8KHA,LA8ON,LA8PN,LA8QMA,LA8SI,LA8XRA,LA8YL,LA9AEA,LA9CBA,LA9DM,LA9FSA,LA9GFA,LA9IPA,LA9IRA,LA9JG,LA9JPA,LA9LHA,LA9LRA,LA9WDA,LA9YT,LB1ZF,LB2TB,LB5ZC
Hvaler;LA2BBA,LA3QPA,LA5JQ,LA6ADA,LA6WJA,LA6WK,LA6ZU,LA8QN,LA9PTA,LB4EB,LB7PE
Aremark;LA9LJ
Marker;LA2NIA
Rømskog;LA3VSA
Trøgstad;LA4RAA,LA5HN,LA6PNA
Spydeberg;LA3KJ,LA3SCA,LA4SB,LA5JC,LA5RNA,LA6CE,LA6JKA,LA6LY,LA6OH,LA7HOA,LA7ZSA,LA8FNA,LA9CK,LB8LG
Askim;LA1AIA,LA1RTA,LA1ZK,LA1ZP,LA2CBA,LA2EIA,LA2GH,LA2LW,LA2UCA,LA3BRA,LA3IL,LA3LQ,LA3OV,LA3RBA,LA3UFA,LA4AH,LA4MP,LA4YR,LA5UI,LA6EF,LA6HEA,LA6MMA,LA6QAA,LA7QHA,LA7SV,LA7TLA
Eidsberg;LA1NU,LA1UBA,LA2NRA,LA3SY,LA7CO,LA7RLA
Skiptvet;LA1CBA,LA7CBA
Rakkestad;LA1FSA,LA1JO,LA3DS,LA3WL,LA5YFA,LA7CM,LA7SL,LA8QL,LB8QG
Råde;LA1KT,LA3YPA,LA4TMA,LA6YFA,LA9VB,LB9X
Rygge;LA0HV,LA1AJ,LA1DY,LA2DZ,LA2GV,LA2HO,LA2WUA,LA3CCA,LA3KH,LA3PMA,LA3RPA,LA3VPA,LA3XE,LA5HU,LA5JL,LA5UKA,LA6EHA,LA6Q,LA6RAA,LA6TV,LA6XEA,LA7FHA,LA7FU,LA7GOA,LA8GOA,LA8NL,LA9U,LA9VDA,LB2EF,LB7RC
Våler;LA1HHA,LA2EOA,LA3ETA,LA5WPA,LA6JNA,LA6SLA,LA7JOA,LA7PRA,LA8HJA,LA8MT,LA8NDA,LA8PT,LA9ESA,LA9WLA,LB9MC
Hobøl;LA1CSA,LA4VAA,LA9UHA
Vestby;LA1OG,LA2HFA,LA2LO,LA2RR,LA2SFA,LA2TTA,LA3PFA,LA3UPA,LA3VG,LA4FU,LA4IEA,LA4RC,LA5HJA,LA6DMA,LA7TJ,LA8HNA,LA8IOA,LA8UW,LA8V,LA9BH,LA9QJA,LB2FD,LB8YC
Ski;LA0GN,LA0HW,LA1FLS,LA1GOA,LA1IIA,LA1NMA,LA1YBA,LA1YP,LA2AIA,LA2DBA,LA2FH,LA2FLA,LA2IO,LA2TD,LA2YHA,LA3BLA,LA3NCA,LA3WG,LA3YI,LA3ZW,LA4AUA,LA4JCA,LA4NKA,LA4UC,LA4XT,LA5ANA,LA5BH,LA5BNA,LA5CNA,LA5FN,LA5FNA,LA5HNA,LA5INA,LA5IRA,LA5KNA,LA5NK,LA5NW,LA5SNA,LA5VKA,LA5XMA,LA5YEA,LA6DU,LA6EMA,LA6FH,LA6NKA,LA6OK,LA6ZDA,LA7DS,LA7JK,LA7SG,LA8BKA,LA8EL,LA8EN,LA8IP,LA8QJA,LA8RD,LA8TK,LA8ZM,LA9FAA,LA9UM,LA9XCA,LB1OF,LB1TE,LB2IE,LB3VE,LB5OE,LB8CE,LB8ME
Ås;LA1DGA,LA1MIA,LA2VCA,LA4NAA,LA4RMA,LA5DNA,LA5ENA,LA5GNA,LA5VNA,LA5YMA,LA5ZMA,LA6AMA,LA6CMA,LA6MGA,LA6QFA,LA6QK,LA8AF,LA8INA,LA9AMA,LA9JAM,LA9KPA,LA9QLA
Frogn;LA0DT,LA1DFS,LA1FKS,LA1QV,LA3CL,LA4UMA,LA5FKA,LA5PJ,LA5PW,LA6BMA,LA6BT,LA6SP,LA7PP,LA7QTA,LA7XRA,LA8SIA,LA8SJ,LA9NT,LA9WKA,LB4T,LB5EG
Nesodden;LA1BHA,LA1TX,LA2HW,LA2XH,LA2ZDA,LA3GJ,LA6FKA,LA6LMA,LA6QV,LA7CC,LA7JPA,LA7NBA,LA7S,LA7WFA,LA8KOA,LA8PC,LA9CDA,LA9CY,LA9QMA,LB7NG
Oppegård;LA0AT,LA0EM,LA1EBA,LA1KF,LA1KZ,LA1SYL,LA1WZ,LA2DL,LA2KSA,LA2OFA,LA2VQ,LA2ZQ,LA3BI,LA3F,LA3FR,LA3GPA,LA4DW,LA4QMA,LA4YNA,LA4ZK,LA5ABA,LA5OG,LA5ON,LA5PN,LA5QX,LA5YW,LA6FI,LA6FMA,LA6FNA,LA6GMA,LA6HG,LA6HMA,LA6RHA,LA6WO,LA7BFA,LA7EU,LA7GE,LA7MO,LA7NS,LA7SLA,LA7WRA,LA7ZGA,LA7ZKA,LA8EOA,LA8FOA,LA8JJA,LA8LO,LA8NNA,LA8OG,LA9AI,LA9BA,LA9BRA,LA9KI,LA9RJ,LB2DD,LB2HF,LB8FB
Bærum;LA0AM,LA0BY,LA1CUA,LA1GM,LA1JEA,LA1PO,LA1UJ,LA1VF,LA2AB,LA2DI,LA2LRA,LA2NTA,LA2OT,LA2QG,LA2UF,LA2VS,LA2ZOA,LA3CB,LA3GHA,LA3JMA,LA3KF,LA3LHA,LA3TT,LA3VDA,LA3XC,LA3YT,LA4BSA,LA4GV,LA4HKA,LA4LKA,LA4MJ,LA4QG,LA4TGA,LA4YG,LA5FF,LA5FRA,LA5MM,LA5NC,LA5NG,LA5PA,LA5PO,LA5ULA,LA5XOA,LA5YF,LA6AJA,LA6DK,LA6GF,LA6HT,LA6IS,LA6JBA,LA6MA,LA6MOA,LA6UG,LA6XW,LA6ZF,LA6ZK,LA7AHA,LA7AJA,LA7ANA,LA7FQ,LA7FRA,LA7IU,LA7IY,LA7JNA,LA7MS,LA7MT,LA7OGA,LA7SPA,LA7TPA,LA7ZFA,LA7ZV,LA8AM,LA8DA,LA8HKA,LA8KK,LA8RH,LA8SGA,LA8SO,LA8TIA,LA8UIA,LA8XG,LA8YK,LA9CX,LA9GMA,LA9HFA,LA9ITA,LA9LP,LA9MI,LA9NEA,LA9RA,LA9RQ,LA9RTA,LA9THA,LA9WQ,LA9XU,LB1EF,LB1GD,LB1PG,LB2M,LB2ZD,LB4QD,LB5HG,LB6ED,LB7PG,LB8AG
Asker;LA0AS,LA0BL,LA0FE,LA1AV,LA1FR,LA1HJA,LA1LBA,LA1RL,LA1VV,LA2PT,LA2RL,LA2SH,LA2TF,LA2UT,LA2VW,LA2ZT,LA3HJ,LA3JPA,LA3LMA,LA3NB,LA3NS,LA3PM,LA3UKA,LA3VU,LA3WIA,LA3XUA,LA3YA,LA3ZA,LA4AW,LA4FR,LA4POA,LA4RGA,LA4SEA,LA4WQ,LA4WRA,LA5BK,LA5CSA,LA5RPA,LA5SDA,LA5XH,LA6CEA,LA6JJ,LA6QHA,LA6UBA,LA6UK,LA6VJ,LA7ALA,LA7AU,LA7CS,LA7DU,LA7EKA,LA7EY,LA7FIA,LA7NKA,LA7OT,LA7QLA,LA7RDA,LA7TM,LA7VP,LA7XJ,LA7YS,LA8BK,LA8EKA,LA8EQ,LA8LJA,LA8SOA,LA8TM,LA8VM,LA9ED,LA9EY,LA9KMA,LA9KTA,LA9LE,LA9NHA,LA9SHA,LA9TKA,LA9ZKA,LB2PG,LB4EC,LB4PE,LB6IE,LB8KG
Aurskog-Høland;LA1JCA,LA1ZZ,LA2BTA,LA2FK,LA2IT,LA3MHA,LA4IIA,LA6FSA,LA6OBA,LA6VU,LA6ZM,LA7SKA,LA9SOA,LB0J
Sørum;LA1NF,LA1NY,LA1VN,LA2SQ,LA2TUA,LA3DDA,LA4URA,LA4YCA,LA5YAA,LA7JL,LA7JY,LA7XM,LA7YMA,LA8GCA,LA8GGA,LA9ARA,LA9QL,LB1VE,LB2NC
Fet;LA1CQ,LA1JU,LA2KT,LA2NG,LA2TT,LA5EJA,LA6GNA,LA6XFA,LA7KBA,LA8CO,LA9FF,LA9QHA,LA9TOA,LA9YL,LB2VG
Rælingen;LA1DDA,LA1KV,LA2ATA,LA2UAA,LA2WL,LA2XCA,LA2XV,LA3EHA,LA3GMA,LA3JF,LA3YD,LA4CN,LA4NDA,LA4SO,LA4XAA,LA4XRA,LA5CHA,LA5QE,LA5UOA,LA6FAA,LA6TI,LA7BW,LA8NJ,LA8OL,LA8UH,LA9NNA,LB2JD
Enebakk;LA0CO,LA1KJ,LA1PY,LA1QG,LA3FHA,LA3SE,LA5JNA,LA5JRA,LA8RY
Lørenskog;LA1GI,LA1OMA,LA2FO,LA2JGA,LA2LMA,LA2QJA,LA2QLA,LA2RUA,LA3BJ,LA3BPA,LA3KK,LA3PEA,LA3TV,LA3UN,LA4BW,LA4CU,LA4LNA,LA4RE,LA5TOA,LA6DJA,LA6PT,LA6RNA,LA7AKA,LA8CIA,LA8SY,LA9JS,LA9ML,LA9VI,LA9YG,LB8IB
Skedsmo;LA0BX,LA0FA,LA1DFA,LA1ESA,LA1HSA,LA1IKA,LA1MY,LA1NSB,LA1OY,LA1TBA,LA1YV,LA2AP,LA2HT,LA2JH,LA2PLA,LA2RNA,LA2SMA,LA2SRK,LA2ULA,LA2WCA,LA3JE,LA3JJA,LA3LD,LA3QE,LA3UG,LA4BIA,LA4FT,LA4IKA,LA4OGA,LA4SJ,LA5ALA,LA5ARA,LA5EE,LA5IT,LA5MGA,LA6DM,LA6KEA,LA6OKA,LA6ONA,LA6TP,LA6XMA,LA7AT,LA7ELA,LA7EP,LA7FLA,LA7HLA,LA7IOA,LA7MN,LA7POA,LA7QE,LA7VN,LA7YU,LA8CL,LA8EK,LA8HGA,LA8HTA,LA8OCA,LA8QI,LA8RM,LA8RX,LA8UKA,LA8VKA,LA8ZTA,LA9CFA,LA9ISA,LA9L,LA9MW,LA9ROA,LA9ZPA,LB0B,LB1LG,LB3KB,LB7FE,LB7UC,LB7VD,LB8DG
Nittedal;LA0ED,LA1DH,LA1FDG,LA1GPA,LA1HKA,LA1VBA,LA2RMA,LA2SD,LA2XNA,LA3BL,LA3NJ,LA3OGA,LA3TU,LA3WLA,LA4GAA,LA4IM,LA4PGA,LA4UDA,LA4XN,LA4ZO,LA5ERA,LA5REA,LA6INA,LA6KNA,LA6MW,LA7GIA,LA7YG,LA8FTA,LA8IO,LA8OGA,LA8OKA,LA9FT,LA9IQ,LA9KSA,LA9OSA,LA9UTA,LA9ZO,LB2XG
Gjerdrum;LA2AR,LA2MUA,LA2NUA,LA3KHA,LA6MBA,LA7YKA,LA9JBA
Ullensaker;LA0CB,LA1ISA,LA1LMA,LA1PI,LA1SBA,LA2G,LA2ILA,LA2RS,LA3FB,LA4BX,LA5NKA,LA5PF,LA5QGA,LA6IF,LA6MEA,LA6ZBA,LA7EAA,LA7RL,LA7SOA,LA7VK,LA8JJ,LA8OW,LA9HTA,LA9OI,LA9OJA,LB2JG,LB8RE
Nes;LA1RQ,LA1XOA,LA2DLA,LA2ONA,LA2PNA,LA3FRA,LA3INA,LA3JA,LA3NMA,LA4HLA,LA4TAA,LA4UJA,LA4XIA,LA5RT,LA6IJA,LA6MI,LA6PO,LA6WBA,LA6WW,LA7NOA,LA8VTA,LA9CTA,LA9FY,LA9HOA,LA9VGA,LA9XKA,LA9ZDA,LB1JG,LB1MG,LB2FG,LB4UD,LB5FG,LB7Q
Eidsvoll;LA1DRA,LA1EPA,LA1FPA,LA1JUA,LA1ST,LA2ORA,LA2SKA,LA2TNA,LA2WNA,LA3CRA,LA4GNA,LA4HIA,LA4TRA,LA5DEA,LA5LGA,LA5NDA,LA5UH,LA5ZRA,LA6VMA,LA6YTA,LA7KP,LA7LCA,LA7OOA,LA7ROA,LA7XN,LA8LX,LA8RRA,LA8SRA,LA8WL,LA9SIA,LB1CF,LB2CG,LB8GE,LB9JE
Nannestad;LA1CU,LA1FW,LA2DFA,LA3CK,LA3EMA,LA3HHA,LA3KMA,LA3MMA,LA3OMA,LA3TKA,LA4GMA,LA5VCA,LA6PKA,LA6REA,LA6YRA,LA7SNA,LA7ZLA,LA8IJ,LA8MLA,LA8VS,LA8VY,LA8YX,LA9HO,LA9UF,LA9ZI
Hurdal;LA1NBF,LA5DFA,LA6GJA,LA6LG,LA7HHA,LA7KOA,LA7XCA,LA7ZCA,LA9BTA,LA9DTA,LA9GTA
Oslo;JX3P,LA0AF,LA0BT,LA0DO,LA0FD,LA0GV,LA0HC,LA1AN,LA1AU,LA1BMA,LA1C,LA1CFA,LA1CMA,LA1COM,LA1D,LA1DSA,LA1DXG,LA1EE,LA1EEA,LA1FRA,LA1FSG,LA1GRA,LA1GSA,LA1HAM,LA1HJ,LA1HP,LA1HQ,LA1HZ,LA1IP,LA1JAM,LA1KN,LA1KP,LA1KY,LA1LBG,LA1LP,LA1MP,LA1MTA,LA1MU,LA1NBA,LA1NEC,LA1NJA,LA1NP,LA1NRK,LA1NS,LA1NSF,LA1OBA,LA1ORK,LA1OTX,LA1PCA,LA1QM,LA1QQ,LA1QTA,LA1RUA,LA1SHA,LA1SI,LA1SN,LA1SP,LA1SS,LA1SY,LA1TC,LA1TK,LA1TUA,LA1TUR,LA1UQ,LA1V,LA1VC,LA1VPA,LA1WBA,LA1XKA,LA1YIA,LA1ZF,LA1ZH,LA1ZNA,LA2A,LA2AJ,LA2AZ,LA2BOA,LA2CH,LA2CQ,LA2CV,LA2CW,LA2DA,LA2DQ,LA2E,LA2EAA,LA2EV,LA2FEA,LA2FJ,LA2FX,LA2GL,LA2GLA,LA2GU,LA2HJ,LA2IB,LA2ID,LA2IQ,LA2IRA,LA2JAM,LA2JB,LA2JDA,LA2JM,LA2JOA,LA2JQ,LA2LGA,LA2LJA,LA2LQ,LA2LUA,LA2MD,LA2MH,LA2ML,LA2MMA,LA2MQ,LA2MS,LA2NCA,LA2NJA,LA2OAA,LA2OJA,LA2OLA,LA2OLD,LA2PJA,LA2PK,LA2PQ,LA2PUA,LA2QH,LA2QM,LA2QT,LA2SCA,LA2SL,LA2SR,LA2SS,LA2SY,LA2TCA,LA2TH,LA2TKA,LA2TLA,LA2TO,LA2UH,LA2UX,LA2VJ,LA2VR,LA2VUA,LA2WT,LA2ZHA,LA2ZZ,LA3AG,LA3AT,LA3ATA,LA3AV,LA3AZ,LA3BOA,LA3DFA,LA3DHA,LA3DW,LA3FDA,LA3FPA,LA3GDA,LA3GW,LA3HL,LA3HPA,LA3HX,LA3IC,LA3IH,LA3IK,LA3IPA,LA3JAM,LA3JCA,LA3JS,LA3KAA,LA3KM,LA3KPA,LA3LEA,LA3PDA,LA3PK,LA3PN,LA3RC,LA3RHA,LA3RIA,LA3RK,LA3SJ,LA3SO,LA3SS,LA3ST,LA3TF,LA3TJA,LA3TLA,LA3TNA,LA3UK,LA3UUA,LA3UV,LA3VIA,LA3VKA,LA3XK,LA3XLA,LA3YY,LA3ZIA,LA3ZT,LA4AJ,LA4BN,LA4BZ,LA4CAA,LA4CIA,LA4DIA,LA4DJ,LA4EC,LA4EF,LA4FI,LA4GBA,LA4GF,LA4GG,LA4GKA,LA4GLA,LA4HEA,LA4IF,LA4JAM,LA4JH,LA4JJ,LA4JKA,LA4JL,LA4JLA,LA4LE,LA4LN,LA4LP,LA4LW,LA4MM,LA4MSA,LA4NP,LA4OG,LA4QE,LA4QH,LA4RCA,LA4SE,LA4SS,LA4T,LA4TKA,LA4TSA,LA4TT,LA4UD,LA4UY,LA4VD,LA4VRA,LA4WLA,LA4YD,LA4YX,LA4ZCA,LA4ZP,LA4ZX,LA5AH,LA5BLA,LA5CE,LA5CGA,LA5CH,LA5DI,LA5EOA,LA5FW,LA5GAA,LA5GRA,LA5HRA,LA5HY,LA5IHA,LA5IN,LA5JHA,LA5MDA,LA5MS,LA5MT,LA5OI,LA5OP,LA5OQ,LA5TDA,LA5TF,LA5TNA,LA5TW,LA5UDA,LA5USA,LA5UTA,LA5UV,LA5VFA,LA5VL,LA5WCA,LA5WE,LA5X,LA5XT,LA5YP,LA5YSA,LA6AKA,LA6BSA,LA6CNA,LA6CSA,LA6DNA,LA6EEA,LA6EG,LA6ENA,LA6GFA,LA6IKA,LA6JCA,LA6JK,LA6JM,LA6LBA,LA6MN,LA6MP,LA6MQ,LA6NBA,LA6ND,LA6NGA,LA6OGA,LA6PBA,LA6PPA,LA6PV,LA6QBA,LA6QPA,LA6RBA,LA6RGA,LA6RKA,LA6RV,LA6SHA,LA6SI,LA6TF,LA6THA,LA6TL,LA6TQ,LA6UF,LA6UFA,LA6UHA,LA6UMA,LA6UU,LA6VF,LA6VM,LA6VW,LA6WIA,LA6WMA,LA6WN,LA6XBA,LA6XNA,LA6YM,LA7AFA,LA7BC,LA7BDA,LA7CF,LA7DG,LA7EH,LA7FKA,LA7GPA,LA7GU,LA7HPA,LA7HS,LA7HU,LA7IA,LA7IMA,LA7KW,LA7LPA,LA7LV,LA7MPA,LA7OD,LA7ODA,LA7OG,LA7OJA,LA7OKA,LA7OPA,LA7OS,LA7OU,LA7PKA,LA7PPA,LA7QJA,LA7QPA,LA7QS,LA7QT,LA7QY,LA7RI,LA7RPA,LA7SI,LA7SJ,LA7SJA,LA7TT,LA7UCA,LA7UPA,LA7URA,LA7UV,LA7VFA,LA7VKA,LA7WOA,LA7WPA,LA7XAA,LA7XPA,LA7XQ,LA7YGA,LA7YI,LA7YK,LA7YNA,LA7YV,LA7ZY,LA8AAA,LA8AEA,LA8BDA,LA8BMA,LA8CC,LA8CJ,LA8DMA,LA8FC,LA8FCA,LA8FH,LA8FHA,LA8GTA,LA8IKA,LA8JMA,LA8KH,LA8KJ,LA8LT,LA8MA,LA8MAA,LA8MO,LA8NO,LA8NSA,LA8NW,LA8OIA,LA8PD,LA8QEA,LA8RKA,LA8RT,LA8SKA,LA8TA,LA8TCA,LA8TO,LA8TY,LA8VE,LA8VJA,LA8VT,LA8W,LA8WD,LA8WMA,LA8WTA,LA8WW,LA8WY,LA8XE,LA8XGA,LA8XH,LA8XS,LA8XTA,LA8XW,LA8YKA,LA8YTA,LA8ZT,LA8ZY,LA9ASA,LA9ATA,LA9AY,LA9BSA,LA9BX,LA9BY,LA9COA,LA9DL,LA9DN,LA9DY,LA9FFA,LA9HSA,LA9IL,LA9JHA,LA9JJA,LA9JSA,LA9JTA,LA9JW,LA9KHA,LA9LEA,LA9LI,LA9LSA,LA9LT,LA9LTA,LA9MEA,LA9MKA,LA9MTA,LA9MU,LA9NGA,LA9NTA,LA9ODA,LA9OEA,LA9OL,LA9OPA,LA9OTA,LA9PBA,LA9PF,LA9PI,LA9PL,LA9PU,LA9QGA,LA9QTA,LA9REA,LA9RHA,LA9RLA,LA9RT,LA9SEA,LA9SS,LA9ST,LA9STA,LA9SU,LA9TGA,LA9TL,LA9TTA,LA9UMA,LA9VMA,LA9VOA,LA9VTA,LA9VV,LA9WSA,LA9XIA,LA9XM,LA9XV,LA9YKA,LA9YLA,LA9ZH,LA9ZRA,LA9ZU,LB1DF,LB1DG,LB1FF,LB1GB,LB1HD,LB1IG,LB1JE,LB1KG,LB1LE,LB1QF,LB1TF,LB1V,LB1XG,LB2GG,LB2IG,LB3LD,LB3NG,LB4EG,LB4JE,LB4PD,LB4YB,LB5HE,LB5IA,LB5LC,LB5NG,LB5VA,LB6AE,LB6RE,LB6YD,LB7EB,LB7GE,LB7QG,LB7ZE,LB7ZG,LB8BG,LB8CG,LB8EG,LB8FG,LB8GB,LB8GG,LB8HG,LB9FD,LB9GE,LB9HE,LB9OB,LB9PB,LB9U,LG5LG
Kongsvinger;LA0EC,LA1RCC,LA2CPA,LA2GPA,LA2IPA,LA2JK,LA2KPA,LA2NMA,LA3C,LA4AMA,LA4RQ,LA4RRA,LA4SRA,LA4WIA,LA5BRA,LA5IJA,LA5SN,LA5TM,LA6BY,LA6RC,LA6UD,LA7HRA,LA7TIA,LA7V,LA8BU,LA9DFA,LA9ETA,LA9RPA,LB5CG,LB8CC
Hamar;LA1RMA,LA2QDA,LA2REA,LA2VBA,LA3FFA,LA3QDA,LA3R,LA3SSA,LA3UO,LA4CEA,LA5RGA,LA6BI,LA7BS,LA8OTA,LA8ZW,LA9LQ,LA9UJA,LA9ZB,LB6BD,LB6MD
Ringsaker;LA1BR,LA1DOA,LA2KV,LA2QNA,LA3ALA,LA3NQ,LA3UHA,LA3VQ,LA3YGA,LA4BMA,LA4LSA,LA4MJA,LA4ST,LA5AAA,LA5DH,LA6TLA,LA7BK,LA7VG,LA8HV,LA8TLA,LA8UI,LA8WI,LA8XKA,LA9XLA,LB1A,LB2PD,LB5JE,LB8MD
Løten;LA1DLA,LA2LV,LA2RLA,LA3BQ,LA4PJA,LA5CL,LA5LJA,LA6FCA,LA6MX,LA7RRA,LA7TTT,LB5LG
Stange;LA1QBA,LA2VDA,LA3BIA,LA3GCA,LA3JQ,LA3UQ,LA4DMA,LA4QOA,LA7ASA,LA7FJA,LA8HAA,LA9AW,LA9MBA,LB4TG
Nord-Odal;LA2EQ,LA2ZNA,LA4IQ,LA4KJA,LA5GQ,LA6SSA,LB3QE
Sør-Odal;LA1IN,LA1RN,LA1UMA,LA1VL,LA2CKA,LA2DR,LA2ER,LA2JUA,LA2TBA,LA3OLA,LA3TEA,LA3UEA,LA3VEA,LA4EKA,LA4PP,LA4PRA,LA4QIA,LA5YRA,LA6ESA,LA6USA,LA6VSA,LA6XSA,LA7IHA,LA7MOA,LA7QMA,LA8BM,LA9QIA,LB2MG,LB6W
Eidskog;LA1TMA,LA3SEA,LA3ZHA,LA4GJA,LA4ORA,LA4QP,LA6RSA,LA8GJA
Grue;LA2DPA,LA2EPA,LA2FPA,LA2GQ,LA2JPA,LA4CS,LA5XHA,LA6VO,LA6YSA,LA7GRA,LB2DG
Åsnes;LA2JS,LA2KJA,LA3HMA,LA3WEA,LA6LNA,LA6TSA,LA7HG,LA7NSA,LA9MHA
Våler;LA1HHA,LA2EOA,LA3ETA,LA5WPA,LA6JNA,LA6SLA,LA7JOA,LA7PRA,LA8HJA,LA8MT,LA8NDA,LA8PT,LA9ESA,LA9WLA,LB9MC
Elverum;LA1KUA,LA3EUA,LA3GN,LA4RTA,LA4STA,LA6QGA,LA6TBA,LA6WSA,LA6YX,LA8FAA,LA8LGA,LA9DSA,LA9KIA,LB5MG
Trysil;LA0EF,LA6QLA,LA8KGA,LA9GGA
Åmot;LA2COA,LA8QO,LA8WKA,LB2IF
Stor-Elvdal;LA2ZJA,LA2GJA
Rendalen;LA1QMA,LA4MH
Engerdal;
Tolga;LA5VV
Tynset;LA6KJA,LA7PY,LB3NE
Alvdal;LA3ZLA
Folldal;LA2HM,LA4ALA
Os;
Lillehammer;LA1BLA,LA1BPA,LA1CLA,LA1EK,LA1FGA,LA1MAI,LA1VAR,LA1X,LA1ZMA,LA2FS,LA2J,LA2L,LA3CI,LA3IZ,LA3NG,LA3WQ,LA4KCA,LA4MX,LA4RY,LA4VS,LA5IKA,LA5JKA,LA5WL,LA5XKA,LA6HU,LA6ITA,LA6JTA,LA6RLA,LA6ULA,LA6ZO,LA7BTA,LA7GL,LA7KMA,LA7LMA,LA7MMA,LA7PK,LA7PMA,LA8SLA,LA8ULA,LA8VLA,LA8WLA,LA9GHA,LA9KJ,LA9WOA,LB1BF,LB2XE,LB6KC,LB7LG,LJ2T
Gjøvik;LA1AOA,LA1COA,LA1HIG,LA1IUA,LA1LUA,LA1MUA,LA1NUA,LA1OUA,LA1PKA,LA1QUA,LA1QY,LA1TI,LA1UGA,LA2KCA,LA2VTA,LA3AUA,LA3CLA,LA3FUA,LA3GNA,LA4DN,LA4FJ,LA4GSG,LA4ROA,LA4SOA,LA4TOA,LA4WL,LA5FHA,LA5G,LA5O,LA5PKA,LA5SMA,LA5WV,LA6ETA,LA6HTA,LA6HV,LA6JAM,LA6JEA,LA7AZ,LA7GHA,LA7MH,LA7NN,LA7OHA,LA7OMA,LA8AB,LA8ERA,LA8VMA,LA9AHA,LA9VRA,LA9YOA,LB1SF,LB2UG,LB4OG,LB4QG,LB4XG,LB5UE,LB6HC,LB6IC,LB7WD
Dovre;LB3PG
Lesja;LA1PU,LA3TGA,LB4CD,LB6SE
Skjåk;LA5VTA
Lom;LA1JRA,LA8IMA
Vågå;LA1YG,LA6DH
Nord-Fron;LA1FJA,LA1TSA,LA1USA,LA2UUA,LA2XUA,LA2ZIA,LA3TR,LA5FJA,LA5WNA,LA7FOA,LA7WCA,LA8BCA,LA8KMA,LA8LMA,LA9LMA,LB9FE
Sel;LA1OSA,LA1WSA,LA1XSA,LA1YSA,LA3OSA,LA3PJA,LA6WDA,LA7G,LA8NJA,LA9MIA,LB6EG,LB8TC
Sør-Fron;LA1VSA,LA3XIA,LA4PS,LA6EIA,LA8FMA,LA9ZOA,LB9UE
Ringebu;LA2JJA,LA2KC,LA5JLA,LA8OJA,LA9EFA,LA9XOA,LB1NF
Øyer;LA1CF,LA1CPA,LA1ELA,LA1FLA,LA1XMA,LA1YMA,LA4LAA,LA4LLA,LA6BCA,LA7JMA,LB6OB
Gausdal;LA1BOA,LA1GLA,LA1OKA,LA1PMA,LA1QKA,LA1SMA,LA2AJA,LA2FIA,LA6CTA,LA6ZKA,LA7IJA,LA7NMA,LA7SMA,LB7LE
Østre Toten;LA1WMA,LA2FF,LA2WTA,LA4KD,LA5BAA,LA5DO,LA5WKA,LA6FTA,LA6OTA,LA6VIA,LA6WHA,LA7GNA,LA7HJA,LA7HTA,LA7ITA,LA7LNA,LA7RNA,LA7UTA,LA8OMA,LA8RK,LA8YLA,LB4LG,LB4NG,LB4RG,LB4SG,LB5RE
Vestre Toten;LA1FP,LA1IOTA,LA1PUA,LA2FBA,LA3DRA,LA3FW,LA3HNA,LA4KBA,LA5GHA,LA5HAA,LA5QMA,LA5RMA,LA5YJ,LA5ZCA,LA6ECA,LA6GTA,LA7EJA,LA7LJA,LA7ONA,LA7PNA,LA8AJA,LA8YW,LA9NU,LA9ZW,LB1YD,LB3RE,LB4GE,LB4MG,LB4PG
Jevnaker;LA1R,LA6PTA,LA7ENA,LA8JKA
Lunner;LA3BHA,LA3CDA,LA3MJ,LA3TK,LA3ZF,LA6HI,LA8OY
Gran;LA1BTA,LA1CTA,LA2SNA,LA2YM,LA3MBA,LA3QSA,LA3WSA,LA4JOA,LA4ZMA,LA6JG,LA6QTA,LA6TM,LA7BNA,LA7CNA,LA7DNA,LA7MNA,LA7NNA,LA7ULA,LA7WLA,LA7XLA,LA8SX,LA9GSA
Søndre Land;LA1DTA,LA7PJA,LA7QNA,LA8ZOA,LA9YRA,LB4WG
Nordre Land;LA2TMA,LA5HKA,LA6HKA,LA6ZNA,LA8IIA,LA8XC,LA9ALA
Sør-Aurdal;LA1HH,LA1MK,LA1XBA,LA2QJ,LA6NTA,LB2YG
Etnedal;LA1AAA
Nord-Aurdal;LA2RDA
Vestre Slidre;LA2UO,LA4QI,LB6GC
Øystre Slidre;LA3NEA,LA8N,LA9F
Vang;LB7ME
Drammen;LA1DRK,LA1FUA,LA1GNA,LA1IPA,LA1JG,LA1PR,LA1QO,LA1QR,LA1SHV,LA1SK,LA2D,LA2DAA,LA2DCA,LA2H,LA2SHV,LA2SLA,LA3ER,LA3GR,LA3KNA,LA3NNA,LA3ONA,LA3PNA,LA3PUA,LA3RNA,LA3SNA,LA3VLA,LA4DJA,LA4ESA,LA4GHA,LA4GL,LA4HK,LA4JJA,LA4JO,LA4LIA,LA4OH,LA4QLA,LA5AX,LA5CF,LA5DC,LA5EFA,LA5HX,LA5MPA,LA5OPA,LA5QPA,LA5SCA,LA5SSA,LA5TI,LA5TPA,LA5WGA,LA6BG,LA6UIA,LA6VV,LA7CA,LA7CJA,LA7EHA,LA7EIA,LA7GV,LA7KG,LA7KY,LA7OTA,LA7PV,LA7RW,LA7ZI,LA8AV,LA8JGA,LA8LF,LA8MH,LA8NHA,LA8SJA,LA9FLA,LA9NG,LA9PJA,LA9PNA,LA9QNA,LA9SNA,LB1BG,LB5BE,LB5CE,LB5IG,LB5JG,LB6D,LB6DD,LB7FA,LB8MG,LB9VE
Kongsberg;LA1FL,LA1GQ,LA1IEA,LA1KIA,LA1LIA,LA1LO,LA1LW,LA1LX,LA1PL,LA1SNA,LA1TCA,LA1TV,LA1UCA,LA1WS,LA1YN,LA2HV,LA2YE,LA2YO,LA2YR,LA3CG,LA3DL,LA3ESA,LA3GSA,LA3HSA,LA3HT,LA3IGA,LA3IHA,LA3IJ,LA3MI,LA3RAA,LA3SAA,LA3SUA,LA3UJA,LA3VO,LA4BLA,LA4FIA,LA4YAA,LA4YM,LA4ZF,LA5CTA,LA5DS,LA5DTA,LA5FK,LA5JJA,LA5NU,LA5OD,LA5ODA,LA5RDA,LA5TN,LA5UCA,LA5UX,LA5ZG,LA6ASA,LA6CDA,LA6GT,LA6QH,LA6QKA,LA6VLA,LA6XJA,LA6ZW,LA7GJA,LA7PI,LA7UGA,LA7UJA,LA8BP,LA8FO,LA8HE,LA8HL,LA8IGA,LA8IL,LA8LKA,LA8MJA,LA8OB,LA8XK,LA8Z,LA9BFA,LA9EO,LA9FO,LA9IJA,LA9JX,LA9SJ,LB5EC,LB5IE,LB8AE
Ringerike;LA1FT,LA1SL,LA1VE,LA2YT,LA3EDA,LA3QV,LA3SJA,LA3VP,LA4EIA,LA4EU,LA4GIA,LA4IN,LA4OAA,LA5JU,LA5KCA,LA5OGA,LA5OW,LA5ZJA,LA6LTA,LA6TIA,LA6UOA,LA7DLA,LA7FNA,LA7INA,LA7YLA,LA8MRA,LA9KS,LA9WRA,LA9Z,LB5BG
Hole;LA4TE,LA4YB,LA5KO,LA5RSA,LA5VDA,LA6SIA,LA7DPA,LA7IV,LA9PLA,LA9YDA
Flå;
Nes;LA1RQ,LA1XOA,LA2DLA,LA2ONA,LA2PNA,LA3FRA,LA3INA,LA3JA,LA3NMA,LA4HLA,LA4TAA,LA4UJA,LA4XIA,LA5RT,LA6IJA,LA6MI,LA6PO,LA6WBA,LA6WW,LA7NOA,LA8VTA,LA9CTA,LA9FY,LA9HOA,LA9VGA,LA9XKA,LA9ZDA,LB1JG,LB1MG,LB2FG,LB4UD,LB5FG,LB7Q
Gol;LA1RBA,LA4IBA,LA6AI
Hemsedal;
Ål;LA1PRA,LA2EK,LA3XP,LA4BPA,LA4CPA,LA4IP,LA6I
Hol;LA0FI,LA1OR,LA1WOA,LA1XIA,LA1YOA,LA1ZOA,LA2AOA,LA2FGA,LA2XO,LA3GV,LA3MK,LA3SP,LA3WP,LA4APA,LA4DPA,LA4DQ,LA4KOA,LA4MAA,LA4QAA,LA6IIA,LA9BM
Sigdal;LA4PLA,LA6SH,LA9UPA
Krødsherad;
Modum;LA1HLA,LA1OU,LA2HTA,LA3OHA,LA4JGA,LA4QRA,LA4UR,LA4WR,LA5DSA,LA5SPA,LA5XRA,LA6MLA,LA7M,LA8IEA,LA8MOA,LA8PRA,LA8QRA,LA9GJ,LB1FG,LB4EE,LB7AG,LB7MC
Øvre Eiker;LA1AR,LA1ERK,LA1GKA,LA1UV,LA1XN,LA2JJ,LA2POA,LA2QY,LA3DV,LA3EV,LA3FX,LA3LNA,LA3PLA,LA3SHA,LA4FJA,LA5AL,LA5NPA,LA5PL,LA5XSA,LA6OLA,LA6ZLA,LA7KF,LA9DLA,LA9ELA,LA9IFA,LA9IMA,LA9UNA,LB1GG,LB1HF
Nedre Eiker;LA1AJA,LA1BN,LA1CN,LA1KSG,LA1RBS,LA1ZDA,LA2AM,LA2EGA,LA2UR,LA3JRA,LA3KRA,LA3PW,LA3ZJA,LA4NOA,LA4QTA,LA5AF,LA5PPA,LA7OK,LA8GMA,LA8HMA,LA8IM,LA9LM,LA9QDA,LA9RNA,LA9SM,LB3VD,LB4AE,LB4ME
Lier;LA1HCA,LA1KLA,LA1MPA,LA1RCA,LA3EJ,LA3MNA,LA3PHA,LA3VK,LA3XI,LA3ZI,LA4ANA,LA4EJA,LA4LGA,LA5IU,LA6FEA,LA6LH,LA6MKA,LA6QEA,LA8MG,LA8OI,LA9BJ,LA9BLA,LA9CLA,LA9HLA,LA9JLA,LA9ONA,LA9UGA,LB1CD,LB3HC,LB4JC,LB5GG,LB9HC,LB9MB
Røyken;LA1IC,LA1VK,LA1YM,LA3GRA,LA3IRA,LA3JGA,LA3UZ,LA4QY,LA4RBA,LA4UIA,LA4UNA,LA4YLS,LA4YRA,LA5HHA,LA5OM,LA5VPA,LA5YI,LA5ZK,LA6D,LA6DGA,LA6IU,LA6XI,LA7DC,LA7FN,LA7MFA,LA7TN,LA8GKA,LA8SU,LB1HG
Hurum;LA1DM,LA1OJA,LA3DSA,LA3FIA,LA3NE,LA3NT,LA4HM,LA5WH,LA5ZNA,LA7FF,LA7KNA,LA7ZJA,LA8KP,LA9IO
Flesberg;LA1WN,LA1ZV,LA3CR,LA3ISA,LA5VSA,LA6QNA
Rollag;LA9ILA
Nore og Uvdal;LA0HX,LA0HY,LA2TX
Horten;LA0HT,LA1HEA,LA1HUA,LA1IBA,LA1IY,LA1NN,LA1QOA,LA1RT,LA2ECA,LA2JSA,LA2LSA,LA2MX,LA2NSA,LA2OJ,LA2Z,LA3DN,LA3KSA,LA3MLA,LA3OH,LA3QLA,LA3RE,LA3ULA,LA3ZKA,LA4CLA,LA4INA,LA4KTA,LA4LOA,LA4MOA,LA4YEA,LA4YJ,LA5AY,LA5BBA,LA5BX,LA5EKA,LA5EQ,LA5NN,LA5OU,LA5THA,LA5TIA,LA5YG,LA6HPA,LA6JQ,LA6KQ,LA6MV,LA6SF,LA6TW,LA6XM,LA6YNA,LA7DF,LA7EI,LA7HC,LA7MV,LA7OW,LA7VH,LA8GF,LA8GNA,LA8HH,LA8HN,LA8HPA,LA8JW,LA8NG,LA8RIA,LA8VPA,LA9AM,LA9CO,LA9DW,LA9ET,LA9IN,LA9KRA,LA9PG,LA9POA,LA9QOA,LA9SC,LA9SRA,LA9TI,LA9X,LB1AV,LB1FB,LB3SA,LB6DG,LB6VE,LB6WE
Holmestrand;LA2WM,LA3TDA,LA4QW,LA4SBA,LA5EK,LA5UEA,LA7WDA,LA8PNA,LA9JRA,LA9PRA,LA9TM,LA9VF
Tønsberg;LA0HA,LA0HF,LA1JLA,LA1JSA,LA1NIS,LA1NQ,LA1SSK,LA1T,LA1ZQ,LA2CCA,LA2MSA,LA2XKA,LA2ZP,LA2ZY,LA3CX,LA3GQ,LA3IQ,LA3LRA,LA3NR,LA3OW,LA4CE,LA4E,LA4GFA,LA4HNA,LA4JNA,LA4NK,LA4PCA,LA4PN,LA4RSA,LA4US,LA4VIA,LA5BT,LA5GBA,LA5GX,LA5KF,LA5KX,LA5LX,LA5MH,LA5PX,LA5TP,LA5UGA,LA5V,LA5XGA,LA6DTA,LA6JIA,LA6KCA,LA6KPA,LA6LS,LA6MCA,LA6OV,LA6PHA,LA6WX,LA7BB,LA7IP,LA7OV,LA7UQ,LA7WB,LA7ZC,LA8DDA,LA8FB,LA8JNA,LA8KKA,LA8TTA,LA8VDA,LA8VQ,LA8ZQ,LA9BMA,LA9CAA,LA9HEA,LA9OC,LA9ORA,LA9PMA,LA9QRA,LA9TDA,LA9ZF,LB1UE,LB3GE,LB3HE,LB3UD,LB9KE
Sandefjord;LA1DBA,LA1DUA,LA1KE,LA1RPO,LA1SC,LA1SFJ,LA1SH,LA1YDA,LA2EC,LA2FMA,LA2JKA,LA2MJ,LA2NM,LA2PH,LA2PMA,LA2UB,LA2WS,LA3AX,LA3AY,LA3BO,LA3BY,LA3CO,LA3CT,LA3EY,LA3FV,LA3IMA,LA3JEA,LA3PX,LA3QU,LA3RW,LA3S,LA3ZU,LA4AK,LA4CR,LA4OOA,LA4RFA,LA4S,LA4TBA,LA4WN,LA4YLA,LA5BGA,LA5ELA,LA5JX,LA5LW,LA5OBA,LA5UA,LA6DD,LA6EQ,LA6KM,LA6MFA,LA6PCA,LA6VEA,LA6VL,LA6XO,LA6ZEA,LA7DI,LA7DOA,LA7HNA,LA7QW,LA7RD,LA7VO,LA8AE,LA8CF,LA8CJA,LA8ECA,LA8GJ,LA8JT,LA8KI,LA8YM,LA8YQ,LA9CKA,LA9CM,LA9DI,LA9GT,LA9HMA,LA9IAA,LA9IOA,LA9UDA,LA9YU,LB1AG,LB1MC,LB1QE,LB6KE,LB7QE
Larvik;LA1FBA,LA1FHA,LA1FQ,LA1GIA,LA1GT,LA1HIT,LA1JQ,LA1PG,LA1TKA,LA1UFA,LA2NT,LA2PCA,LA2QD,LA2ZKA,LA3BNA,LA3DIA,LA3KEA,LA3L,LA3LW,LA3NX,LA3OJA,LA3Z,LA4AN,LA4EL,LA4IL,LA4KL,LA4MFA,LA4NJA,LA4TIA,LA4TL,LA4YI,LA4YJA,LA4ZRA,LA5AS,LA5DE,LA5FH,LA5GIA,LA5JAM,LA5PH,LA5SS,LA5UF,LA5WTA,LA5XIA,LA6DSA,LA6NCA,LA6NPA,LA6OI,LA6QQ,LA6XU,LA6YEA,LA6YW,LA6ZJ,LA7AJ,LA7HFA,LA7HSC,LA7JS,LA7MDA,LA8EBA,LA8FJA,LA9GK,LA9GLA,LA9PDA,LA9PM,LA9RM,LA9RRA,LB1QG,LB1RG,LB2UC,LB5UD,LB5XG,LB9IC
Svelvik;LA1DHA,LA2HLA,LA4NRA,LA5PDA,LA6LU
Sande;
Hof;LA1HW,LA5HJ,LA8CH
Re;
Andebu;LA3JJ,LA7PW,LA9GX
Stokke;LA1ILA,LA1JHA,LA1PE,LA2HL,LA2OSA,LA3KLA,LA4OJA,LA5UHA,LA7BL,LA8UQ,LA9PHA,LA9UX
Nøtterøy;LA1DKA,LA1EHA,LA1KKA,LA1PP,LA1VM,LA2CGA,LA2IMA,LA2RFA,LA3AL,LA3CY,LA3FY,LA3XFA,LA4RLA,LA4SLA,LA4YS,LA6GCA,LA6LCA,LA6NE,LA6NN,LA6PFA,LA7MHA,LA7TX,LA7ZPA,LA8AD,LA8TQ,LA9AD,LA9FP,LA9GRA,LA9HGA,LA9KV,LA9PP,LA9VLA
Tjøme;LA2DB,LA2RE,LA3SF,LA3TUA,LA5OC,LA6PH,LA7IB,LA8XQ,LA9YV
Lardal;LA6HCA,LA6IPA,LA7AEA,LB1SG
Porsgrunn;LA1BNA,LA1QP,LA1XJA,LA1XZ,LA2DDA,LA2EMA,LA2FCA,LA2IZ,LA2RJA,LA2RQ,LA2RT,LA3KBA,LA3NGA,LA3PU,LA4P,LA4RU,LA4SIA,LA5AKA,LA5OCA,LA5RHA,LA5SM,LA6LPA,LA6YJA,LA6YOA,LA6ZOA,LA7ABA,LA7AOA,LA7COA,LA7KGA,LA8GC,LA8NI,LA8NIA,LA9CNA,LA9DD,LA9HC,LA9HNA,LA9OU,LA9QT,LB4YD,LB9RC
Skien;LA1CNA,LA1FNA,LA1G,LA1KHA,LA1TPA,LA2AL,LA2BGA,LA2BX,LA2CRA,LA2JZ,LA2QKA,LA2XIA,LA3BT,LA3CAA,LA3EL,LA3LI,LA4DFA,LA4HS,LA4IJ,LA4NM,LA4RIA,LA4SP,LA4TJA,LA5CX,LA5DHA,LA6FPA,LA6GOA,LA6GPA,LA6JPA,LA6MPA,LA6NLA,LA6OCA,LA6OPA,LA6PX,LA6VOA,LA6WOA,LA6XOA,LA6ZV,LA7ZAA,LA8BV,LA8IY,LA8UY,LA9BNA,LA9DDA,LA9DNA,LA9EI,LA9FNA,LA9IM,LA9WNA,LA9YPA,LA9ZMA,LB2KA,LB5OA,LB5TE,LB9CD
Notodden;LA0FL,LA1BH,LA1MMA,LA2GG,LA2QMA,LA2UTA,LA3N,LA4EG,LA4HMA,LA4IMA,LA4KMA,LA4LG,LA4ZNA,LA5DK,LA6BJ,LA6CJ,LA6HK,LA7RE,LA7ZQ,LA8HY,LA8KY,LA9GG,LA9WJ
Siljan;LA2OO
Bamble;LA1ENA,LA2GCA,LA2GOA,LA2YG,LA3GL,LA4AG,LA4TW,LA5EHA,LA5KKA,LA6BFA,LA6EPA,LA6SB,LA6UH,LA7BOA,LA8CDA,LA8DL,LA8RN,LB7KG,LB8X
Kragerø;LA1DN,LA1KSF,LA1LKA,LA1QZ,LA1WUA,LA2OW,LA3DJA,LA4OKA,LA5IL,LA5TGA,LA6ZPA,LA7BPA,LA7CPA,LA7TKA,LA8HJ,LA9LGA,LA9LJA,LB4KG,LB4SD
Drangedal;LA1GBA,LA1MKA,LA1WTA,LA2QGA,LA2RGA,LA2TY,LA2UGA,LA4GU,LA4MKA,LA4PIA,LA4VL,LA5D,LA8IG,LA8RJA,LA9KGA,LA9OMA,LB1EC,LB5YE,LB5ZE,LB9QC
Nome;LA1ANA,LA1DNA,LA1ELG,LA4SMA,LA5HE,LA6CF,LA6RF,LA8JY,LA8WIA,LA9GNA
Bø;
Sauherad;LA1WX,LA3OPA,LA5ZAA,LA7KJ,LA9ENA,LA9INA
Tinn;LA1PM,LA2ZRA,LA3AM,LA3FSA,LA3LSA,LA3MSA,LA3NSA,LA6SGA,LA9FEA
Hjartdal;LA1WPA,LA4HAA,LA6XQ
Seljord;LA6SM
Kviteseid;LA5YV,LA8IF
Nissedal;LA1BKA
Fyresdal;LA4JMA
Tokke;LA4CSA,LA5BI
Vinje;
Risør;LA2CE,LA2GS,LA3DT,LA3YNA,LA4BP,LA4JY,LA4VNA,LA6EBA,LA7BLA,LA8TJ,LA8VV,LA9AN,LA9JN,LA9KN,LA9YN,LB2KG
Grimstad;LA0CY,LA1KCA,LA1ML,LA1XM,LA2MKA,LA2NL,LA2NX,LA2SRA,LA2TGA,LA2VRA,LA2XG,LA3GLA,LA3LUA,LA4IR,LA4ZH,LA5SRA,LA6EV,LA6OQ,LA6RN,LA7AA,LA7CK,LA9DIA,LA9NL,LA9SGA
Arendal;LA1CRA,LA1HX,LA1ID,LA1JNA,LA1OB,LA1OGA,LA1QB,LA1QJ,LA1UH,LA1UP,LA1XS,LA1YRA,LA1YZ,LA1ZJA,LA2CFA,LA2EN,LA2NP,LA3FI,LA3JP,LA3JV,LA3OR,LA3SIA,LA3VW,LA4A,LA4LT,LA5CIA,LA5HW,LA5JGA,LA5LKA,LA5TJ,LA6IJ,LA6NFA,LA6PJ,LA6WLA,LA6XAA,LA6XLA,LA6ZGA,LA7BI,LA7IC,LA7JW,LA7LW,LA7MW,LA7NW,LA7UN,LA7WN,LA8ANA,LA8DNA,LA8ENA,LA8IE,LA8LH,LA8MPA,LA8NK,LA8NS,LA8NU,LA8WJ,LA8ZMA,LA9IGA,LA9KLA,LA9NN,LA9QN,LA9RDA,LA9TNA,LA9WMA,LA9YIA
Gjerstad;LA1RV,LA8CT
Vegårshei;LA2CM,LA7BM
Tvedestrand;LA1TE,LA1XRA,LA1YX,LA2QV,LA4OE,LA5SW,LA5VEA,LA6VBA,LA9DAA,LA9ZL
Froland;LA1HNA,LA1TP,LA2RN,LA6DEA,LA8WT,LB2WD
Lillesand;LA1A,LA1AY,LA1EV,LA1RR,LA3UM,LA3ZPA,LA4OJ,LA4VJ,LA4YH,LA5OKA,LA5PY,LA6EI,LA6SN,LA6ZAA,LA7AY,LA8OK,LB2ME,LB7YE
Birkenes;LA2JEA,LA6CHA,LA8XCA,LB1VD
Åmli;LA1YJA,LA2SF
Iveland;LA2UPA,LA5PJA
Evje og Hornnes;LA6TH,LA7ES
Bygland;
Valle;LA1UJA,LA5TJA
Bykle;LA3AR
Kristiansand;LA1AK,LA1CGA,LA1FH,LA1GZ,LA1HK,LA1KEA,LA1MX,LA1PSA,LA1TL,LA1UAA,LA1YW,LA1ZRA,LA202BV,LA2AH,LA2BFA,LA2DRA,LA2IY,LA2JU,LA2KOA,LA2LF,LA2LOA,LA2NGA,LA2OPA,LA2PGA,LA2PPA,LA2QPA,LA2RJ,LA2RPA,LA2SPA,LA2TA,LA2TL,LA2TPA,LA2UM,LA2UY,LA2VIA,LA2WPA,LA3AO,LA3CMA,LA3JI,LA3KU,LA3KV,LA3KW,LA3QJA,LA3QNA,LA3VHA,LA3YV,LA3ZH,LA4AI,LA4BB,LA4BJA,LA4EK,LA4GI,LA4KC,LA4MF,LA4OT,LA4SA,LA4XF,LA4YGA,LA4YQ,LA4ZL,LA4ZOA,LA4ZT,LA4ZV,LA5AOA,LA5BOA,LA5BY,LA5COA,LA5ES,LA5JS,LA5KE,LA5KRA,LA5MKA,LA5NSA,LA5OY,LA5RC,LA5WRA,LA5YT,LA5ZPA,LA6LW,LA6OU,LA6PU,LA6QU,LA6TG,LA6YT,LA6ZT,LA7CCA,LA7CU,LA7CX,LA7DK,LA7GS,LA7HKA,LA7JAM,LA7KB,LA7LP,LA7LY,LA7NCA,LA7OCA,LA7SS,LA8AHA,LA8AT,LA8CHA,LA8GT,LA8MV,LA8OSA,LA8PSA,LA8QF,LA8SF,LA8ST,LA8WCA,LA8XU,LA9AL,LA9AOA,LA9CB,LA9DOA,LA9EOA,LA9K,LA9LS,LA9OT,LA9TY,LA9UD,LA9UK,LB1G
Mandal;LA1LU,LA1LY,LA1NCA,LA1ZPA,LA2AGA,LA2CTA,LA2NPA,LA2NY,LA3KC,LA3NPA,LA3ORA,LA4AL,LA4BL,LA4KPA,LA4KT,LA4UOA,LA5PNA,LA6CL,LA7GF,LA7JB,LA7MP,LA8EW,LA8PEA,LA9GAA,LB2SA,LB3SC,LB8QC
Farsund;LA0GU,LA1TZ,LA1UTA,LA2KY,LA2NHA,LA2PHA,LA2QOA,LA3EO,LA3NRA,LA3UNA,LA4HR,LA4WJA,LA5LNA,LA5UO,LA5ZO,LA6LI,LA7FFA,LA8CEA,LA8FY,LA9JGA,LA9OAA,LA9SAA,LA9XJA,LB5PE,LB8AC
Flekkefjord;LA1DF,LA1WG,LA1ZM,LA2BP,LA3BX,LA3OCA,LA4F,LA4KF,LA5KOA,LA5LOA,LA5POA,LA5QOA,LA5YX,LA6DT,LA6OJ,LA6QJA,LA6TU,LA7UNA,LA8ZP,LA9MNA
Vennesla;LA1JGA,LA1ZFA,LA2OHA,LA3PP,LA3RJA,LA3TW,LA4AV,LA4NG,LA8DW,LA8HW,LA9EAA,LA9JMA,LA9KH,LA9UJ,LB3JB,LB3OE,LB3PE
Songdalen;LA2OTA,LA2PTA,LA2VPA,LA2XN,LA6ZG,LA9CG
Søgne;LA2PY,LA2UOA,LA5JOA,LA6CGA,LA8RF,LA8XIA,LA9HH,LA9UV
Marnardal;LA2RV,LA4HJA,LA4VOA,LA9IH
Åseral;
Audnedal;
Lindesnes;LA1LRF,LA2RTA,LA4FY,LA4IPA,LA4JPA,LA4KRA,LA4WOA,LA4XOA,LA4YOA,LA9HT
Lyngdal;LA1JW,LA1TTA,LA1VTA,LA1XTA,LA2RHA,LA3PRA,LA4HRA,LA4IRA,LA4K,LA5MNA,LA5NNA,LA5ONA,LA8TJA
Hægebostad;
Kvinesdal;LA1YTA,LA2MY,LA3QRA,LA3XSA,LA4YIA,LA5MOA,LA5NOA,LA8RLA,LA8XHA
Sirdal;LA3KI,LA6ZMA,LA7AMA
Eigersund;LA0DX,LA1E,LA2VV,LA3EQ,LA5OX,LA5PSA,LA5QJA,LA5WX,LA7FS,LA7TCA,LA8HRA,LA8QLA,LA8RCA,LA8SE,LA8XPA,LA9ANA,LA9BE,LA9CHA,LA9GPA,LA9MS,LA9TSA,LB1IF
Sandnes;LA1GGA,LA1J,LA1SGA,LA2DU,LA2ESA,LA2IOA,LA2KI,LA2LI,LA2NKA,LA2TRA,LA3AP,LA3COM,LA3FOA,LA3HLA,LA3LV,LA3MY,LA3OO,LA4CNA,LA4HW,LA4PKA,LA4WJ,LA4XQ,LA5AD,LA5BHA,LA5HPA,LA5KGA,LA5KPA,LA5PBA,LA5TKA,LA5UBA,LA5UW,LA5VOA,LA5YOA,LA5ZL,LA6ARA,LA6BE,LA6BRA,LA6FRA,LA6HM,LA6SDA,LA6SJA,LA6UT,LA6VK,LA6WH,LA6WI,LA6WKA,LA7CLA,LA7ISA,LA7JTA,LA7LSA,LA7PIA,LA7QAA,LA7RKA,LA7YTA,LA8CTA,LA8DTA,LA8EIA,LA8NOA,LA8OJ,LA8PMA,LA8RMA,LA8SL,LA8ZNA,LA8ZPA,LA9CPA,LA9EIA,LA9HPA,LA9IHA,LA9MGA,LA9MSA,LA9PAA,LA9RG,LA9RMA,LA9WY,LA9XFA,LB2AF,LB2FF,LB2OC,LB7MG
Stavanger;LA0FB,LA0HN,LA1BEA,LA1GJ,LA1MB,LA1QRA,LA1TRA,LA1VRA,LA1WCA,LA1WCO,LA1ZSA,LA2ASA,LA2CSA,LA2DSA,LA2FI,LA2FL,LA2GSA,LA2IF,LA2KLA,LA2MR,LA2OIA,LA2PO,LA2QFA,LA2TOA,LA2VO,LA2YK,LA3BB,LA3DJ,LA3EKA,LA3FNA,LA3JFA,LA3JKA,LA3JT,LA3KO,LA3LK,LA3LY,LA3MKA,LA3MT,LA3NJA,LA3NKA,LA3OK,LA3OY,LA3SLA,LA3THA,LA3TO,LA3WW,LA3ZAA,LA4CP,LA4DH,LA4DSA,LA4EM,LA4ENA,LA4FC,LA4FH,LA4FNA,LA4GJ,LA4HH,LA4IAA,LA4JW,LA4LEA,LA4NJ,LA4QEA,LA4QJ,LA4RM,LA4SW,LA4TLA,LA4WT,LA4XHA,LA4Z,LA5GPA,LA5IP,LA5IPA,LA5JPA,LA5SH,LA5WBA,LA5YIA,LA6BH,LA6DX,LA6IG,LA6IRA,LA6JRA,LA6KRA,LA6MH,LA6NHA,LA6NJA,LA6OHA,LA6QD,LA6QRA,LA6RDA,LA6SG,LA6TY,LA6UDA,LA6UKA,LA6VKA,LA7BBA,LA7BMA,LA7DMA,LA7IN,LA7IRA,LA7JSA,LA7KTA,LA7LN,LA7ME,LA7PN,LA7PU,LA7RCA,LA7SCA,LA7SRA,LA7TO,LA7WV,LA7ZN,LA8AL,LA8DU,LA8DX,LA8LOA,LA8LP,LA8NKA,LA8OM,LA8OOA,LA8PB,LA8PP,LA8QNA,LA8QOA,LA8ROA,LA8UNA,LA8VNA,LA8VP,LA8ZL,LA9BHA,LA9BPA,LA9CQ,LA9DE,LA9DHA,LA9EPA,LA9FIA,LA9FK,LA9NM,LA9RSA,LA9TLA,LA9UAA,LA9USA,LA9WGA,LA9XNA,LB2BG,LB2EG,LB4DC,LB4FG,LB4HG,LB4ZG,LB8QE,LB8YE 
Haugesund;LA1BM,LA1IV,LA1KSA,LA1LSA,LA1MNA,LA1ZTA,LA3IU,LA3OE,LA3QO,LA4UPA,LA5EX,LA5ZBA,LA6ABA,LA6NK,LA7GGA,LA7H,LA7OC,LA7OIA,LA8HLA,LA8NY,LA9NQ,LA9PO,LA9QH,LA9RY,LA9XO,LB7PD,LB8IG
Sokndal;LA1FO,LA2XD,LA7KSA
Lund;LA1IW,LA5OOA,LA6RJA,LA7AK,LA7RTA
Bjerkreim;LA4UG,LA8GY
Hå;LA1LFA,LA1NDA,LA1ZE,LA2FSA,LA2HSA,LA2VGA,LA3BD,LA4EAA,LA5XAA,LA6IM,LA6TDA,LA6UAA,LA8POA,LA9RAA,LB7OG
Klepp;LA1SPG,LA2KW,LA2UV,LA2WR,LA4IW,LA4QO,LA5BW,LA6CX,LA6MRA,LA7CKA,LA7MSA,LA7OI,LA7TL,LA7VSA,LA8TOA,LA8UAA,LA8WNA
Time;LA1BSG,LA1BUA,LA1RRA,LA2ISA,LA2PIA,LA3AKA,LA3DOA,LA3ILA,LA3KZ,LA3NO,LA4HJ,LA5TAA,LA6CRA,LA6TKA,LA7KRA,LA7MRA,LA7RU,LA7SIA,LA8AW,LA8YNA,LA8YPA,LA9GL,LA9OS,LA9UFA,LA9UY,LA9WFA,LB8PE
Gjesdal;LA1IO,LA1NNA,LA1YCA,LA2IDA,LA5DPA,LA7QCA,LA8KRA,LA8NRA,LA9TAA
Sola;LA0DD,LA1ALA,LA1BRA,LA1HDA,LA1HRS,LA1URA,LA2FV,LA2HRS,LA2PA,LA2RI,LA3IV,LA4BNA,LA4JBA,LA4KO,LA4LJ,LA4YDA,LA5CPA,LA5EPA,LA5FPA,LA5HSA,LA5LPA,LA6HRA,LA6JGA,LA6TJA,LA7GEA,LA7HSA,LA7MJA,LA7QP,LA8BH,LA8BN,LA9FPA,LA9ULA,LB2GF,LB4JG,LB7DC
Randaberg;LA1LM,LA2ACA,LA2BSA,LA2LCA,LA2SSG,LA3LKA,LA3PY,LA4X,LA6DRA,LA6IGA,LA7QIA,LA8LV,LA8TP,LB4YG
Forsand;
Strand;LA1INA,LA1SRA,LA1VG,LA2CK,LA2COM,LA4FP,LA4GP,LA4HP,LA4KP,LA5JSA,LA5KSA,LA5YPA,LA6JT,LA6YMA,LA7NK,LA7ZTA,LA8TNA,LB4GG,LB6BG
Hjelmeland;LA2GKA,LA2UN,LA3JLA,LA3KKA,LA3QX,LA4DLA,LA4YHA,LA5ISA,LA5L,LA5NLA,LA5OLA,LA5PLA,LA6XKA,LA7GSA,LA8BO,LA8CSA,LA8DKA,LA8YFA,LA9CIA,LA9EK,LA9MMA
Suldal;LA2KDA,LA2ZX,LA3HOA,LA3JDA,LA3JOA,LA4DAA,LA4LH,LA4ULA,LA8ORA
Sauda;LA1IRL,LA1LQ,LA1PJA,LA1QJA,LA1RJA,LA1STF,LA2UQ,LA2WD,LA3GOA,LA3IOA,LA3KOA,LA3LOA,LA3MOA,LA3NOA,LA3OOA,LA3POA,LA3ZGA,LA4WHA,LA4ZHA,LA5AHA,LA5S,LA5ZX,LA6JF,LA6JHA,LA6QE,LA9XGA,LB1RF
Finnøy;LA2ARA,LA2BRA,LA2GO,LA4AQ,LA4GTA,LA6SPA
Rennesøy;LA1RTF,LA2RTF,LA2YNA,LA4FTA,LA4GW,LA4KH,LA4MMA,LA6LRA,LA7CMA,LA7LRA,LA7LTA,LA8BTA,LA9SY
Kvitsøy;
Bokn;LB1NG
Tysvær;LA0HK,LA6IOA,LA9CSA,LA9EM
Karmøy;LA1AO,LA1AUA,LA1CO,LA1EKA,LA1LPA,LA1NLA,LA1NO,LA1OM,LA1OPA,LA1PJ,LA1SO,LA1TO,LA1TOA,LA2JLA,LA2LN,LA2MBA,LA2TR,LA2UJA,LA2WOA,LA2YOA,LA3FAA,LA3KT,LA3OUA,LA3TZ,LA3ZFA,LA4C,LA4DM,LA4JR,LA4MR,LA4MRA,LA4NR,LA4PR,LA4QR,LA4RR,LA5GOA,LA5RJA,LA5XP,LA6FFA,LA6FIA,LA6GKA,LA6IN,LA6JN,LA6OX,LA6PQ,LA6SFA,LA6TFA,LA6ZP,LA7GJ,LA7KIA,LA7KL,LA7LK,LA7MIA,LA7NIA,LA7OO,LA7PD,LA7XIA,LA8ILA,LA8IPA,LA8JLA,LA8KLA,LA8LLA,LA9GIA,LA9XTA,LA9YGA,LB1OG,LB7XC
Utsira;LB8CA
Vindafjord;LA4OU
Bergen;LA1ASK,LA1B,LA1BIA,LA1BQ,LA1BRK,LA1CZ,LA1DP,LA1ECA,LA1EL,LA1GS,LA1HOP,LA1JN,LA1KNM,LA1LBK,LA1LGN,LA1PNA,LA1RA,LA1RNA,LA1TNA,LA1UNA,LA1VNA,LA1XUA,LA1YLA,LA1ZLA,LA1ZY,LA2AE,LA2AKA,LA2ALA,LA2AUA,LA2AV,LA2BN,LA2BUA,LA2CF,LA2CX,LA2CY,LA2DUA,LA2EG,LA2ETA,LA2GBA,LA2HUA,LA2IUA,LA2JX,LA2LKA,LA2MTA,LA2PU,LA2QQ,LA2VK,LA2VSA,LA2WO,LA2XOA,LA2XP,LA2YPA,LA2ZEA,LA2ZSA,LA3BW,LA3DK,LA3EJA,LA3FO,LA3GAA,LA3JAA,LA3MB,LA3MP,LA3NL,LA3QMA,LA3VNA,LA3WNA,LA3YAA,LA3YLA,LA4AT,LA4CK,LA4CQ,LA4EI,LA4FAA,LA4FPA,LA4HC,LA4HTA,LA4JIA,LA4JK,LA4KY,LA4LC,LA4LRA,LA4NMA,LA4OCA,LA4OMA,LA4OZ,LA4PJ,LA4PMA,LA4PNA,LA4PT,LA4SV,LA4TG,LA4UX,LA4VQ,LA4XLA,LA5BF,LA5BPA,LA5BSJ,LA5CKA,LA5CO,LA5DF,LA5DKA,LA5FOA,LA5HH,LA5IE,LA5IH,LA5IQ,LA5JIA,LA5KH,LA5KQ,LA5LRA,LA5MLA,LA5MTA,LA5NRK,LA5OLD,LA5OTA,LA5QBA,LA5RCA,LA5RTA,LA5SBA,LA5STA,LA5TEA,LA5TLA,LA5TRA,LA5TTA,LA5VRA,LA5XK,LA5XQ,LA5YGA,LA6AG,LA6AS,LA6BU,LA6BV,LA6COA,LA6CU,LA6DOA,LA6EOA,LA6EU,LA6FDA,LA6GS,LA6GW,LA6IW,LA6IY,LA6OJA,LA6QW,LA6RRA,LA6SRA,LA6V,LA6VQ,LA6WC,LA6WJ,LA6WTA,LA7CFA,LA7CIA,LA7ESA,LA7IGA,LA7JT,LA7KN,LA7LLA,LA7NO,LA7PF,LA7PSA,LA7QRA,LA7SM,LA7TI,LA7USA,LA7UU,LA7UW,LA7XH,LA7XTA,LA7YHA,LA7ZS,LA8ACA,LA8CBA,LA8CQ,LA8DP,LA8FGA,LA8HD,LA8LD,LA8LHA,LA8LS,LA8PDA,LA8QH,LA8SA,LA8SSA,LA8TDA,LA8VOA,LA8WE,LA8YMA,LA8YP,LA8ZHA,LA9CJA,LA9DJA,LA9EDA,LA9EKA,LA9FMA,LA9HAA,LA9IDA,LA9IG,LA9IS,LA9LH,LA9NV,LA9OKA,LA9PS,LA9UO,LA9WT,LA9XD,LA9XHA,LA9XI,LB1RC,LB1TD,LB2AG,LB2NG,LB2RG,LB3OG,LB5TG,LB5UG,LB5WB,LB6B,LB6WG,LB6YE,LB7H,LB7VC,LB9DE,LB9EE,LB9N,LB9V,LB9YB,LB9ZB
Etne;LA9SJA
Sveio;LA2VG,LA5ZN,LB2ZG
Bømlo;LA3DX,LA3ZP,LA6ERA,LA9FS
Stord;LA1ROA,LA1UOA,LA1VOA,LA2DW,LA2PI,LA2QE,LA3IW,LA5JY,LA6LJA
Fitjar;LA3SG
Tysnes;LA2BKA,LA2ZW,LA4AIA,LA4HGA,LA6FOA,LA8LRA,LA9EW
Kvinnherad;LA1AHA,LA1HL,LA1SOA,LA2CUA,LA2MU,LA3DC,LA3KY,LA3MTA,LA4EP,LA4LHA,LA4ZI,LA6HDA,LA7QO,LA8MMA,LA8XY,LA9FX,LA9TMA,LB3SG
Jondal;LA8ZRA
Odda;LA3MAA
Ullensvang;LA1WDA,LA2KTA,LA7TRA
Eidfjord;
Ulvik;LA9PE
Granvin;
Voss;LA1KMA,LA1YHA,LA3DMA,LA3RRA,LA3YP,LA6CPA,LA7KPA,LA7XW,LA9V,LB1GF,LB5CC
Kvam;LA1APA,LA3ELA,LA5VBA,LA8JL,LA9NH
Fusa;LA2JTA,LA4RDA,LA8GV
Samnanger;
Os;
Austevoll;LA5RAA
Sund;LA1TUG,LA3ASA,LA4VX,LA4WKA,LA5CS,LA5URA,LA6AOA,LA6BOA,LA6HOA,LA7ZMA,LB0K
Fjell;LA1FCA,LA1SRK,LA2DN,LA2DP,LA2HOA,LA2ITA,LA3XNA,LA5MEA,LA5QTA,LA6ODA,LA6XJ,LA7ET,LA7RAA,LA8XO,LA9AH,LB5WG
Askøy;LA1BS,LA1EP,LA2BG,LA2GUA,LA2YEA,LA3TI,LA3UP,LA4EV,LA4WMA,LA4XMA,LA5WN,LA6BJA,LA6DL,LA6HP,LA6SK,LA6TJ,LA7SFA,LA7YW,LA8KJA,LA8VW,LA9AKA
Vaksdal;LA4PM,LA5KLA
Modalen;LA9ZJA
Osterøy;LA1GCA,LA2WSA,LA6GDA,LA6KDA,LA6O
Meland;LA1QNA,LA1YUA,LA2FUA,LA4ODA,LA4QBA,LA5LTA,LA7NLA,LA8FDA,LA9EJA,LB8SE
Øygarden;LA3BSA,LA3DAA,LA3IAA,LA5LLA,LA8OHA,LB5VG
Radøy;LA4EFA,LA7MLA,LA9EHA,LA9PKA,LA9XPA
Lindås;LA0DE,LA2EL,LA2EUA,LA2NJ,LA2RZ,LA2YGA,LA4NW,LA5RFA,LA7RSA,LA7TW,LA9BOA,LA9RJA,LB2EC,LB5MA,LB7TC
Austrheim;LA1XNA
Fedje;
Masfjorden;LA7JI
Flora;LA1F,LA1FV,LA2BW,LA3YW,LA4GPA,LA4HPA,LA4WNA,LA4XNA,LA4XPA,LA6YI,LA7XGA,LA8JPA,LA8KPA,LA8RTA,LA8SPA,LA8TPA,LA8YSA,LA9BGA,LA9KX
Gulen;LA3CSA
Solund;
Hyllestad;
Høyanger;LA2BS,LA2OBA,LA2VHA,LA3IM,LB6UD
Vik;LA6DW
Balestrand;LA6RPA
Leikanger;LA8VIA,LB7CD
Sogndal;
Aurland;
Lærdal;LA1MV
Årdal;LA5XV,LA8BS,LA8IT,LA8XT
Luster;LA2ADA,LA5VLA
Askvoll;
Fjaler;LA1MSA
Gaular;LA4KSA
Jølster;LA8WP
Førde;LA2ES,LA2XMA,LA3QR,LA4ICA,LA4YPA,LA4ZPA,LA5KL,LA5VX,LA6GRA,LA8LPA
Naustdal;
Bremanger;LB2BF
Vågsøy;LA1KNA,LA2NLA,LA4FLA,LA6MO,LA7J,LA7NFA,LA9LX,LB1HC
Selje;LA6CFA
Eid;LA2YSA
Hornindal;
Gloppen;LA1OL,LA3NUA,LA4YP,LA9DK
Stryn;LA4FM,LA6PDA
Molde;LA1SPA,LA2GMA,LA2WC,LA2WRA,LA2ZR,LA3LJ,LA3SRA,LA3TRA,LA3UD,LA3URA,LA3VRA,LA3XRA,LA4ARA,LA4BRA,LA4ERA,LA4FRA,LA6LDA,LA6LV,LA6PSA,LA6WM,LA6XH,LA7KKA,LA7UY,LA8MP,LA9CMA,LA9M,LA9SMA,LA9SN,LB2DF
Ålesund;LA1BL,LA1IH,LA1OLA,LA1OZ,LA1WRA,LA1Z,LA2MT,LA2NBA,LA3CGA,LA3LTA,LA3PT,LA4BKA,LA4CJA,LA4DL,LA4DRA,LA5RU,LA5UNA,LA5UT,LA6DFA,LA6FLA,LA6GH,LA6GSA,LA6HLA,LA6IX,LA6LM,LA6OL,LA6YB,LA7GKA,LA7XE,LA8CLA,LA8CU,LA8YRA,LA9DF,LA9JKA,LA9WM,LB2HG,LB2QG,LB6BE
Kristiansund;LA1ITA,LA1XPA,LA2BIA,LA2ERA,LA2KAA,LA2QAA,LA2XPA,LA3DH,LA3OD,LA4XGA,LA5RIA,LA5VJA,LA5WJA,LA6K,LA7FCA,LA7ICA,LA8NBA,LA9DBA,LA9VBA,LA9WBA,LB3ZC,LB9AE
Vanylven;LA2KHA,LA2N,LA2TS,LA3KX,LA4PTA,LA5DU,LA5VM,LA9FGA
Sande;
Herøy;
Ulstein;LA0GZ,LA6KLA
Hareid;LA1AFP,LA1LL,LA6ILA,LB1LF
Volda;LA5EM,LA5NGA,LA5QKA,LA6DLA,LA6JV,LA7WTA,LA8ALA,LA8BLA,LA8DLA,LA8ELA,LA8GLA,LA8VHA,LA9FG,LA9LV,LA9VPA
Ørsta;LA1FKA,LA1UNC,LA2ZMA,LA3WJA,LA4VLA,LA6JLA,LA7THA,LA7VTA,LA8FLA,LA8UMA,LA8USA,LA8VSA,LA8WSA,LA9KKA
Ørskog;LA1JY,LA7IW,LA8DO
Norddal;LA2PAA,LA9MLA,LB1JF,LB1TG
Stranda;LA1MTV,LA2CIA,LA5SIA,LA7GG,LA7ORA,LB5QG
Stordal;LA2YMA
Sykkylven;LA3DUA,LA4QJA,LA5QNA,LA6KHA,LA8MTA
Skodje;LA1DEA,LB7YG
Sula;LA1XGA,LA3EU
Giske;LA3VY,LA4JRA,LA5CY,LA6HW,LA6UL,LA8CNA
Haram;LA2XF,LA4MTA,LA5OSA,LA8OU
Vestnes;LA1AX,LA2PFA,LA4WPA,LA5VAA,LA6GLA,LA7YP,LA8RDA
Rauma;LA1ASA,LA1MRA,LA3DTA,LA3SQ,LA4LJA,LA4XKA,LA6AIA,LA6AX,LA6FW,LA7OLA,LA9DKA,LA9FKA,LA9HKA,LA9IKA,LB2HE,LB8VE
Nesset;LA1MAA,LA2QUA,LA3YRA,LA7PHA,LB2OG
Midsund;LA2STA
Sandøy;
Aukra;LA2LU,LA2ODA,LA3ZX,LA5KV,LA6IMA,LA6MDA,LA6MJ,LA6NDA,LA8BNA,LA9CJ,LA9VEA,LA9VJ,LB7BE
Fræna;LA1DK,LA1PLA,LA3WRA,LA7XNA,LB7QB
Eide;LA2FKA,LA5EIA
Averøy;LA1SX,LA1TN,LA1WKA,LA2PJ,LA5DY,LA7WNA,LA8URA,LB2TG
Gjemnes;LB2CF
Tingvoll;LA1JTA,LA1VKA,LA4KHA
Sunndal;LA2DKA,LA2SUA,LA3ZRA,LA4FKA,LA4GRA,LA4TNA,LA4YKA,LA5UJA,LA6GM,LA7HY,LA8IRA,LA8VRA,LA8WRA,LA9TX,LB5DG
Surnadal;LA9ZGA
Rindal;
Halsa;LA6PIA,LA9XL
Smøla;LA6SEA,LA7DFA,LA7VW,LA8QIA
Aure;LA4SJA
Trondheim;LA0EB,LA1AGA,LA1ARK,LA1ATA,LA1BFA,LA1CS,LA1DI,LA1DL,LA1EI,LA1FU,LA1HM,LA1HOA,LA1HVG,LA1IF,LA1ITK,LA1JOA,LA1K,LA1KFA,LA1KO,LA1LT,LA1NGS,LA1NRA,LA1OOA,LA1PC,LA1POA
Hemne;LA1AL,LA1JOTA,LA1LS,LA2HEM,LA2LPA,LA2MPA,LA3WMA,LA3YSA,LA5DRA,LA7QX,LA8XI,LB5SG
Snillfjord;LA9YX
Hitra;LA1ODA,LA1SU,LA9PX
Frøya;LA9HY
Ørland;LA1MQ,LA2DMA,LA3NI,LA4BAA,LA4ILA,LA4VGA,LA5ET,LA8CMA,LA9AGA
Agdenes;LA2WW,LA3WJ,LA5LT,LA7RJ,LA8VBA
Rissa;LA1SLA,LA3FK,LA4BU,LA4RHA,LA5ZKA,LA7NL,LA9TH,LB7VG
Bjugn;LA1RLA,LA1WLA,LA1YPA,LA2U,LA4LTA,LA7WGA,LA8TW
Åfjord;LA3USA,LA4GN,LA4OTA,LA6VNA,LA6WNA,LA8IU,LA9NX,LA9PQ,LA9VX
Roan;
Osen;LA9IX
Oppdal;LA1EOA,LA4AP,LB8LE
Rennebu;LA6HX,LA9DMA
Meldal;LA3LL,LA8KU,LA8ZJA,LB9PE
Orkdal;LA2AFA,LA4UKA,LA4ZJA,LA7JBA,LA7NJA,LA8DHA,LA9GO
Røros;LA1FFA,LA2ENA,LA4EW,LA7QG
Holtålen;LA8YJ
Midtre Gauldal;LA3ZV,LA5JMA
Melhus;LA2LLA,LA3MGA,LA3WUA,LA3XT,LA4AAA,LA7BG,LA8YJA,LA9AJA,LB2FE
Skaun;LA2QU,LA3KJA,LA8LA
Klæbu;LA1TIC,LA3CPA,LA6CKA,LB1WF
Malvik;LA0HD,LA1TPK,LA2CMA,LA2IS,LA3DI,LA3EI,LA3RLA,LA3RMA,LA3UX,LA3WAA,LA4PHA,LA4USA,LA5AMA,LA5DIA,LA5RM,LA6UY,LA9NMA,LA9QFA,LA9RX,LB9RE
Selbu;LA4YMA
Tydal;
Steinkjer;LA2LT,LA2UIA,LA4DGA,LA4IS,LA4QL,LA5GMA,LA6WPA,LA7TQ,LA8GU,LA8WG,LA9EMA,LA9I,LB2KE
Namsos;LA1NTA,LA1OTA,LA2JMA,LA2MK,LA2QTA,LA3CJA,LA4CGA,LA4LMA,LA5LI,LA5SJ,LA6HHA,LA6RTA,LA6STA,LA6TPA,LA6TTA,LA6UTA,LA6YLA,LA7N,LA8IW,LA9YJA,LB3WG,LB3YG,LB7BC
Meråker;LA4GCA
Stjørdal;LA1KPA,LA1RM,LA1UM,LA2ROA,LA2RX,LA4M,LA4RKA,LA4ZGA,LA6UO,LA8THA,LA9NSA,LB4OA
Frosta;LA3ANA,LA6BKA
Leksvik;LA2OKA,LA5ZQ
Levanger;LA1IOA,LA1KOA,LA1LOA,LA1MOA,LA1NOA,LA2SIA,LA2XL,LA5HOA,LA5IOA,LA5VU,LA6EFA,LA6IV,LA7EQ,LA7JQ,LA7NPA,LA7VMA,LA8BOA,LA8BPA,LA8DPA,LA8DV,LA9JOA,LA9MOA,LA9OOA,LA9RFA,LA9SBA,LA9VIA,LB3CG,LB3DG,LB3EG
Verdal;LA1VP,LA6GHA,LA7OQ,LA8CPA,LA8GPA,LA8YHA,LA9UIA,LA9WIA,LB1ZG,LB2LE
Mosvik;
Verran;
Namdalseid;LA1WHA,LA4HBA,LA9YEA
Inderøy;LA3EN,LA3VMA,LA4SNA,LA6GU,LA7CH,LA7YPA,LA8EMA,LA8EPA
Snåsa;
Lierne;LA7FPA,LB1AF
Røyrvik;LA8BGA
Namsskogan;
Grong;LA1FJ,LA3VJA
Høylandet;
Overhalla;LA1NVG,LA4QSA,LA9XEA,LA9XSA,LB3ZG,LB4AG,LB4BG,LB4CG,LB4DG
Fosnes;LA8GRA
Flatanger;
Vikna;LA2JRA,LA2KMA,LA2XW,LA4DBA,LA4FV,LA5FM
Nærøy;LA2WIA,LA3GT,LA6EKA,LA8NLA,LA8OLA,LA8PLA,LA9OCA,LA9Y,LB9WE,LB9XE,LB9YE
Leka;
Bodø;LA1CJ,LA1HGA,LA1JF,LA1LMU,LA1SG,LA1SUA,LA1UG,LA1VMA,LA1W,LA2CEA,LA2DTA,LA2EP,LA2FTA,LA2GHA,LA2GTA,LA2IR,LA2RIA,LA2SOA,LA2VEA,LA3BEA,LA3DGA,LA3FU,LA3ND,LA3PH,LA3QUA,LA3RFA,LA3TCA,LA3WC,LA3YC,LA3ZL,LA4CJ,LA4GM,LA4LDA,LA4SU,LA4TX,LA4ZDA,LA5CMA,LA5DMA,LA5EMA,LA5FMA,LA5GTA,LA5WJ,LA5XDA,LA5XX,LA6BBA,LA6EO,LA6EW,LA6NEA,LA6OP,LA6SQ,LA6ST,LA6UM,LA7DTA,LA7HJ,LA7HL,LA7MY,LA7SX,LA7UFA,LA7YJA,LA8BHA,LA8FI,LA8KCA,LA8NPA,LA8STA,LA9IC,LA9JB,LA9JDA,LA9NCA,LA9YTA,LA9ZP,LA9ZTA,LB1VG,LB1WG,LB2OE,LB3FG,LB3GG,LB3QG,LB3RG,LB7CG,LB7EG
Narvik;LA0AB,LA1N,LA1ZGA,LA2DY,LA2EKA,LA2GY,LA2NOA,LA2PG,LA2PSA,LA2QSA,LA2SJA,LA2VAA,LA2WAA,LA2WHA,LA2XHA,LA2XY,LA2YJA,LA2YUA,LA2ZUA,LA3AOA,LA3FP,LA3IEA,LA3IUA,LA3JUA,LA3KUA,LA3MX,LA3NSB,LA3WBA,LA3ZBA,LA3ZUA,LA4DHA,LA4EPA,LA4ITA,LA4JTA,LA4LPA,LA4MPA,LA4NPA,LA4NY,LA4OPA,LA4PPA,LA4QHA,LA4QNA,LA4RNA,LA4RPA,LA4SPA,LA4UTA,LA4VTA,LA4WTA,LA4XTA,LA4YTA,LA4ZG,LA4ZTA,LA5ATA,LA5BTA,LA5CU,LA5KIA,LA5MMA,LA5NMA,LA5OK,LA5OMA,LA5WIA,LA6DQ,LA6EGA,LA6FV,LA6JFA,LA6NT,LA6SKA,LA6WRA,LA6XCA,LA6XRA,LA7BHA,LA7BKA,LA7CEA,LA7EM,LA7JHA,LA7MEA,LA8FX,LA8MGA,LA8PJ,LA8QX,LA8TSA,LA8TV,LA8VH,LA9HIN,LA9LDA,LA9MDA,LA9NDA,LA9PSA,LA9SW,LA9WK,LA9YHA,LB3HG,LB3IG,LB3JG,LB3KG,LB3TG,LB3VG,LB7GG,LB8HE
Bindal;
Sømna;LA4CFA,LA4UT
Brønnøy;LA1NH,LA2QEA,LA3AJ,LA3CM,LA7GM,LA7QV,LA7YB
Vega;LA3SOA
Vevelstad;LA8CRA
Herøy;
Alstahaug;LA1LK,LA2VLA,LA4FG,LA4FS,LA5CW,LA5LIA,LA9AF
Leirfjord;LA3RU,LA6WEA,LA9JNA
Vefsn;LA0EW,LA1BT,LA1JFA,LA2W,LA3GTA,LA3ITA,LA3KTA,LA3ZK,LA4FSA,LA4GSA,LA4HSA,LA4ISA,LA4JSA,LA6MNA,LA6NNA,LA7BSA,LA7CSA,LA7DSA,LA7HBA,LA7VY,LA8VX,LA8ZAA,LA9KY
Grane;
Hattfjelldal;LA3WO,LA7KO
Dønna;LA2S,LA3CNA,LA3DNA,LA3ENA
Nesna;LA3XW
Hemnes;LA1LLA,LA1LV,LA2FRA,LA2ZAA,LA3BTA,LA3FTA,LA3HTA,LA3JTA,LA3SKA,LA6QM,LA7BJA,LA9RKA,LB6XC
Rana;LA1PHA,LA3M,LA3YEA,LA4GY,LA5BIA,LA5JK,LA6TRA,LA6WU,LA7ECA,LA7IBA,LA7OAA,LA8HTH,LA8PI,LA8YAA,LA9KNA,LA9OW,LA9RU,LA9TW,LA9VW
Lurøy;LA1FTA,LA1NG,LA3XF,LA4ELA,LA9LNA
Træna;
Rødøy;LA1ZW
Meløy;LA1BCA,LA2TW,LA5XFA,LA6OY,LB7DG
Gildeskål;LA1LG,LA1YO,LA7ADA,LA9YK
Beiarn;LA4VPA,LA8GL
Saltdal;LA1JE,LA3RUA,LA4NTA,LA7ETA,LA7MTA,LA7RJA
Fauske;LA1ADA,LA1BZ,LA1MI,LA1WU,LA2DEA,LA2OZ,LA2US,LA2WQ,LA3AEA,LA3BR,LA3BUA,LA3DBA,LA3GI,LA3MFA,LA3QFA,LA3ZNA,LA4AHA,LA4BHA,LA4VKA,LA5CEA,LA5ZEA,LA5ZHA,LA6ET,LA7F,LA7FTA,LA7GTA,LA7JG,LA7JM,LA7NTA,LA7OY,LA7WSA,LA7YSA,LA8BSA,LA8JF,LA8JOA,LA8KSA,LA8MSA,LA9ABA,LA9ACA,LA9LW,LA9XG,LB9XB
Sørfold;LA1LNA,LA6PEA,LA7XSA
Steigen;LA5SL,LA6AHA,LA7WIA,LA8XBA
Hamarøy;LA4EJ,LA7RV
Tysfjord;LA2NF
Lødingen;LA9YBA
Tjeldsund;LA5GG,LA7FMA,LA7OBA,LA9YJ
Evenes;LA3EX,LA7RFA,LA8ORF,LA9SKA
Ballangen;LA1PTA,LA2BJA,LA2RSA,LA7RY,LA8RSA,LA9DCA
Røst;
Værøy;
Flakstad;
Vestvågøy;LA1YY,LA7DHA,LA7ZOA
Vågan;LA1RKA,LA5ZLA,LA7CHA
Hadsel;LA1HMU,LA3HGA,LA3HUA,LA3V,LA4XEA,LA5LSA,LA6CN,LA8LSA
Bø;
Øksnes;LA2EY,LA3AMA,LA3BMA,LA3JX,LA4MY,LA6TCA,LA7HAA,LA7NY,LA7QGA,LA7UP,LA8DGA,LA8EGA,LA9GEA,LA9PW,LB9CC
Sortland;LA2FY,LA4LY,LA6URA,LA6VCA,LA7ACA,LA7QK,LA9PFA
Andøy;LA1RU,LA2GEA,LA2XRA,LA2YRA,LA3NTA,LA3OTA,LA3RSA,LA4DU,LA4NHA,LA5AJ,LA5CLA,LA5DLA,LA5HL,LA5PMA,LA5UP,LA5YS,LA7A,LA7BIA,LA7NP,LA7OP,LA8ASA,LA8GQ,LA8PAA,LA8PU,LA8QHA,LA8QU 
Moskenes;
Harstad;LA1DPA,LA1GFA,LA1H,LA1HFA,LA1IFA,LA1LF,LA2IU,LA2MFA,LA2MV,LA2SM,LA2VOA,LA2ZFA,LA3AHA,LA3BU,LA3LBA,LA3WX,LA3XBA,LA3XJA,LA4LL,LA4LQ,LA4MQ,LA4NL,LA4RW,LA4TPA,LA4WU,LA5BSA,LA5OAA,LA5PS,LA5VJ,LA6DKA,LA6DV,LA6EDA,LA6KFA,LA6LOA,LA6NG,LA7HM,LA7IM,LA7MG,LA7NGA,LA7ZIA,LA8DSA,LA8ESA,LA8FSA,LA8GSA,LA8HSA,LA8ISA,LA8ZU,LA9CT,LA9CU,LA9PEA,LA9VNA 
Tromsø;LA1BP,LA1CCA,LA1DCA,LA1DMA,LA1EMA,LA1IJA,LA1JMA,LA1JS,LA1KRA,LA1QSA,LA1RFA,LA1RHA,LA1RSA,LA1SSA,LA1THA,LA1XAA,LA2BPA,LA2BZ,LA2CI,LA2CLA,LA2FDA,LA2IHA,LA2KGA,LA2NI,LA2VY,LA2WLA,LA2XLA,LA2YAA,LA2YLA,LA2YTA,LA2ZLA,LA2ZPA,LA2ZTA,LA3EOA,LA3FS,LA3T,LA3TQ,LA3ZS,LA4CO,LA4FBA,LA4GOA,LA4IX,LA4ML,LA4ZKA,LA5BS,LA5FSA,LA5GKA,LA5GN,LA5GSA,LA5GU,LA5GY,LA5KHA,LA5MSA,LA5PFA,LA5QEA,LA5RLA,LA5SFA,LA5W,LA5WLA,LA5XLA,LA5YLA,LA5ZC,LA5ZGA,LA5ZJ,LA6AN,LA6II,LA6JI,LA6LEA,LA6MIA,LA6OEA,LA6RT,LA6SCA,LA6ZRA,LA6ZTA,LA7ATA,LA7CRA,LA7DJA,LA7DQ,LA7DRA,LA7ERA,LA7FK,LA7FSA,LA7HMA,LA7JJ,LA7LEA,LA7MJ,LA7QM,LA7TNA,LA7VNA,LA7VPA,LA7WU,LA7XJA,LA7YFA,LA8EDA,LA8IHA,LA8JRA,LA8KAA,LA8MEA,LA8MHA,LA8NM,LA8REA,LA8UHA,LA8XNA,LA8ZLA,LA9BKA,LA9FOA,LA9JQ,LA9MAA,LA9SDA,LA9UI,LA9ZIA,LB2QE,LB4UG,LB4VG,LB9OC
Bjarkøy;LA2GRA,LA3BKT,LA9XH
Kvæfjord;LA4ABA,LA5MIA,LA7GMA,LA9NFA
Skånland;LA4XM,LA6KOA,LA7VJA,LA9JT
Ibestad;
Gratangen;LA8GX
Lavangen;LA5QRA,LA6SOA
Bardu;LA3BKA,LA5EWG,LA6ROA,LA8OPA,LA8PPA,LA8QCA,LA8RPA,LB3LG
Salangen;LA1GJA,LA3FKA,LA6OG,LB3MG,LB8NB
Målselv;LA1DD,LA1SKA,LA1XLA,LA3FLA,LA3QS,LA4FEA,LA4TN,LA5FLA,LA5ILA,LA5MRA,LA5PK,LA5XNA,LA6DP,LA6GX,LA6M,LA6OOA,LA6QOA,LA6WFA,LA7YAA,LA8FT,LA8UPA,LA8XB,LA9JO,LA9VJA
Sørreisa;LA1DSR,LA1QFA,LA1STA,LA1U,LA2BLA,LA3AE,LA5ORA,LA5RRA,LA6DDA,LA6POA,LA6TOA,LA9BJA,LB7FG
Dyrøy;LA5GLA,LA5NRA
Tranøy;LA8YDA
Torsken;
Berg;LA1FMA,LA1LRA
Lenvik;
Balsfjord;LA1KTA,LA1LTA,LA1XO,LA2IGA,LA2MLA,LA2THA,LA5BKA,LA5FCA,LA6NOA,LA6QT,LA6YP,LA7EPA,LA9LAA,LA9SO
Karlsøy;LA1JAN,LA5PRA,LA5QFA
Lyngen;LA4OS,LA5ESA
Storfjord;LA3WKA
Gáivuotna–Kåfjord;
Skjervøy;LA1HMA,LA4HV,LA4NE,LA5AGA,LA9YMA
Nordreisa;LA1GMA,LA4OSA,LA7EMA,LA7QL,LA7UK,LA8BQ
Kvænangen;LA4ONA
Vardø;LA1KDA,LA2MOA,LA3VX,LA4HX,LA5SJA,LA5YH,LA8ZS
Vadsø;LA1BI,LA1QK,LA1WM,LA2KRA,LA3YE,LA4BBA,LA4NV,LA4SH,LA5WI,LA7YY,LA8ABA,LA9RW
Hammerfest;LA1NL,LA4KKA,LA5PU
Kautokeino;
Alta;LA0GB,LA1AFA,LA1ORA,LA1XX,LA2HKA,LA2IKA,LA3FL,LA3IX,LA4ASA,LA4RI,LA4YT,LA5A,LA5LDA,LA6HSA,LA6ISA,LA6JSA,LA6VRA,LA7IIA,LA7VOA,LA7XDA,LA8ATA,LA8TRA,LA9ZEA,LB8NG
Loppa;LA1WL
Hasvik;LA3NFA,LA4JDA,LA6GGA
Kvalsund;
Måsøy;LA8RNA
Nordkapp;LA1YGA,LA2NK,LA4BJ,LA4WGA,LA5RK,LA8DEA,LA8NGA
Porsanger;
Karasjok;
Lebesby;LA3US
Gamvik;
Berlevåg;
Tana;
Nesseby;
Båtsfjord;
Sør-Varanger;LA2K,LA3IF,LA4MHA,LA4OO,LA4RO,LA5NIA,LA5RKA,LA6BPA,LA7JRA,LA9LBA,LA9PIA
Longyearbyen;
Svalbard;JW0HR,JW0HZ,JW0IA,JW0IB,JW0IC,JW0L,JW5E
Bjørnøya;
Jan Mayen;
Antartica;
Bouvet Is.;
