VS01;Sid ( SREM );YU7XX,YU7YR,YT7IC,YU4SMD
VS02;Sremska Mitrovica ( SREM );YT7SFW,YU7SCC,YU7NSZ,YT7RIA,YT7SIT,YU7SKG,YT7RBO,YT7SKS,YU7HD,YU7SMM,YT7SKA,YT7SKB,YT7SKR,YT8KDZ,YT7SKD,YT7SKV,YT7STO,YT7RDK
VS03;Ruma ( SREM );YT7Z,YT9T,YU7KWX,YU7EE,YT7MHL,YU7NPB,YT7MFJ,YU7CF,YT1VMP,YT7FMS,YU2ID,YT1MCH,YT7EI
VS04;Irig ( SREM );YU7KG,YT7MMS,YT1SKV,YU1YR
VS05;Pecinci ( SREM );YU1M,YU3W,YT3C
VS06;Stara Pazova ( SREM );YU7ML,YU7KB,YU7ABQ,YU7PAA,YT7MHA,YT7MNE,YT1RIK,YT1BVA,YT1BD,YT7RPC,YT7RPG,YT1RQD,YT8NKN,YU4GBB
VS07;Indjija ( SREM );YT1RR,YU7KT,YT7MND,YT7MLN,YT1BBB,YU1SX,YT1DTI,YT1RES,YT7ADA,YU2MAS
NS01;Novi Sad;YT9W,YT3TPS,YT2ZE,YU2AAW,YT2TRL,YT1RGR,YU1CZ,YT1MRG,YT1DPI,YT1TPK,YT1DRD,YT1SCS,YT1MAS,YT1TZR,YU1TBV,YU5FM,YU1IMN,YT2SBT,YT1ARS,YU7BPQ,YT90NS,YT7M,YT2CQ,YU3LT,YU2MDX,YU7QA,YU7BG,YT4DD,YT7KM,YT7WM,YU3AA,YU7DZ,YU7NT,YU7SIO,YU7WL,YU7RL,YU7W,YU7YG,YT5C,YU5D,YU7RN,YU7RAQ,YU7WA,YT7VG,YU7SLA,YT7MA,YT1C,YU7AC,YU7SVA,YU7RQ,YU4BMC,YU4YLK,YU4BNM,YU4BLA,YU4RMS,YU4MAV,YU7RO,YU7NZ,YU7SIK,YU7VN,YU7NLQ,YU7RSX,YT7RBC,YU7NWX,YU3MAY,YU2MDQ,YU7RAM,YU7SID,YT7REW,YU7TRC,YU7ZEX,YU7TRT,YT7SB,YU7RJD,YU7HI,YU2MEX,YU88BPQ,YU0NS,YT2AD,YU7CW,YU45D,YU60BPQ,YU7WW,YT7RW,YU2V,YU7MK,YU7KO,YU7KF,YU7YU,YU7DM,YU7FF,YU7WN,YT7MP,YU7NS,YU7NGB,YU7RTQ,YU7NXW,YT7SJC,YT7SJD,YT7RUF,YU7LP,YU7C,YU7SIA,YT7SET,YT7RUS,YU7BL,YT7SBX,YU5AA,YT7TX,YT7RKO,YU7RZZ,YT7VUK,YT7SIW,YU7RUH,YU7SMD,YU7DX,YU7SAD,YT7RXK,YU7RZV,YU7OSA,YU7OMV,YU7EI,YU7MN,YU7MB,YU7TNT,YT7SHS,YU7BY,YU7AF,YT7AAA,YT7KA,YU2MAU,YU7OPA,YT7RYG,YT7SDK,YT7SDJ,YU7RTN,YU7GB,YT7DX,YT7MKV,YT7RWX,YT7RSB,YU7FK,YT7SIM,YU7XO,YT7SEK,YU7RTZ,YT7RUM,YU4BR,YT5X,YU7EK,YU7SYL,YU7RAX,YT7RPM,YU7ORA,YT7SFF,YT7RJA,YU3MUP,YT7BIA,YT7ALF,YU7WMM,YU7ZN,YT7WW,YU7VB,YU7RST,YU7WZ,YT7RVT,YU7RRL,YT7RGR,YU7NIS,YT7IPA,YT7MTM,YU2ELA,YU8VAK,YT7SIC,YU7NG,YT7XC,YU7RZK,YT7SJS,YT7SMS,YT7SLB,YU7SBY,YU2MIB,YU7VU,YT7RBA,YT7MVM,YU7REA,YU7IBC,YT7LGT,YT7MKW,YT7MGL,YU7RCY,YT7RPH,YT7SQA,YU5PET,YU2ZR,YU7TOR,YU7VUC,YU7PPM,YU7VOJ,YU7PFC,YU2TDA,YT7CDC,YU7IBB,YU1OGI,YU2ABC,YU7TO,YT7JAN,YT7RKH,YT1SCA,YU2MFC,YU2MZZ,YU2HOG,YU1SEM,YT7MWZ,YT7RIB,YU2MMC,YU2BPA,YT7AMB,YU7NEN,YU7FY,YU7EV,YU7PPW,YU4NSG,YU4GNS,YU7PCB,YU2MBX,YU7SDD,YT7BID,YU7MX,YT7MLO,YU7RBX,YT7RBY,YU7PXH,YU2MEF,YT5TTT,YU0UNS,YU0VNS,YT7MXO,YT7SEZ,YT5JKM,YU4STV,YU4KRC,YU4PET,YU4ANT,YT7MTB,YT7RRO,YU2CC,YU7DD,YT7SJE,YU7QQ,YT7MEZ,YT7ABC,YT7JJJ,YT7SFL,YT7SFS,YU7NGM,YU7OO,YU7RAA,YT7LIK,YT7SKI,YT7SKJ,YT7SKF,YT7SKH,YT7SKE,YT7SKL,YT7SKC,YT7KW,YU7SDB,YT7RIM,YT7RDB,YU0XFG,YU0UFG,YU1NRM
VB01;Petrovaradin ( Juzna Backa );YT5CT,YT7T,YT5N,YU45AF,YU7PEP,YU7TIB,YT7RA,YT7RVP,YT7RYZ,YT7RG,YU7SK,YT7RE,YT7CMM,YT7MI,YU2MZC
VB02;Sremski Karlovci ( Juzna Backa );YT7MMD,YU7SDT,YU7SET,YU7XRD,YT7SRE,YT7SMM,YU7ZLB
VB03;Beocin ( Juzna Backa );YT7SKP,YT7MFS
VB04;Backi  Petrovac ( Juzna Backa );YU7HC,YU7YZ,YT7TA,YU7MC,YU7ONE,YU7OI,YT7XT,YT7MB,YT7ST,YU7OMP,YU7AJM,YU7JN,YT7PPS,YU7PF,YU7PMK,YU7VP,YU5VPT,YT1RBG,YU2GV,YU1SMH
VB05;Backa Palanka ( Juzna Backa );YU7FA,YU7FR,YU7RCL,YU7OPS,YU7OZ,YU7CR,YU7RED,YU7RLC,YU5SAJ
VB06;Bac ( Juzna Backa );YU7ID,YU3VUK,YU7POD,YU7TAD,YU7SVO,YU7ZKA,YU7NIC,YU7RIM,YU2JRB,YT7CDB,YU7NJN
VB07;Titel ( Juzna Backa );YT7RNN,YU2MYG
VB08;Zabalj ( Juzna Backa );YU7SMA,YT7MDU,YU2MB,YU7ZUT
VB09;Temerin ( Juzna Backa );YU2ATB,YT7MZD,YU3RST,YU7OA,YT7REB
VB10;Srbobran ( Juzna Backa );YT7KD
VB11;Becej ( Juzna Backa );YU7D,YU7DP,YU7OP,YT7MYK,YT7PA,YT7SGV,YU7NKL,YT7SGJ,YU7NDS,YU7NDR,YT7MUS,YU7IAB,YU7FH,YU7NVF,YT7ACE,YT7KZO
VB12;Vrbas ( Juzna Backa );YU3TA,YU1NAA,YU7SBB,YT7RN,YU7CT
VZ01;Odzaci ( Zapadna Backa );YT7ZOX,YU7XW,YT3BAS,YT1AEC,YT7BOB,YT7LDA
VZ02;Kula ( Zapadna Backa );YU7ORE,YU7RD,YT7ACA,YU7FB,YU7BCF,YT7HA
VZ03;Apatin ( Zapadna Backa );YU3MT
VZ04;Sombor ( Zapadna Backa );YT3H, YT4RA,YU3A,YU7JX,YT2RX,YU2ECI,YU7AM,YT2U,YT7KE,YU7XL,YU7AA,YU7SBG,YU7MM,YU7SBH,YT7NW,YT2ED,YU7SDI,YT7AC,YU7YUU,YU7SDF,YU7OHO,YU7PSP,YU7NOS,YU5MMM,YU7SHH,YT7RYU,YU7KMN,YT7MAT,YT7MNK,YT7RYJ,YU1FO,YT7EDI,YT7ND,YU3AWA,YU5KOS,YU7OM,YU2CNM,YU2LAB,YU3MFC,YU5MM,YU7CO,YU2DE,YU5ELF
VM01;Mali Idjos ( Severna Backa );YT7SZM,YU7RJS
VM02;Backa Topola ( Severna Backa );YU7GL,YU7JUV,YU7LN,YT7CQ,YU7RJB,YT7MK,YU7RND,YT7TK,YU7SIJ,YU7BF,YU7ZB,YU7SII,YU7SOL,YU7KZ,YU7NBT,YT7NG,YU3EK,YU7RGG,YU7RBO,YU7RKB,YU7RWA,YU7NKA,YU7BX,YT7SEG,YU7RX,YT7SGY,YU7SG,YU7ZAM,YT7MAZ,YT7NKK,YT7AGR,YU7NAM,YU7AJS,YT7CO,YU7NA,YU7DS,YT7XA,YU7NBS,YU7NAB
VM03;Subotica ( Severna Backa );YU7KM,YU7LS,YT7IM,YU7CB,YU1ND,YU7SF,YU9VK,YT7PI,YU7WFZ,YU7WI,YU7GN,YT7SU,YT7BAH,YU7REX,YU7RHZ,YT7MTG,YU2MVK,YT7SFK,YU7NUX,YU7RAY,YT7JKR,YT7SUB,YU7NYH,YT7AOD,YU2BRA,YU3ARG,YU7QXW,YU7SSM,YU2MEC,YU7DVW,YU0VSU,YT7SVV,YT7ROB,YU7RFT,YT7KRO
VA01;Pancevo ( Juzni Banat );YT6W,YT7TU,YT7TW,YT7XX,YU7AB,YU7AU,YU7KW,YT7W,YU60BCD,YT60W,YT6K,YU7BB,YU7BC,YT7DB,YT7FW,YU1SAA,YT7AT,YU7TRI,YU5GPS,YU7ODB,YT7BRE,YU8AU,YT1ABC,YU2DL,YU7UU,YU2M,YU7ZU,YU7AW,YU7SOG,YU7TF,YT7DC,YU1PMD,YT1OKM,YU5BMW,YU7SGE,YT7DR,YU7VC,YU7AK,YU7TMJ,YT7EA,YU7AN,YT7XXX,YT7AA,YU7RAW,YU1NMI,YU7ZIK,YU7ZEC,YU7GX,YU7TAU,YU7EF,YU7VUK,YU7BCD,YT7JLS,YU3DUH,YU7VEX,YU2FU,YT1SAX,YU1PIP,YU1SSA,YU7YLI,YU7PEK,YU7PSO,YU7YLN,YT1SAE,YU7XXX,YU7WPF,YU7TOM,YU4LOL,YU4CRD,YU4VWP,YU4TNT,YU4VAW,YU7NEL,YU7NTG,YT2MSM,YT7RHR,YU7TDK,YU4MSA,YU7VK,YU7NAI,YT7RJT,YT7BNS,YU7CJ,YT7BAT,YT7ABI,YU7RTR,YT7AU,YU7RB,YU7PNP,YT7SIG,YU7TNZ,YU5MIL,YT7ZMA,YU7DN,YU4TOP,YU4DIS,YT8BB
VA02;Kovin ( Juzni Banat );YU7EA,YU7FW,YU7RA,YU7NNZ,YT7ROQ,YT1KBK,YU4JNA,YU4PMG,YU7QCH,YU7NNN,YU7NGZ,YT7MMF,YT1RVN,YT7SIH,YT7MRE,YU7NVD
VA03;Bela Crkva ( Juzni Banat );YU7SX,YU7QF,YT2MBV
VA04;Vrsac ( Juzni Banat );YU2AX,YU2VD,YT7YT,YT7RR,YT7RM,4N7AX,YU7CD,YU7RF,YU7VG,YU7JD,YT7MYS,YT7MVU,YU5BM,YU7ACO,YU7NR,YU7NRT,YU3FK,YT7MC,YT2ABC,YT5ROU
VA05;Plandiste ( Juzni Banat );YT7MLW,YT2DVM,YT1MNU,YU7XA,YU2JB
VA06;Alibunar ( Juzni Banat );YU7NTY,YU7NAA,YT7DD,YU7NKJ,YU7NAT,YU7NAJ,YU7NPN,YT7NT,YU7NTP,YU7NKT,YU7NPD,YU7NME,YU7NMS,YT7RO,YU7VT
VA07;Kovacica ( Juzni Banat );YT7FT,YU2LAV,YT7MS,YT1ONL,YT7JAK,YU7JP,YT1TVM
VA08;Opovo ( Juzni Banat );
VF01;Zrenjanin ( Srednji Banat );YT7A,YT7B,YT7BA,YU5RA,YU7AAA,YU7GMN,YT65GMN,YU7NW,YU7MW,YT0PUPIN,YT7P,YU7AOP,YT7WA,YU0EPC,YU5DD,YU7LB,YU7NET,YT7EC,YU7PG,YU7TDA,YU7FL,YU7VI,YU7ZX,YU7MP,YU7YY,YU7BP,YU7RUP,YT7CF,YT7WE,YU7GM,YU5LGO,YT7VR,YU5MKK,YU7VA,YU7WKB,YU7MS,YU7PS,YU7WAA,YU7TU,YU7CP,YU7QDQ,YT7RFF,YT7ORC,YU7ZEG,YU7RAF,YU7GW,YU7WWW,YU7XAA,YT7MMX,YU7OW,YU5INA,YU5TNT,YU7TUX,YU7SMB,YU7RCW,YU7PWP,YU7PRC,YU7SMN,YU7VJ,YT1CTZ,YU7VBH,YT2LEL,YU7NL,YT5TNT,YU7TZA,YU7SBO,YU4KUD,YU5BOX,YU3SBB,YU4TMA,YU4ATA,YU4SBB,YU3KLM,YU4KLE,YU4SCS,YU7NFS,YU7SAT,YU7CQ,YU7AS,YU7SMS,YT7ZZ,YU7ZL,YU7DW,YU7VD,YU7WC,YU7NOK,YT7MU,YT7SLP,YU7BJ,YU7TME,YU5BBL,YU7SDX,YU0VZR
VF02;Secanj ( Srednji Banat );
VF03;Zitiste ( Srednji Banat );YT1ZMZ,YT1ZVM,YT7ATZ,YT7VEZ,YT7SFV,YT7LAS,YT7RKT,YT7RKN,YT7SMD
VF04;Nova Crnja ( Srednji Banat );YT1VLD,YT3I,YU7NAW,YT1ASN,YT1NID
VF05;Novi Becej ( Srednji Banat );YU7AE,YU7OK,YU7KR,YU7WU,YT7SFT,YU7FN,YU7UA,YU2KMM,YT7ATY,YU7ADA,YT7SIQ,YT1DSX,YU7BR
VK01;Kikinda ( Severni Banat );YU7BH,YU7LA,YU7KI,YU7U,YU7VX,YU7AV,YU7TD,YU7RAJ,YT1NAZ,YT7KF,YU7ECD,YU3AAA,YU7ZMO,YU7XTX,YT7NTM,YT7ACD,YU4GMT,YU7KX,YU7TT,YT7AX,YU7UX
VK02;Ada ( Srednji Banat );YT7EE,YU7MO,YT7DQ,YU7ZZ,YU7TC,YT7RIK,YT7ATM,YT7E,YU7PT,YT5FM,YT7ATI,YU7NLS,YU7ADY,YU5BDP,YU5MOL,YU7RIG,YT5ADO,YU7WEG,YU2MCC,YU2PAP,YT5LED
VK03;Coka ( Srednji Banat );YU7A,YU7AR,YT7VDC,YU7NIK,YT7GOG
VK04;Novi Knezevac ( Srednji Banat );YT7AIR
VK05;Senta ( Srednji Banat );YT5Z, YT6T,YU7BW,YT7R,YU7JDE,YT5CC,YT3DX,YU7CM,YT7ASY,YT7ZSX,YT5DD,YT7NBA,YT7VNM,YU7KC,YU7CS,YT7LKL,YU7RRA,YU7EM,YT7BB,YU7GK,YU2MGC,YU7YL,YT7NAL,YT7MGE,YU7TB,YU7NIM,YT7BUS,YU7STV,YT7MZX,YT7EFG,YU7VEL
VK06;Kanjiza ( Srednji Banat );YT7OMI,YT7RET,YU2NZ
BG01;Barajevo ( Srednji Banat );YU1KK,YU1NVA,YU2BAR,YT1ISP
BG02;Vozdovac ( Srednji Banat );YU1RA,YU1FE,YT2BGS,YT2WW,YU2DX,YT5S,YU1DO,YU1BI,YU1XWT,YU1XW,YT5XOT,YU1CQ,YT1EU,YU1PZ,YU2DJK,YU1FT,YU1OS,YU1BBV,YU1SMA,YU1GI,YU5MAA,YU1ABC,YT1DXP,YU1TEA,YU1JS,YU1PPK,YU2SU
BG03;Vracar ( Srednji Banat );YT5T,YU1XX,YU1WN,YT1PRF,YU2RB,YU7TAO,YU1HB,YU1BC,YU9LA,YT1BMF,YU2MAJ
BG04;Grocka ( Srednji Banat );YU1E,YT1GL,YU1G,YT1SP,YT1FKZ,YU5OA,YT1PPU,YU4SPC,YT1FBN,YU2IKR,YU2CZV,YT1DB,YT1FM
BG05;Zvezdara ( Srednji Banat );YU1AM,YU1FW,YU9A,YT1TA,YU2AA,YT5RA,YU3FAA,YU3ZA,YT2TM,YU3CMD,YT1ZMA,YT0ED,YT1SKK,YU1SW,YT5MW,YU2KJK,YT1NG,YU1OG,YT1SUP,YU1KW,YU2ECP,YU3AW,YU3MY,YT1PBV,YT1GOG,YT1ENI,YU1VF,YU1IO,YU1OB,YU1MD,YT1TX,YT1MM,YU1MK,YT1RBB,4N1RX,YU1IU,YT1RDB,YU2BNJ,YT5CQ,YT1DPK,YU1NKA,YU1PFB
BG06;Zemun ( Srednji Banat );YU1AVQ,YU1GU,YU1MO,YT3Z,YU100SAF,YT1JDN,YU1BV,YT1GSM,YT1AK,YU2DBC,YT1PHG,YT1SAR,YT2DXX,YU5NA,YU1NDB,YU4DED,YT1MKA,YU1TTY,YU2AKA,YU2MIC,YU2JA,YU1JP,YT1ZMD,YU1PBY,YT1YV,YU1QL,YU1QU,YU1MM,YU1QC,YU1EU,YU2MUG,YU1NS,YU1PGX,YT1BMT,YU1SFD,YU1USA,YT1BQ
BG07;Lazarevac ( Srednji Banat );YT1E,YU1AO,YU1AAO,YU3AO,YU4VMD,YT30FOC,YT40E,YU1VKV,YU1QF,YT1VIS,YU1VX,YU1CM,YU2MAX,YU0ULC,YT8FD,YU1KNL,YT5DML,YU2VMA,YT3CW,YU1AGA,YU4JMD,YU4DUD
BG08;Mladenovac ( Srednji Banat );YU1MLA,YU1EBI,YU2YU,YU2FSB,YU2EBI,YU1RJM,YU5DKD,YT1RIV,YU1RDM,YT1IPJ,YU7AX,YU4MLM,YU4IBM,YU5MKZ,YU5DRB,YU1GX,YU1VLV
BG09;Novi Beograd ( Srednji Banat );YU1BM,YU1ED,YU6DX,YU9DX,YT0T,YU1JF,YU1AA,YU1RJR,YT1XC,YT1DMO,YT1RCA,YU2JJB,YU1TJ,YT1BBK,YU1AAV,YT3VUK,YU1VDG,YU3EW,YT1VJD,YT2KA,YT1BDN,YU1RVX,YT1PZ,YU1PDB,YU1TVV,YT1LAM,YT1JST,YU1ANO,YT1MJP,YU1ZOC,YU1KNO,YU5AKI,YT5AJB,YU8ZAZ,YT1TSD,YU2LEG,YT1PVB,YU4DSL,YU4KNB,YU4VLD,YT1RSB,YT8BLK,YU4MNP,YT8IRA,YT1GKG,YT1TNN,YT1JRY,YU1RNR,YT1POD,YU2VSB,YT5NOC,YT5SRB,YT8BOG,YU4VTX,YU4GMK,YU4LPE,YU1ZUZ,YU4MIR,YU4XYZ,YU4AWW,YU4MES,YU4ELI,YU4ABZ,YT1PMC,YU1ER,YU1HT,YU1EF,YU2DRA,YT1RMD,YT1DMD,YU1YV,YT1XM,YU1XM,YU1KT,YU1RT,YU3ZZ,YU1AT,YU1MS,YU2KU,YT1IN,YT1IV,YU1SB,YU6A,YT1FMA,YT1DIV,YT1DI,YU2UD,YU1EP,YU1RK,YU0U,YU1NN,YU1OKA,YT1ND,YT1HA,YU1RM,YU1VY,YU1HU,YU1CY,YU1UU,YU1VLA,YT1NPB,YT1CC,YU1UO,YT3EW,YT1WA,YT5PLB,YT5IVN
BG10;Palilula ( Srednji Banat );YU1EXY,YT0A,YU1GW,YU0W,YT1TM,YT2MB,YT1ANU,YT1OL,YT1HRM,YT3ETA,YT1SSL,YT1TMP,YT1PSA,YU1MZ,YU4CAT,YU2DOC,YT5AAA,YU1SAP
BG11;Rakovica ( Srednji Banat );YU1CA,YU1DX,YU5LJ,YU45DX,YT1PZZ,YU1SG,YU1RN,YT1WW,YU1RMR,YU1PGP,YT1CMV,YU1HI,YT1SL,YT3BOY,YU2STP,YT1BGR,YU1AW,YU2MBS,YT1EX,YT5PET,YT1RXA,YU3CCP
BG12;Savski venac ( Srednji Banat );YU1QT,YU1NA,YU1MW,YU1PH,YU1NL,YU1CI,YU1BVD,YU1EY,YU1SRS,YU2MP,YU4IMM,YU5EEA
BG13;Sopot ( Srednji Banat );
BG14;Stari grad ( Srednji Banat );YT1WG,YT2RA,YT2SS,YT3EA,YU1CK
BG15;Surcin ( Srednji Banat );YU5CW,YU1JB,YU3RTT,YT1SDF,YU1KH,YT1MRO,YU4MB,YT1RCD,YU4CAC,YT1VKH,YU1RP
BG16;Cukarica ( Srednji Banat );YT4T,YU1EA,YT8A,YU1WC,YU1EO,YU1LA,YU2VZ,YT1VZ,YT1YT,YU1KR,YT1DBF,YU1RVA,YT1BZD,YU1EV,YT2CC,YU1HC,YU1OBC,YU1DI,YU1NT,YU1KY,YT1SS,YU1JT,YU1AZK,YT1DU,YU1FX,YU1DV,YT1CI,YT1ZD,YT1BRM,YU6AW,YU4OIZ,YU1LS,YU1PXY,YT1DSZ,YU1LM,YU1RRS,YT1SVZ,YT1MMS,YU1PMB,YT1RVR,YT1MBM
BG17;Obrenovac ( Srednji Banat );YT9A,YT1AU,YU1IM,YU1SY,YU1EW,YU5A,YZ2A,YT2DN,YT1OD,YU1PWJ,YU1GP,YU3MRX,YU4OBR,YT1FEN,YU1ENT,YT1DR,YT1NMB,YT1LSS
SM01;Sabac ( Macva );YT1S,YU1RW,YT1T,YT1TU,YT5M,YU1XO,YU100CER,YU1HQR,YU4ZZ,YU1CX,YU2TB,YT1DIR,YT1PAA,YT1TCV,YT1CIS,YU1SPS,YT1PAD,YT1PMA,YT1PBA,YT1VTD,YU5CER,YU1OHA,YT1ETM,YT1PFA,YU5BRS,YT1ZZ,YU1TD,YT1MCU,YU1ID,YT1FAT,YU1FI,YT1NPV,YU1ATA,YU1VET,YU4ENA,YT1DSR,YT3TTT,YU5MCP,YT1EH,YU1TV,YT1DIM,YU4SDR,YU1VZ,YU1AFV,YT7BAS,YU0VSA,YT8KIS,YU4MIG,YU4ILE,YT8KGB,YU4EPO,YU4PND,YT1DBC,YT1MCI,YT8TR,YT1HAA,YT3EE,YT5MMM,YT1DIZ,YT1MCP,YT7RAB
SM02;Bogatic ( Macva );YT1SQ
SM03;Loznica ( Macva );YU2009DR,YU1TK,YT1WM,YU1LR,YT2FXZ,YU1JC,YT1FYM,YU2GS,YT1ARV,YT1ADL,YT1MLN,YT1ITL,YT1JM,YU5SSR
SM04;Vladimirci ( Macva );YT5TAS,YT5MM,YU4MIS,YT8MAN,YU5SDI
SM05;Koceljevo ( Macva );YU5VAA
SM06;Mali Zvornik ( Macva );YT1FFZ,YT1BEZ
SM07;Krupanj ( Macva );YU4NN
SM08;Ljubovija ( Macva );YT4B,YT3AAA,YU1AER,YT1DT,YU2PI,YT1OM,YT2NOD,YU1BAA,YT1BUB,YT2PM,YU4BAA,YU4MMM,YT1LMG,YT1BOK,YT1RDJ
SK01;Valjevo ( Kolubara );YT1VP,YU5DR,YT2AAA,YU5PMT,YT1V,YT5VA,YT3W,YU8EW,YT5FA,YU2ADA,YU5BOB,YT1MZQ,YT1X,YT2LM,YU5PVH,YU1NK,YT1PZF,YU2RGD,YU5VRM,YU1VA,YU1PCK,YT1DV,YT1BEC,YT1DOR,YU5DM,YT3OXD,YU2ND,YT1PEK,YT1CVV,YT1CVA,YU5DJP,YT1DPV,YT1AOV,YT1LUX,YU1EBC,YT1NNN,YT1VOD,YT1VMZ,YT1PVV,YT1VYT,YT1DVV,YT1APV,YT1PAV,YT1YYY,YT1SMX,YT1AJV,YT1VMJ,YT1VTN,YU5VKV,YT1STR,YT1VAB,YT1LEN,YT1KSJ,YT8DMV,YT7VVV,YT1EPP,YU1PCD,YT1SBV,YU2BVM,YT1ARL,YT1BVV,YU4CIM,YT1VPA,YU1PV,YT1CAP,YT1VDO,YT1VTV,YT1FTV,YT1ZPV,YT1MZE,YT1NND,YT1VVN,YT1VSO,YT1VVB,YT1DKV,YT1NMV,YT1BJV,YT1GEO,YT1HGM,YT1GSU,YT1MMF,YU1PRV,YU2DVA,YT8EPS,YT1PNV,YT1JDL,YT1SVV,YT1JBD,YT8LVM,YT8MML,YT1VRV,YU4JVV,YU4PRV,YU4SBV,YU4TNG,YU4DMV,YU4SAS,YU4SPV,YU4SCV,YT1BAM,YT1YTV,YT1GAJ,YT1VVV,YU0VVA,YU0VVV
SK02;Osecina ( Kolubara );
SK03;Ub ( Kolubara );YU1WJ,YU1UBM,YU1ZH,YT1UB,YT1CDM,YT1UBM
SK04;Lajkovac ( Kolubara );YU1GTU,YU1AB,YU5B,YT1DL,YT5FD,YT45FD,YU4A,YU1VBR,YT1MLP,YT1SLO,YU4DVL,YU3BE,YU1SSM,YT8SMS,YU4DRP,YU4SKS
SK05;Mionica ( Kolubara );YT1GDJ,YT5DLT,YT1MTJ,YT1PRK,YT1LIR,YT1MRA,YT1VRC
SK06;Ljig ( Kolubara );YT1ARD
SD01;Smederevo ( Podunavlje );YT7AW,YT8AW,YU1SU,YU1QX,YU1PSO,YT2APS,YU4RML,YT5WAW,YU1HK,YU1WBA,YU1WBC,YU1PXF,YU1FH,YT1EAY,YU2DAJ,YU1PRC,YT3N,YT1OHK,YT1YA,YU2MRB,YU1RBB,YU1PWB,YU1NJN,YU1VD,YU1EMN,YT1UDR,YU2NIK,YT1EKB,YT1DPG,YT1TRS,YT6TB,YU1TAM,YU4SSR,YU1NLD,YU2LM,YT1AMS,YU5DA,YU1TDA,YU1NDA,YT1AAB,YT2RRS,YU1ZY,YT1CZV,YU1PAZ,YT2FDX,YU5FTB,YT1PST,YT1DPR,YT2SR,YU1OR,YU1OSR,YU1ODX
SD02;Smederevska Palanka ( Podunavlje );YU1AR,YU2DAC,YT1PR,YT3PDT,YT5MIL,YU9MC,YU1VZR,YU1LQ,YT1VDJ,YU5MD,YT2GMD,YT1JZP,YU1PMS,YU1KAP,YU1VMP,YT1LC,YU1RSF,YU1NMG,YT1CD,YU1JVW,YU1PDC,YU2ACA,YT3KTT,YT1IKA,YT1SUM,YT1ISI,YT1MSX,YT1SDI,YT1MPM,YT1AMC,YU2KDM,YU1ZBK,YT1ZKE,YT2RMK,YT1STK,YT1VM,YT1DJH,YU1STR,YU1HD,YT1KN,YT1SEC,YT1DBM
SD03;Velika Plana ( Podunavlje );YU5MDU,YU7NDA,YT5PXV,YU5RM,YU2TA,YT1SRB,YU5SIN,YT1MIS,YT1MLG,YU1RVL,YT1DML
SB01;Veliko Gradiste ( Branicevo );YT3T,YT1ET,YU5VV,YT1VGR,YU1PEK,YT1MRZ,YU5V,YU2NR,YT1EKC,YT7SGA,YU2STS,YT1WVR,YT1TRR,YT1IGO,YT7TAM
SB02;Pozarevac ( Branicevo );YU1DW,YT2PFR,YT4W,YU8A,YT1MN,YT5W,YU40DW,YT1BUM,YT1LD,YT2BR,YU1DG,YU1UM,YU1BN,YU1AU,YU1QM,YT1PV,YU1PSR,YU1IW,YU1BFG,YU1NH,YU1NMM,YT1MZC,YT1III,YT1MNS,YT1FPO,YT1SDK,YU1LG,YU1OGA,YU1PIK,YU4DEY,YU4ALF,YU4VPX,YT1PAT,YU1ZZR,YU1NGM,YU1NNK,YU1POL
SB03;Golubac ( Branicevo );YT4TT,YU2AVB,YU25AVB,YU2SGJ,YT1DJB,YU1PPP,YT1AWW,YT1AVB
SB04;Malo Crnice ( Branicevo );YZ1SM,YU5RY,YU1W,YU2SOB,YT1ILC,YT1BS,YU5DSB,YT1PPD,YU2LPT,YT1KTS,YU1RIS,YT1PGQ
SB05;Zabari ( Branicevo );YT1CDS,YT2LT,YU1SDS,YT1PDS,YT2TS,YT2PJ,YU1PTM,YT2DWV,YT1FRA,YU5BIP,YT1PAB
SB06;Petrovac ( Branicevo );YU2RSS,YT1ST,YT1RUF,YU3DR,YU1WAT,YU1AGQ,YU1ZMM,YU1SJD,YU1SDM,YT1WS,YT1MBH,YU5ELE,YU2DBG,YU1NNB,YU5PDW,YT1PL,YT1ENC,YT1SJ,YU5US,YU1SDZ,YT1BK,YU2FER,YU5VJO,YU2MM,YT1TMB,YT1BTD,YT1OHC,YT1PMT,YU2BON,YU5LA,YT1EDA,YU1YQ,YU7SLO,YT2EDO,YT1MBS,YU2JAN,YU2BK,YU5GMD,YU2RS,YU4PME,YU1TR,YU1TB
SB07;Kucevo ( Branicevo );YU5DX,YU1RH,YT7FI,YT1FIK,YT1LT,YU1ZMT,YU4NR,YU2MOB,YT3ACA,YU4BAN,YU4PEK
SB08;Zagubica ( Branicevo );YT1SOK,YT1SON,YU2EZP,YT1BMM
SB09;Kostolac ( Branicevo );YU1NDM,YT1EHZ,YU1UR,YT1JRP,YU2ABF
SS01;Arandjelovac ( Sumadija );YT2VPA,YU1KQR,YT5TM,YU6MM,YU2IPA,YU1LV,YT1JD,YT2VP,YU1CJ,YT5PAN,YU5TPA,YU1IJ,YU2MBI,YU2BMB,YT2MAP,YU2IVA,YT1PVG,YT1ALS,YT1ZRA,YU2ZIX,YT1ARA,YU1NQ,YT1GAP,YT2VM,YU4NTT,YU4BAS,YU4OGI,YT2LK,YT2PDA,YT2VBA,YU4MAS,YU4ZAM,YU3AMA,YT1LDP,YT1ZGR,YT1FOD,YT1OMM,YU2VKV,YU5MNV,YT5GMT,YT1SMF,YT1ABS,YT1MKT,YU1SPD,YT1VKB,YU1IP
SS02;Topola ( Sumadija );YT2SC,YU1TDS,YT1JN,YU1TBD,YU1HO,YT1PRS,YU1PRS,YT1FAJ,YT1USB
SS03;Raca ( Sumadija );YT5EA
SS04;Kragujevac ( Sumadija );YU1VI,YU2FG,YU1AAQ,YU1FG,YT1Q,YU2QQQ,YU2RCD,YU1Q,YU1QQ,YU1YO,YT1QQ,YU2KG,YU1VG,YU1RE,YT5TEA,YT2F,YU1ARL,YT1NM,YU1NSK,YU1TRS,YT2DRR,YU1NR,YU5VA,YU5KYL,YU5KVM,YT1NN,YT1FZ,YU2MT,YU2ZN,YT1RD,YT1KTM,YT1ECE,YT2PA,YU2DUG,YU2VS,YU2VKS,YT1KV,YU2KIM,YT3X,YU1OP,YU1OJB,YU2EF,YU1LD,YU2DA,YU1EZ,YU1ZMK,YT3TT,YU1GV,YU1PWO,YU2KPB,YT1NPA,YU1ZM,YU3MA,YT1GRA,YT1SBR,YT1DBI,YT1WWW,YU1EFG,YU4MM,YU4WAN,YT1MPB,YT1MTO,YT5STV,YT1MKR,YT1AID,YU2MSZ,YT1KGW,YT1FQM,YU1PAP,YT1NSK,YU3SSP,YT1MSE,YT1CRX,YU1OTW,YT3ATR,YT1MEM,YU1PAB,YU2KGM,YU8KA,YU5FNN,YU4DEX,YU4MDJ,YU4GGG,YU4COA,YU4SRP,YU4MAD,YU4STF,YU4PPP,YT1TMK,YT1LU,YT1KG,YT1KM,YU2CBM,YU1SMS,YU2RES,YT8IVO,YU4JEL
SS09;Batocina ( Sumadija );YT3SG,YU2MO,YT1RTE,YT2SL
SS10;Knic ( Sumadija );YT1MMI,YT3MKM,YT1PMS,YU2GID,YT1MRS
SS11;Lapovo ( Sumadija );YU2TT,YT1ZP,YT1MZ,YU1YI,YU2AAA,YT1LN,YU1ZIL,YU1TOM
SO01;Jagodina ( Pomoravlje );YU2SD,YU2ML,YU2TC,YU1RZM,YU1PZJ,YT1ESA,YT1MB,YT1FLD,YU2JDV,YU1LH,YT1MD,YU1RNN,YU5CI,YU5MCM,YT2IM,YU1AXY,YU1HZ,YT1PNN,YT1PBJ,YT1AW,YT1RBT,YU2SJZ,YT1PVJ,YU2JNS,YU2RJM,YU2DMS,YU2JNI,YT1MNT,YT1SJK,YU4NMS,YT1MJS,YU4TDA,YU4MBR
SO02;Cuprija ( Pomoravlje );YU1MI,YU1NB,YU8MI,YU2WW,YT1PDM,YU1OZZ,YT1PSF,YT1ZVO,YT1AJS,YT1SAO,YU1ZOR,YT1TDK,YU2NDA,YT3MM,YT1DJC,YT1DDZ,YU4MNM,YT5ABA,YT5JRT,YT5VBA,YT1DO,YT5SAN,YU1WSZ,YT1BIM,YT1ZPM,YT2ZM
SO03;Paracin ( Pomoravlje );YT1AA,YT1AC,YT4A,YU1GUV,YT2PDI,YU1IR,YT1MZD,YT3DYZ,YT5AAJ,YU1RF,YU1PDD,YT1SSU,YT1LCT,YT1IVV,YT1VSV,YU4DZP,YU1PBJ,YU4SMS,YU4SNS,YU4MIK,YU4BPN,YU4PMD,YU4PAL,YU4PAK,YU4LAZ,YU4VSV,YU4MBU,YU1TA,YU1DL,YU2PN,YT1ZO,YU3JDJ,YU2PMD,YU4NTA,YU4SIK,YU4SDV,YU4MAT,YU4RAD,YT8JSB,YT3DM,YT2XXX,YU4GUV,YU4MBW,YU4PNG,YU4CZV,YU4JRP,YT2DE,YT1MR,YT1WXY,YU1PLD,YU0VPN,YU4GNH,YU4NBT
SO04;Svilajnac ( Pomoravlje );YU1ARC,YU5R,YT1KS,YT1MP,YU1SND,YT2FSG,YU1VKS,YU1UK,YT3PL,YU2MN,YT1PML,YT1RMK,YU1PXB,YT1EAF,YT1EGC,YT1PPB,YT1DDC,YT1PMJ,YT2VDA,YT1ELE,YT1PVS,YU1PGJ
SO05;Despotovac ( Pomoravlje );YT2AZD,YT1DID,YU4JVJ,YT1DRL,YT1RIJ,YT1IZJ,YU1SMR,YT1MST
SO06;Rekovac ( Pomoravlje );YU1RSV,YT1NQ,YT1MRF
SR01;Bor            ;YT1KC,YU1UD,YU1SC,YT1ER,YT1AMB,YU2CUB,YT1CBC,YU2GSS,YT1EIU,YT1FZB,YU2GVM,YT1ESB,YT1BM,YU1SI,YU1TTD,YT1SD,YU2FNR,YT1TNG,YT1TTB,YT1ZEZ,YU1BOR,YT1BRR,YU5DP,YU1TTA,YT1WB,YU4DAZ,YU4IOZ
SR02;Kladovo ( Bor );YU2U,YU1TY,YU5LD,YU1RC,YU1NTZ,YU1KLD,YT1PPH
SR03;Majdanpek ( Bor );YT1ZSM
SR04;Negotin ( Bor );YT1MVR,YT1FQY,YU1PY,YU2PX,YT1TMT,YT1FRK,YT1VHS,YT1DIG,YT1MSP,YT1COS,YT1EVB,YT1BNR,YT1EZB,YU2MAM,YT1RMF,YT1NBV,YT1RTN
SZ01;Boljevac ( Zajecar );YT1KAS,YT1GEL
SZ02;Knjazevac ( Zajecar );YT1ZOR,YT2RM,YT1KBC,YU2FVV,YU1KP,YT1ZMR,YT1MKD,YT1KMM,YU2LSM,YT1LSG,YT1KDP,YU1FWX,YU5KBM,YT1KZK,YT2TTL,YU4IVA,YT8BSV,YU4DGK,YU4IKE,YU4PLG,YT8MCK,YT1ZMN,YU2JZ,YT1DDJ,YU2KBI
SZ03;Zajecar ( Zajecar );YT1Z,YU1YJ,YT3E,YT150Z,YU1ACR,YU8ACR,YU1TMP,YT1WN,YT1ORB,YT1ORZ,YU1LZ,YT1WR,YT1ODZ,YT1ZKN,YT1SDJ,YU1PD,YU1SV,YT1DEJ,YT1BIN,YT1PRE,YU1QRP,YU2CW,YT1FKC,YT1BPD,YT1EAQ,YT1RC,YT1EWD,YT1ZDM,YT1FDN,YT1RL,YT1BDJ,YT1RAA,YT1MJF,YU3MS,YT1EHI,YT1JFR,YT1MKK,YT1ACA,YT1EEI,YT7RKS,YU2MJ,YT1BZB,YT1BTR,YT1DJR,YU2GGA,YU1UL,YT1SAG,YT1RUR,YT1ZT,YT1BLF,YT1MFM,YT1AGC,YT1ETD,YT1NVM,YT1MVL,YU4SAM,YT1MOS,YT1MVH,YT8MDS,YU2FRO,YU1ZVS,YT1ROK,YU4GSS,YU4SSM,YT2FON,YT1JMA,YT1MVE,YT7VBA,YU4ORD,YU4KWW,YU4LEP,YU4JAK,YU1ATZ,YT1JTG,YT1JSG,YT1PMG,YT1SNP,YT1MBG,YT1SPG,YT1ROT,YT1MTS,YT1VNV,YT2EU,YT1FDU,YT1PAC,YT1DBG,YT1KDO
SZ04;Sokobanja ( Zajecar );YU175SB,YT178SB,YU1KN,YU8KN,YU2MV,YT1DJ,YU2MRS,YU1MG,YT1GZS,YT1XMD,YU1ZMS,YU2MD,YT1VBS,YU5SMS,YU1ASB,YU1SSI,YT3CWW,YT1SDD,YU1TPL,YT1ZNS
ST01;Bajina Basta ( Zlatibor );YT8WW,YU1BBA,YT1MMV
ST02;Kosjeric ( Zlatibor );YT1LS,YU2KBM,YT1KBB,YU2PT,YU2RRK,YT1EM,YT1LM,YT1RMB
ST03;Uzice ( Zlatibor );YU1ABH,YU1FLM,YT2W,YU1ACE,YT1R,YU1XA,YU1UN,YU1JW,YT0W,YU1WS,YU0T,YU1JZ,YU1AN,YT0Z,YT9TP,YZ1U,YU2ZZ,YT1RA,YT2ABV,YT1UR,YU1RID,YT1IT,YU1QD,YT9NX,YU2PV,YU1HH,YT9DX,YU2EE,YU2EN,YU2AUE,YU2EU,YU1FY,YT1GDU,YT1GMU,YU1UF,YU2GM,YU2TD,YU1VP,YU2VM,YT3ANA,YT1EA,YT2MA,YT1GR,YT3IGI,YU2AAB,YU2EXE,YT1SSK,YT1EXE,YU2ENA,YU1WE,YU8UTI,YU2AWW,YU1TTL,YT5WW,YU0XUE,YU5PRO,YU4RAA,YU4JSH,YU1TRG,YU4EEA,YU2OXA,YU4ERA,YU2AAR
ST04;Pozega ( Zlatibor );YU5VM,YU1RIB,YT1DTV,YT2EM,YU1SES,YT1CDP,YT1DPL,YT1ASV,YT1ZVP,YT1DMP,YU2SDM,YT1DRX
ST05;Cajetina ( Zlatibor );YU1UH,YT2A,YU3ACP,YU2EZ,YZ1EZ,YZ2Z,YT1ZC,YT1EKX,YT1EXX,YU2MS,YU3ACO
ST06;Arilje ( Zlatibor );YU1AIF,YU4DX,YU3CW,YU1XU,YT1JB,YU3FX,YT1ZA,YT1DSA,YT1NNA,YU3MSV,YT3PBA,YU0VAR
ST07;Priboj ( Zlatibor );YU3KUM,YU1VUK
ST08;Nova Varos ( Zlatibor );YT1PSN,YT1NVS
ST09;Prijepolje ( Zlatibor );YU1DZ,YU1WAA,YU1ANM,YT1EHR,YU0VPP,YU4MKS,YU4DHM
ST10;Sjenica ( Zlatibor );YT1ZAR
ST11;Sevojno ( Zlatibor );YU1AAX,YT9X,YT1CW,YT1RU,YT1RW,YT8T,YU2RA,YU1ZZ,YU2STR,YU2OM,YT1RX,YT1BOL,YU2AVS,YU4RSE
SC01;Cacak ( Moravica );YU1IG,YT9M,YU9CF,YU3MMM,YT1UM,YU1EL,YT5G,YT9C,YT1PBC,YU1RDC,YU1RDD,YT1MK,YT1CMB,YT1TV,YU2SS,YT1KMA,YT2DDV,YT1VMA,YT1CMM,YT1AMG,YT1TD,YT1LO,YT1CVM,YU2MI,YT3LA,YT1JBC,YT1MCJ,YT1ZMC,YT1MGC,YU1OXB,YT8LJU,YU4FRC,YT8PFC,YU4RRA,YU1RZS,YT1CZZ,YT1GCB,YT5KW
SC02;Gornji Milanovac ( Moravica );YU5M,YU1AEK,YU5GM,YU1GN,4N1GM,YT5YTT,YU1PET,YT5ZZ,YU5PD,YU5PXC,YU1VMZ,YU1GO,YU3EY,YU1PXM,YU4SAJ,YU1RAD
SC03;Lucani ( Moravica );
SC04;Ivanjica ( Moravica );YU2ZMR,YT1KSV,YT1IRT,YT1DDD,YU4SIM,YU5MP,YT1IBD
SA01;Kraljevo ( Raska );YT1A,YU9MBA,YU1KU,YT3M,YT6M,YT1BB,YT3MA,YT2KMD,YT1EZL,YU2MDC,YT1MJC,YT1DPA,YT1ASM,YT1LRR,YT1RK,YT1RGA,YT1JRA,YT1BCM,YT1BLU,YT1NVV,YU1DKL,YU1PGS,YU1SRD,YU1TBR,YU1OSA,YT1CBR,YT3MN,YU2ACO,YT1AR,YT1JKM,YT1DKM,YT1DJS,YU2LJ,YU5KBS,YU1XT,YU1XD,YU1STA,YU1POC,YT1USA,YT1KDC,YT1NUS,YT1ZTA,YT1ATV,YT1NBS,YT1EMI,YT1BDK,YT1GKJ,YT1BKK,YT1OSM,YT1NDO,YU1CKV,YT2VMA,YU2MIR,YU2CS,YT1PRC,YT1KUJ,YT1AD,YT3AYL,YT2ENO,YT3VKV,YT3AAW,YT5BMW,YU3AKA,YT3RJ,YT1RMI,YU1AKV,YU4VAZ,YU4RAK,YU4MIA,YU4JOV,YU4DOV,YU4BAV,YU4MAR,YU4LAV,YT2TMM,YT2RAD,YT1MBE,YT1KB,YT1NVK,YT1MDU,YU1SDK,YT1MKG,YT1ZBK
SA02;Vrnjacka Banja ( Raska );YU5W,YU1QW,YT2VPB,YU1BT,YT1MW,YT1RIN,YT7BW,YU1VBM,YT1EW,YU3BIA,YT2NW
SA03;Raska ( Raska );YT1NP,YT5CWW,YU1R,YT3TA,YU1ABG,YT1ZE,YU2PC,YT1DC,YU2KBS,YT1NR,YT2CIG,YT2RRB,YU2VNR,YT5BUN,YT1CAJ,YT5OKI,YT8TRI,YT1DVJ,YU2KIS,YU2ACW,YT2RTM,YT5MIX,YT5OGI,YU1RAS,YT5YTY,YT5DIS,YT1MDN,YT1PWC,YT1ASD,YT1CRB,YT8CAR,YT1CAR,YT1GIN,YT8UKI,YT1VMN,YT1PIC,YT1ADD,YT1PTJ,YT1NKP,YT8SMK,YT1OZN,YT8SRB,YT1KKL,YT1BZS,YT8BZS,YT8KDB,YT8KBL,YU0VRA,YT1XXL,YU2ZID,YT1BOC,YT1TSJ,YT8LOV,YT1MPV
SA04;Novi Pazar ( Raska );YT2IS,YT2ISM,YT1BIA,YU2DRM,YT2RS,YU1NDJ
SA05;Tutin ( Raska );
SI01;Varvarin ( Rasina );YT1TPD,YU1UUM,YU4GAS,YU1HG,YT3MMS,YT3SMS,YT3NMS,YU1TPD,YT1TVL,YT1ASP,YT1JSO,YT1PNP
SI02;Trstenik ( Rasina );YT9W,YU2AAW,YT2TRL,YT1RGR,YU1CZ,YT1MRG,YT1DPI,YT1TPK,YT1DRD,YT1SCS,YT1MAS,YT1TZR,YU1TBV,YU5FM,YU1IMN,YT2SBT,YT1ARS,YT1VPS,YT1DRG,YT1ART,YU2MA,YT3TPS,YU2XXX,YT1TSG,YT1VDT,YU5MDM,YT1RIC,YU1RES,YT2ZE,YU1TAD,YT2VST,YT1TMG,YT1DKA,YT1MTL,YT1TDS,YT2PET,YT2GMT,YT1SDU,YU0VTS,YT1DTK,YT5LAZ
SI03;Cicevac ( Rasina );YT2AA,YU1KX,YU1EQ,YT3AA,YT1SLA,YT1IND,YT1VGC,YT1DJM,YU1RAI,YT1RWG,YT1SCP,YT1IZP,YT1ADJ,YT1PDG,YT1RGC,YT1KRS,YT1AKD,YT1NMK
SI04;Krusevac ( Rasina );YT2L,YU1CF,YT1KSC,YT2KID,YU1SS,YT5A,YU1SZ,YT1KOS,YT1TS,YT1DSM,YT2KSK,YU2BMK,YT8DKP,YT1MAP,YT1TAR,YU1IV,YT1XT,YU2DIM,YU1SN,YU2MSM,YT2JYL,YT1LGK,YT1VMK,YU2HUN,YU1ADO,YT1OSI,YT8KDJ,YT1RLK,YT1ZBZ,YT1MKM,YT2SSK,YT1JML,YU0VKS,YU0UKS,YU0VKR,YU2LFC,YU4NDJ,YT8MIR,YU4AYZ,YU1DT,YU1GZ,YT1ZRK,YT1XXX,YT2SMG,YT1RG,YT5VDL,YT2LOV,YT1MNV,YU1TID,YT2DDK,YT2DSG,YT1GSL,YT1VFL,YT1SNL,YT1LVL,YT1LMP,YT1SUL,YT1LRM,YT1SLK,YT1LDS,YT2SMT,YT1MSV,YT1RTI,YT2KUM,YT1LOS,YT1MJK,YT2DDD,YT1VDR,YT2MMG,YT8MBT
SI05;Aleksandrovac ( Rasina );YU1KZ,YT1SMS,YT1BAH,YU1TW,YT1ZZS
SI06;Brus ( Rasina );YT1NPK
SN01;Aleksinac ( Nis );YU1MR,YU1WL,YU1SBA,YU1XG,YU1IS,YU1AEE,YU1SSS,YU1DC,YU1QS,YT2MS,YU1VSO,YT1SKL,YU1GG,YT1SOE,YT1AMN,YT1ACE,YU2DSA,YT5BOS,YU2MBM,YT1MBF,YU2CBA,YT1ADF,YT1ASK,YU1SAT,YU2ERO,YT1TMO,YT1DGM,YT1OV
SN02;Svrljig ( Nis );YT1MZO,YU2MZV,YU1VL,YT1CZI
SN03;Merosina ( Nis );
SN04;Razanj ( Nis );YU2KRR,YT1ABR
SN05;Medijana ( Nis );YT5TT,YU1KB,YU2A,YU8NU,YT1BX,YT2B,YU1AST,YU2EA,YT1DJN,YU1QJ,YU1XE,YU1NBB,YU1TTT,YU1NIS,YT2II,YT2T,YU1RNM,YT1ZW,YT9VM,YU4MAB
SN06;Niska Banja ( Nis );YT1NEN,YT1NOL
SN07;Palilula ( Nis );YU1LC,YU5SD,YU1TP,YU8DX,YU1CC,YT6TT,YU1NI,YT2ZN,YT2ACA,YT1SAP
SN08;Pantelej ( Nis );YT1KIB,YU1TN,YT1NIV,YT1TKM
SN09;Crveni Krst ( Nis );YU1DGH
SN10;Boljevac ( Nis );
SN11;Gadzin Han ( Nis );
SL01;Prokuplje ( Prokuplje );YT2FA,YT1CZP,YT1ABJ,YU8SB,YU2MCM,YT1CIP,YT1DVD,YT1SMO,YT1BJ,YT1GNZ
SL02;Blace ( Prokuplje );YT1MZN,YT2VZ,YT1PKT,YU1WM,YT8DBL
SL03;Kursumlija ( Prokuplje );YU2DD,YU8PDD,YU8PKM,YU8NMR,YT8BOM,YU8RGR,YT8KRU
SL04;Zitoradja ( Prokuplje );
SF01;Bela Palanka ( Pirot );YU3FCM,YT2LSM,YU1BPA,YT1USM,YT1APU,YT8SSG,YT1LDM,YU4JMS,YT1MGS,YU0UPI,YU0XPI
SF02;Pirot ( Pirot );YU1SMM,YU2DVD,YU2DXB,YT1MYY,YU1OXK,YU1PRM,YT1HAS,YT1HAC,YU1NSD,YT1AIB,YU1NGX,YU1TTN,YT1NT,YT1BSK,YU1INO,YU0VPI,YT1NL,YU1PBC,YU2AMG,YU2TDI,YT1BV,YT8PSM,YU4MAP,YU4KIM
SF03;Babusnica ( Pirot );YU4IDB,YU4TVK,YU4ZRK
SF04;Dimitrovgrad ( Pirot );YT2FPS,YT2SMS,YU2DTA,YT2PBG,YT2BTA,YT2MPM,YT2EA,YT2TA,YU1AHW,YT5ACA,YU2JDN,YT2HAM,YT2IKA,YT1MMK,YT1DVI,YT1JSN,YT1KKD,YU4EZG,YU1TDD,YU4KIK,YU0VDG
SJ01;Leskovac ( Jablanica );YT1EQP,YU5YL,YU5T,YU5C,YT0I,YU1STZ,YU5EQP,YU1TS,YT1ML,YT1JR,YU1TDI,YT1TSL,YU1ZIP,YT1PNS,YU1TO,YT1JSR,YU1HFG,YU6YL,YU1AS,YU1NGR,YU2FBJ,YU1NIM,YU9RVA,YU5PML,YU5DML,YU1SNS,YT1SDL,YT1AML,YT1LIK,YT1NML,YU5AKA,YU3EMA,YU3LAX,YU1ML,YU2DSL,YU1OO,YU3MP,YU5DJZ,YT1MNL,YT8DDA,YU4SSS,YU3VIP,YT1SSI,YT1LLN,YT1RVL,YT1PIV,YU1XDL,YU4RGA,YU4LEO,YU4MIL,YU4ZEK,YU4WWW,YU4MIT,YT8MBF,YT8BIB,YU4RIS,YU4MLD,YU4NBN,YU4NBM,YT8NMN,YU4DMX,YT1JPZ,YT1MNK,YU5LE,YU4LAN,YT1EAI,YT1CNS,YT1MGH,YT1SGL,YT1KAL,YT1SSC,YT1SSE,YU2SJ,YT1ZJJ
SJ02;Bojnik ( Jablanica );
SJ03;Lebane ( Jablanica );YT5DX,YT1NNJ
SJ04;Medvedja ( Jablanica );YT1CLM,YT1SZL
SJ05;Vlasotince ( Jablanica );YT1NC,YT1MRL
SJ06;Crna Trava ( Jablanica );
SV01;Vladicin Han ( Jablanica );YT1CEF,YT1LJM,YT1SDV,YU1TE,YT1OJS,YT1PN,YU1AIH,YT1RRH,YU2HPP,YU1O
SV02;Surdulica ( Jablanica );YT1CS,YT1SGA,YT1SCJ,YT1DZA,YT1PDJ,YU1KFG
SV03;Bosilegrad ( Jablanica );
SV04;Trgoviste ( Jablanica );
SV05;Vranje ( Jablanica );YU2CNV,YU1SVR,YT1DEO,YU2DNM,YT1MAX,YU2DNK,YU2LOV
SV06;Bujanovac ( Jablanica );YT1OSZ
SV07;Presevo ( Jablanica );
SV08;Vranjska Banja ( Jablanica );
KK01;Glogovac ( Kosovski Okrug );
KK02;Kačanik ( Kosovski Okrug );
KK03;Kosovo Polje ( Kosovski Okrug );YU8TDI,YT1LZM
KK04;Lipljan ( Kosovski Okrug );YT1DNB
KK05;Obilić ( Kosovski Okrug );YT8MDD,YT8MDB
KK06;Podujevo ( Kosovski Okrug );
KK07;Priština ( Kosovski Okrug );YU8RD,YU8NMG,YT8MNM,YU8KB,YT8BLD,YT8ESI,YT8ESG,YU8SRK,YT1KNP,YT8GCA,YT1ZAP,YT1MNG,YT8EDL,YT1STC,YT1TDC,YT1GMF,YT1KNS
KK08;Uroševac ( Kosovski Okrug );YT1LND
KK09;Štimlje ( Kosovski Okrug );
KK10;Štrpce ( Kosovski Okrug );YU8NPI,YT8BPN,YT8BRD,YT8BAS,YT8BRN,YT8BSA,YT8BNN,YU8NZN,YT8BBN,YT8CIB,YU8NZV,YU8NMI,YU8NMS,YT8BDZ,YT8BMM,YT8BSC,YT8BDC,YT8BZD,YT8BZM,YT1SDH,YT1SDQ,YT1SBJ,YT8BSM,YT1SSG,YT1SKB,YT1SKC,YT1SMU,YT1SOC,YT8BLN,YU1NTB
KM01;Vučitrn ( Kosovo-Mitrovacki Okrug );YT8PZK
KM02;Zubin Potok ( Kosovo-Mitrovacki Okrug );
KM03;Leposavić ( Kosovo-Mitrovacki Okrug );YU8NSM,YT1LBR,YT1LMV,YT1LMA,YT1LMC,YT1LSR,YT1LPA,YT1LVN,YT1LRD,YT1LPB,YT1LBZ,YT1LDJ,YU8VJ,YT1LGM,YT1LMO,YT1LSN,YT1LRV,YT1LMF,YT1LMH
KM04;Srbica ( Kosovo-Mitrovacki Okrug );
KM05;Kosovska Mitrovica ( Kosovo-Mitrovacki Okrug );YT8KMO,YT8FKM,YU8NND,YT8FMR,YT8KRJ,YT8KMM,YT8KZM,YT8KMK,YT8KDS,YT8KBD,YT8KNS,YT8KKM,YT8KBS,YT8KBN,YT8KVJ,YT8KDT,YT8KAS,YT8KVS,YT8KJS,YT8KMI,YT8FDM,YT8FJD,YT8FRM,YU8KSD,YT8FAL,YT8FMV,YT8FZK,YT8FIM,YT8FAM,YT8MSP,YT1PKA,YT1KMF,YT8KSD,YT8KIZ,YT1ZCS
KM06;Zvečan ( Kosovo-Mitrovacki Okrug );YU8ZBZ,YT8FDS,YT8FDN,YU0VKM,YT8FNM,YT1ZBD,YT1ZPS,YT1ZVR,YT1ZRM,YT1ZML,YT1ZRZ,YT1ZMO,YT1ZRJ,YT1ZGL,YT1ZMF,YT1ZUR,YT8FVT,YU1SVL,YT1ZKM,YT1ZFS,YT1ZME,YT1ZRB,YT1ZVN,YT1ZZB
KP01;Vitina ( Kosovsko-Pomoravski  Okrug );
KP02;Gnjilane ( Kosovsko-Pomoravski  Okrug );YT1GSA,YT1GVA,YT1GZC,YT1GNN
KP03;Kosovska Kamenica ( Kosovsko-Pomoravski  Okrug );
KP04;Novo Brdo ( Kosovsko-Pomoravski  Okrug );
KZ01;Orahovac ( Prizrenski Okrug );
KZ02;Prizren ( Prizrenski Okrug );YT8BFG
KZ03;Suva Reka ( Prizrenski Okrug );YT8FAN
KZ04;Gora-Dragaš ( Prizrenski Okrug );
KC01;Dečani ( Pecki  Okrug );
KC02;Đakovica ( Pecki  Okrug );
KC03;Istok ( Pecki  Okrug );YT7ALE
KC04;Klina ( Pecki  Okrug );
KC05;Peć ( Pecki  Okrug );YU8MA,YT1GMA
